standort;klasser;idr;BookletT1;BookletT2;s1m11a091;s1m11a101;s1m11a111;s1m11b131;s1m11b141;s1m11b151;s1m12a171;s1m12a191;s1m12a671;s1m12b021;s1m12b021neu;s1m12b201;s1m21a231;s1m21a241;s1m21a291;s1m21b032;s1m21b052;s1m21b261;s1m21b262;s1m22a013;s1m22a022neu;s1m22a082;s1m22b043;s1m22b073;s1m22b511;s1m23a081;s1m23a301;s1m23a311;s1m23b331;s1m23b351;s1m23b651;s1m24a371;s1m24a391;s1m24a421;s1m24b053;s1m24b401;s1m24b411;s1m31a452;s1m31a461;s1m31a471;s1m31b044;s1m31b083;s1m31b481;s1m32a011;s1m32a031;s1m32a431;s1m32b054;s1m32b062;s1m32b072;s1m33a012;s1m33a531;s1m33a541;s1m33b074;s1m33b561;s1m33b571;s1m34a281;s1m34a451;s1m34a631;s1m34b023;s1m34b023neu;s1m34b051;s1m34b084;s2m11a091;s2m11a101;s2m11a111;s2m11b131;s2m11b141;s2m11b151;s2m12a171;s2m12a191;s2m12a671;s2m12b021;s2m12b201;s2m21a231;s2m21a241;s2m21a291;s2m21b032;s2m21b052;s2m21b261;s2m21b262;s2m22a013;s2m22a082;s2m22b043;s2m22b073;s2m22b511;s2m23a081;s2m23a301;s2m23a311;s2m23b331;s2m23b351;s2m23b651;s2m24a371;s2m24a391;s2m24a421;s2m24b053;s2m24b401;s2m24b411;s2m31a452;s2m31a461;s2m31a471;s2m31b044;s2m31b083;s2m31b481;s2m32a011;s2m32a031;s2m32a431;s2m32b054;s2m32b062;s2m32b072;s2m33a012;s2m33a531;s2m33a541;s2m33b074;s2m33b561;s2m33b571;s2m34a281;s2m34a451;s2m34a631;s2m34b023;s2m34b051;s2m34b084
1;1011;101101;1;1;1;9999;0;9999;0;9999;9999;9999;0;9999;9999;0;9999;9999;9999;0;9999;9999;9999;0;9999;9999;1;9999;0;9999;9999;0;0;9999;0;9999;0;9999;0;666;9999;9999;9999;0;1;9999;0;0;0;9999;0;9999;9999;0;0;1;9999;9999;9999;0;9999;0;9999;9999;9999;9999;9999;1;9999;0;9999;0;0;0;9999;0;9999;9999;0;1;9999;9999;1;1;9999;0;9999;1;9999;1;1;9999;9999;0;9999;0;9999;0;9999;9999;1;0;0;9999;9999;0;9999;9999;9999;1;9999;0;1;9999;9999;9999;1;0;0;9999;0;9999;0;9999;0
1;1011;101102;2;2;9999;0;9999;0;0;9999;9999;1;9999;9999;1;1;0;666;9999;9999;9999;1;0;0;0;9999;9999;0;9999;9999;9999;9999;9999;0;0;1;9999;1;9999;0;9999;0;0;9999;9999;9999;0;1;9999;9999;9999;0;1;0;9999;9999;1;9999;0;1;0;9999;9999;0;9999;9999;666;9999;666;9999;9999;666;666;9999;666;9999;9999;9999;9999;666;666;666;9999;9999;9999;666;0;9999;666;666;9999;666;666;9999;9999;9999;666;9999;666;9999;666;9999;9999;666;0;666;9999;9999;666;666;666;9999;9999;9999;0;666;9999;666;9999;9999;9999;666;9999;666;666
1;1011;101103;3;3;0;666;0;9999;9999;9999;9999;9999;0;0;0;9999;9999;9999;9999;0;9999;0;0;9999;0;0;0;9999;0;9999;9999;0;0;9999;9999;9999;0;0;0;9999;9999;9999;0;0;0;9999;9999;9999;0;9999;0;0;9999;9999;0;0;9999;9999;666;9999;9999;0;0;0;9999;9999;9999;9999;9999;0;666;0;0;1;9999;9999;1;666;0;1;9999;9999;9999;9999;666;9999;9999;0;9999;1;9999;9999;9999;0;666;1;9999;9999;9999;666;0;0;9999;9999;9999;0;1;666;9999;0;9999;9999;0;666;9999;9999;0;0;9999;1;0;9999;9999;9999;0
1;1011;101104;4;4;666;9999;9999;0;9999;0;0;0;9999;9999;9999;9999;9999;0;0;666;9999;9999;9999;9999;9999;0;0;0;9999;0;9999;9999;666;0;9999;0;666;9999;9999;9999;0;0;9999;9999;0;0;9999;9999;666;0;9999;9999;0;9999;0;9999;0;0;9999;9999;0;666;9999;9999;9999;0;9999;0;1;9999;1;9999;9999;9999;1;0;1;0;9999;9999;9999;0;1;0;0;0;9999;9999;1;9999;1;0;9999;9999;0;9999;9999;0;0;1;9999;9999;0;1;9999;9999;0;1;9999;9999;0;0;9999;0;9999;0;9999;9999;0;1;9999;9999;0;0;9999
1;1011;101105;5;5;9999;1;9999;9999;0;0;0;9999;9999;9999;1;0;0;9999;0;9999;9999;1;0;1;0;0;9999;9999;9999;0;9999;9999;9999;9999;1;9999;9999;0;9999;0;1;9999;0;9999;9999;0;0;0;9999;0;9999;0;9999;0;9999;9999;9999;0;0;1;9999;9999;9999;0;9999;0;0;9999;0;0;9999;9999;9999;0;1;9999;9999;9999;0;9999;1;1;9999;9999;9999;9999;0;0;1;9999;9999;0;1;0;9999;0;1;9999;0;9999;9999;0;9999;1;0;9999;9999;9999;1;9999;1;9999;1;9999;0;0;1;9999;9999;9999;1;0;9999;0;9999
1;1011;101106;6;6;9999;9999;0;0;9999;0;0;1;0;9999;9999;9999;9999;0;0;9999;0;9999;9999;9999;9999;0;9999;0;0;0;9999;1;9999;0;9999;0;9999;9999;0;9999;0;0;9999;0;9999;0;9999;9999;9999;1;0;9999;0;9999;9999;1;1;0;9999;9999;0;9999;9999;9999;0;0;0;0;9999;9999;0;9999;9999;9999;9999;0;1;0;9999;9999;0;9999;1;1;0;9999;1;9999;9999;9999;1;9999;0;9999;0;9999;1;1;9999;0;9999;9999;0;9999;0;9999;1;1;0;9999;9999;0;9999;1;1;9999;9999;9999;1;0;9999;1;0;9999;9999
1;1011;101107;1;1;0;9999;0;9999;0;9999;9999;9999;0;9999;9999;0;0;9999;9999;0;0;9999;9999;1;9999;9999;1;9999;0;9999;9999;0;1;9999;0;9999;0;9999;0;666;9999;9999;9999;0;1;9999;0;1;0;9999;0;9999;9999;0;0;1;9999;9999;9999;0;9999;0;9999;9999;0;9999;9999;0;9999;0;9999;0;0;1;9999;0;9999;9999;0;0;9999;9999;1;1;9999;0;9999;0;9999;0;0;9999;9999;1;9999;0;9999;0;9999;9999;0;0;0;9999;9999;0;9999;9999;9999;0;9999;0;1;9999;9999;9999;1;1;0;9999;0;9999;0;9999;0
1;1011;101108;2;2;9999;666;9999;666;0;9999;9999;666;9999;9999;1;1;0;666;9999;9999;9999;1;0;0;0;9999;9999;666;9999;9999;9999;9999;9999;666;0;666;9999;0;9999;0;9999;666;0;9999;9999;9999;0;1;9999;9999;9999;0;666;0;9999;9999;666;9999;666;1;666;9999;9999;0;9999;9999;1;9999;666;9999;9999;666;0;9999;666;9999;9999;9999;9999;666;0;666;9999;9999;9999;9999;1;9999;666;1;9999;666;1;9999;9999;9999;1;9999;666;9999;666;9999;9999;666;1;0;9999;9999;1;666;666;9999;9999;9999;0;666;9999;0;9999;9999;9999;1;9999;666;0
1;1011;101109;3;3;1;1;1;9999;9999;9999;9999;9999;0;9999;1;9999;9999;9999;9999;0;1;1;1;9999;0;9999;1;9999;0;9999;9999;1;1;9999;9999;9999;1;1;1;9999;9999;9999;0;0;1;9999;9999;9999;0;9999;1;1;9999;9999;1;1;9999;9999;1;9999;9999;0;9999;1;1;9999;9999;9999;9999;1;1;1;0;1;9999;9999;1;666;0;1;9999;9999;9999;9999;1;0;9999;1;9999;1;9999;9999;9999;1;1;1;9999;9999;9999;666;1;1;9999;9999;9999;1;1;1;9999;1;9999;9999;1;1;9999;9999;1;1;9999;1;1;9999;9999;9999;1
1;1011;101110;4;4;0;9999;9999;0;9999;0;0;1;9999;9999;9999;9999;9999;0;0;0;9999;9999;9999;9999;9999;0;1;0;9999;0;9999;9999;1;0;9999;0;0;9999;9999;9999;0;0;9999;9999;1;0;9999;9999;0;0;9999;9999;1;9999;1;9999;1;0;9999;9999;0;1;9999;9999;9999;0;9999;0;0;9999;0;9999;9999;9999;1;0;1;0;9999;9999;9999;0;1;1;0;9999;9999;9999;0;9999;1;0;9999;9999;0;9999;9999;0;0;0;9999;9999;0;0;9999;9999;0;1;9999;9999;0;0;9999;0;9999;1;9999;9999;1;0;9999;9999;0;0;9999
1;1011;101111;5;5;9999;0;9999;9999;0;666;666;9999;9999;9999;1;0;0;9999;666;9999;9999;0;0;0;0;9999;9999;9999;9999;1;9999;9999;9999;9999;0;9999;9999;0;9999;0;666;9999;0;9999;9999;666;1;0;9999;666;9999;0;9999;0;9999;9999;9999;666;0;1;9999;9999;9999;0;9999;666;0;9999;0;0;9999;9999;9999;0;1;9999;9999;9999;666;9999;1;1;9999;9999;9999;9999;1;0;0;9999;9999;0;0;0;9999;1;0;9999;0;9999;9999;0;9999;0;0;9999;9999;9999;1;9999;0;9999;0;9999;0;0;1;9999;9999;9999;0;0;9999;0;9999
1;1011;101112;6;6;9999;9999;0;0;9999;0;0;1;0;9999;9999;9999;9999;0;0;9999;0;9999;9999;9999;9999;0;9999;0;0;1;9999;0;9999;0;9999;0;9999;9999;0;9999;0;0;9999;0;9999;0;9999;9999;9999;1;0;9999;0;9999;9999;0;0;0;9999;9999;0;9999;9999;9999;1;1;0;1;9999;9999;0;9999;9999;9999;9999;0;1;0;9999;9999;0;9999;0;1;1;9999;1;9999;9999;9999;1;9999;0;9999;0;9999;0;1;9999;0;9999;9999;0;9999;1;9999;0;1;0;9999;9999;0;9999;0;0;9999;9999;9999;0;0;9999;0;0;9999;9999
1;1011;101113;1;1;0;9999;0;9999;0;9999;9999;9999;0;9999;9999;0;0;9999;9999;0;1;9999;9999;1;9999;9999;0;9999;0;9999;9999;0;0;9999;0;9999;0;9999;0;0;9999;9999;9999;0;0;9999;0;1;0;9999;0;9999;9999;0;1;0;9999;9999;9999;0;9999;1;9999;9999;1;9999;9999;0;9999;0;9999;666;0;1;9999;1;9999;9999;0;666;9999;9999;1;1;9999;0;9999;0;9999;1;0;9999;9999;0;9999;0;9999;1;9999;9999;666;0;0;9999;9999;0;9999;9999;9999;666;9999;1;1;9999;9999;9999;1;666;1;9999;0;9999;1;9999;0
1;1011;101114;2;2;9999;0;9999;0;0;9999;9999;0;9999;9999;1;0;0;0;9999;9999;9999;1;1;0;0;9999;9999;0;9999;9999;9999;9999;9999;0;0;0;9999;1;9999;0;9999;0;0;9999;9999;9999;1;1;9999;9999;9999;0;0;0;9999;9999;1;9999;0;1;0;9999;9999;0;9999;9999;0;9999;0;9999;9999;0;0;9999;0;9999;9999;9999;9999;1;1;0;9999;9999;9999;0;0;9999;0;1;9999;0;1;9999;9999;9999;0;9999;0;9999;0;9999;9999;1;1;0;9999;9999;0;1;0;9999;9999;9999;0;666;9999;0;9999;9999;9999;1;9999;0;0
1;1011;101115;9999;6;9999;9999;9999;9999;9999;9999;9999;9999;9999;9999;9999;9999;9999;9999;9999;9999;9999;9999;9999;9999;9999;9999;9999;9999;9999;9999;9999;9999;9999;9999;9999;9999;9999;9999;9999;9999;9999;9999;9999;9999;9999;9999;9999;9999;9999;9999;9999;9999;9999;9999;9999;9999;9999;9999;9999;9999;9999;9999;9999;9999;9999;9999;0;0;9999;9999;0;9999;9999;9999;9999;0;1;0;9999;9999;0;9999;0;1;0;9999;0;9999;9999;9999;0;9999;0;9999;0;9999;0;0;9999;0;9999;9999;1;9999;0;9999;0;1;1;9999;9999;0;9999;0;1;9999;9999;9999;0;1;9999;1;0;9999;9999
1;1021;102101;3;3;0;666;0;9999;9999;9999;9999;9999;0;9999;0;9999;9999;9999;9999;0;1;0;1;9999;0;9999;1;9999;0;9999;666;0;0;9999;9999;9999;0;1;0;9999;9999;9999;0;0;1;9999;9999;9999;0;9999;0;0;9999;9999;0;1;9999;9999;666;9999;9999;1;9999;0;1;9999;9999;9999;9999;1;1;1;0;1;9999;9999;1;1;0;1;9999;9999;9999;9999;0;0;9999;0;9999;1;9999;9999;9999;1;0;1;9999;9999;9999;0;0;0;9999;9999;9999;0;0;0;9999;1;9999;9999;0;0;9999;9999;1;0;9999;1;1;9999;9999;9999;0
1;1021;102102;4;4;0;9999;9999;0;9999;0;0;1;9999;9999;9999;9999;9999;0;0;0;9999;9999;9999;9999;9999;9999;0;1;9999;1;9999;9999;1;0;9999;1;0;9999;9999;9999;0;0;9999;9999;1;1;9999;9999;0;1;9999;9999;1;9999;0;9999;1;0;9999;9999;1;1;9999;9999;9999;0;9999;1;0;9999;0;9999;9999;9999;0;0;1;1;9999;9999;9999;1;1;1;0;9999;9999;9999;1;9999;1;1;9999;9999;0;9999;9999;1;0;1;9999;9999;0;1;9999;9999;1;0;9999;9999;1;1;9999;1;9999;0;9999;9999;0;1;9999;9999;0;1;9999
1;1021;102103;5;5;9999;9999;9999;9999;9999;9999;9999;9999;9999;9999;9999;9999;9999;9999;9999;9999;9999;9999;9999;9999;9999;9999;9999;9999;9999;9999;9999;9999;9999;9999;9999;9999;9999;9999;9999;9999;9999;9999;9999;9999;9999;9999;9999;9999;9999;9999;9999;9999;9999;9999;9999;9999;9999;9999;9999;9999;9999;9999;9999;9999;9999;9999;0;9999;1;0;9999;9999;9999;1;1;9999;9999;9999;0;9999;1;1;9999;9999;9999;9999;1;0;1;9999;9999;0;0;0;9999;0;0;9999;0;9999;9999;0;9999;0;1;9999;9999;9999;0;9999;1;9999;1;9999;0;0;0;9999;9999;9999;1;1;9999;1;9999
1;1021;102104;6;6;9999;9999;1;0;9999;0;0;1;0;9999;9999;9999;9999;0;0;9999;0;9999;9999;9999;9999;0;9999;0;0;0;9999;0;9999;0;9999;0;9999;9999;0;9999;0;0;9999;0;9999;0;9999;9999;9999;1;0;9999;0;9999;9999;0;0;0;9999;9999;0;9999;9999;9999;0;0;0;0;9999;9999;1;9999;9999;9999;9999;0;1;1;9999;9999;0;9999;0;1;0;9999;1;9999;9999;9999;1;9999;0;9999;0;9999;0;0;9999;0;9999;9999;0;9999;1;9999;0;0;0;9999;9999;1;9999;0;0;9999;9999;9999;0;1;9999;0;0;9999;9999
1;1021;102105;1;1;1;9999;1;9999;0;9999;9999;9999;0;9999;9999;0;0;9999;9999;0;1;9999;9999;0;9999;9999;1;9999;1;9999;9999;0;1;9999;0;9999;0;9999;0;666;9999;9999;9999;0;1;9999;1;0;0;9999;0;9999;9999;0;1;0;9999;9999;9999;0;9999;1;9999;9999;0;9999;9999;0;9999;0;9999;1;0;1;9999;1;9999;9999;0;1;9999;9999;1;0;9999;0;9999;0;9999;1;1;9999;9999;1;9999;0;9999;1;9999;9999;0;1;0;9999;9999;0;9999;9999;9999;0;9999;0;1;9999;9999;9999;0;0;0;9999;1;9999;0;9999;0
1;1021;102106;2;2;9999;1;9999;0;0;9999;9999;0;9999;9999;1;1;0;0;9999;9999;9999;1;0;0;0;9999;9999;1;9999;9999;0;9999;9999;0;1;0;9999;0;9999;0;9999;0;0;9999;9999;9999;1;1;9999;9999;9999;0;1;1;9999;9999;0;9999;0;1;1;9999;9999;0;9999;9999;1;9999;1;9999;9999;0;0;9999;1;9999;9999;9999;9999;0;0;0;9999;9999;9999;0;1;9999;1;0;9999;0;1;9999;9999;9999;0;9999;0;9999;0;9999;9999;0;1;0;9999;9999;0;1;1;9999;9999;9999;1;0;9999;0;9999;9999;9999;1;9999;1;0
1;1021;102107;3;3;1;1;1;9999;9999;9999;9999;9999;0;9999;1;9999;9999;9999;9999;0;1;0;0;9999;0;0;1;9999;0;9999;1;0;0;9999;9999;9999;0;1;1;9999;9999;9999;0;1;1;9999;9999;9999;0;9999;0;0;9999;9999;0;0;9999;9999;0;9999;9999;1;9999;0;1;9999;9999;9999;9999;0;0;0;0;1;9999;9999;1;0;0;0;9999;9999;9999;9999;1;0;9999;0;9999;1;9999;9999;9999;1;0;1;9999;9999;9999;0;0;0;9999;9999;9999;0;0;1;9999;0;9999;9999;1;1;9999;9999;1;0;9999;0;0;9999;9999;9999;0
1;1021;102108;4;4;666;9999;9999;0;9999;0;0;1;9999;9999;9999;9999;9999;0;0;666;9999;9999;9999;9999;9999;0;0;0;9999;1;9999;9999;666;0;9999;1;0;9999;9999;9999;0;0;9999;9999;1;0;9999;9999;0;1;9999;9999;1;9999;0;9999;0;0;9999;9999;1;666;9999;9999;9999;0;9999;0;0;9999;0;9999;9999;9999;0;0;1;0;9999;9999;9999;0;1;0;0;9999;9999;9999;0;9999;1;0;9999;9999;0;9999;9999;0;0;0;9999;9999;0;0;9999;9999;0;1;9999;9999;0;1;9999;0;9999;0;9999;9999;0;0;9999;9999;1;0;9999
1;1021;102109;5;5;9999;0;9999;9999;0;0;0;9999;9999;9999;1;0;0;9999;0;9999;9999;0;1;0;0;0;9999;9999;9999;0;0;9999;9999;9999;1;9999;9999;1;9999;0;0;9999;0;9999;9999;0;0;1;9999;1;9999;0;9999;0;9999;9999;9999;0;0;1;9999;9999;9999;0;9999;0;0;9999;0;0;9999;9999;9999;1;0;9999;9999;9999;0;9999;0;1;9999;9999;9999;9999;1;0;0;9999;9999;0;0;0;9999;1;1;9999;1;9999;9999;0;9999;1;1;9999;9999;9999;0;9999;0;9999;1;9999;0;0;0;9999;9999;9999;0;0;9999;1;9999
1;1021;102110;6;6;9999;9999;1;0;9999;0;1;0;0;9999;9999;9999;9999;0;0;9999;0;9999;9999;9999;9999;0;9999;0;0;1;9999;1;9999;0;9999;0;9999;9999;0;9999;1;0;9999;0;9999;0;9999;9999;9999;1;1;9999;1;9999;9999;0;0;0;9999;9999;1;9999;9999;9999;1;0;1;0;9999;9999;0;9999;9999;9999;9999;0;1;1;9999;9999;1;9999;1;1;1;9999;1;9999;9999;9999;1;9999;1;9999;0;9999;0;0;9999;1;9999;9999;0;9999;1;9999;0;1;1;9999;9999;0;9999;0;1;9999;9999;9999;1;1;9999;1;0;9999;9999
1;1021;102111;1;1;1;9999;1;9999;0;9999;9999;9999;0;9999;9999;1;0;9999;9999;0;0;9999;9999;0;9999;0;0;9999;0;9999;9999;0;0;9999;1;9999;0;9999;0;0;9999;9999;9999;0;0;9999;0;1;0;9999;0;9999;9999;1;1;0;9999;9999;9999;0;9999;0;9999;9999;0;9999;9999;0;9999;0;9999;0;0;0;9999;0;9999;9999;0;0;9999;9999;0;1;9999;0;9999;0;9999;0;0;9999;9999;0;9999;0;9999;0;9999;9999;1;0;0;9999;9999;0;9999;9999;9999;1;9999;0;0;9999;9999;9999;0;1;0;9999;0;9999;0;9999;0
1;1021;102112;9999;2;9999;9999;9999;9999;9999;9999;9999;9999;9999;9999;9999;9999;9999;9999;9999;9999;9999;9999;9999;9999;9999;9999;9999;9999;9999;9999;9999;9999;9999;9999;9999;9999;9999;9999;9999;9999;9999;9999;9999;9999;9999;9999;9999;9999;9999;9999;9999;9999;9999;9999;9999;9999;9999;9999;9999;9999;9999;9999;9999;9999;9999;9999;1;9999;1;9999;9999;0;0;9999;1;9999;9999;9999;9999;0;0;0;9999;9999;9999;0;1;9999;1;0;9999;1;1;9999;9999;9999;0;9999;0;9999;1;9999;9999;1;1;0;9999;9999;1;1;1;9999;9999;9999;0;0;9999;1;9999;9999;9999;1;9999;0;0
1;1021;102113;3;3;1;0;1;9999;9999;9999;9999;9999;0;9999;1;9999;9999;9999;9999;0;1;0;0;9999;0;9999;1;9999;0;9999;0;1;0;9999;9999;9999;0;0;0;9999;9999;9999;0;0;0;9999;9999;9999;0;9999;1;0;9999;9999;0;0;9999;9999;0;9999;9999;1;9999;0;0;9999;9999;9999;9999;0;0;0;0;1;9999;9999;1;0;0;0;9999;9999;9999;9999;1;0;9999;0;9999;1;9999;9999;9999;0;0;1;9999;9999;9999;0;0;0;9999;9999;9999;0;0;1;9999;0;9999;9999;1;0;9999;9999;0;0;9999;0;0;9999;9999;9999;0
1;1021;102115;5;5;9999;0;9999;9999;0;0;0;9999;9999;9999;0;1;0;9999;0;9999;9999;0;1;0;0;9999;9999;9999;9999;1;0;9999;9999;9999;0;9999;9999;1;9999;0;0;9999;0;9999;9999;0;0;1;9999;1;9999;1;9999;1;9999;9999;9999;0;0;0;9999;9999;9999;0;9999;0;0;9999;1;0;9999;9999;9999;0;1;9999;9999;9999;0;9999;0;0;9999;9999;9999;9999;1;0;0;9999;9999;1;1;0;9999;1;0;9999;0;9999;9999;1;9999;0;0;9999;9999;9999;0;9999;1;9999;1;9999;1;0;0;9999;9999;9999;0;1;9999;0;9999
1;1021;102116;6;6;9999;9999;1;0;9999;0;0;1;0;9999;9999;9999;9999;0;1;9999;0;9999;9999;9999;9999;9999;9999;1;666;1;9999;666;9999;0;9999;0;9999;9999;0;9999;0;0;9999;1;9999;0;9999;9999;9999;1;1;9999;1;9999;9999;666;1;0;9999;9999;1;9999;9999;9999;1;0;0;0;9999;9999;1;9999;9999;9999;9999;0;1;1;9999;9999;0;9999;1;1;1;9999;1;9999;9999;9999;1;9999;1;9999;1;9999;0;1;9999;0;9999;9999;0;9999;1;9999;1;1;1;9999;9999;1;9999;1;1;9999;9999;9999;1;1;9999;0;0;9999;9999
1;1021;102117;1;1;0;9999;1;9999;0;9999;9999;9999;0;9999;9999;0;0;9999;9999;0;0;9999;9999;0;9999;9999;0;9999;0;9999;9999;1;1;9999;0;9999;0;9999;0;0;9999;9999;9999;0;0;9999;1;0;0;9999;1;9999;9999;0;0;0;9999;9999;9999;1;9999;1;9999;9999;1;9999;9999;0;9999;0;9999;0;1;1;9999;0;9999;9999;0;1;9999;9999;1;1;9999;0;9999;0;9999;0;0;9999;9999;0;9999;0;9999;0;9999;9999;1;0;0;9999;9999;0;9999;9999;9999;1;9999;0;0;9999;9999;9999;0;0;1;9999;1;9999;0;9999;0
1;1021;102118;2;2;9999;1;9999;0;0;9999;9999;1;9999;9999;0;0;0;1;9999;9999;9999;0;1;1;0;9999;9999;0;9999;9999;1;9999;9999;0;0;0;9999;0;9999;0;9999;0;0;9999;9999;9999;0;1;9999;9999;9999;0;0;0;9999;9999;0;9999;0;0;0;9999;9999;0;9999;9999;0;9999;0;9999;9999;0;0;9999;0;9999;9999;9999;9999;0;0;0;9999;9999;9999;0;1;9999;0;1;9999;1;0;9999;9999;9999;0;9999;0;9999;0;9999;9999;0;1;0;9999;9999;0;0;1;9999;9999;9999;0;0;9999;0;9999;9999;9999;1;9999;0;0
1;1021;102119;3;3;9999;9999;9999;9999;9999;9999;9999;9999;9999;9999;9999;9999;9999;9999;9999;9999;9999;9999;9999;9999;9999;9999;9999;9999;9999;9999;9999;9999;9999;9999;9999;9999;9999;9999;9999;9999;9999;9999;9999;9999;9999;9999;9999;9999;9999;9999;9999;9999;9999;9999;9999;9999;9999;9999;9999;9999;9999;9999;9999;9999;9999;9999;9999;9999;9999;0;1;0;0;0;9999;9999;0;1;0;1;9999;9999;9999;9999;0;0;9999;1;9999;1;9999;9999;9999;1;0;1;9999;9999;9999;0;1;0;9999;9999;9999;0;1;0;9999;1;9999;9999;1;0;9999;9999;0;0;9999;1;1;9999;9999;9999;0
1;1021;102120;4;4;0;9999;9999;0;9999;0;0;1;9999;9999;9999;9999;9999;0;0;0;9999;9999;9999;9999;9999;0;1;0;9999;0;9999;9999;1;1;9999;1;1;9999;9999;9999;0;0;9999;9999;0;0;9999;9999;0;0;9999;9999;1;9999;1;9999;0;0;9999;9999;0;1;9999;9999;9999;0;9999;1;1;9999;0;9999;9999;9999;0;0;1;0;9999;9999;9999;0;1;1;0;9999;9999;9999;0;9999;1;0;9999;9999;0;9999;9999;1;0;0;9999;9999;0;1;9999;9999;0;1;9999;9999;0;1;9999;1;9999;1;9999;9999;0;0;9999;9999;0;1;9999
1;1021;102121;5;5;9999;1;9999;9999;0;0;1;9999;9999;9999;1;1;0;9999;0;9999;9999;1;1;1;0;9999;9999;9999;9999;1;1;9999;9999;9999;0;9999;9999;1;9999;0;0;9999;0;9999;9999;0;0;0;9999;0;9999;1;9999;0;9999;9999;9999;0;0;1;9999;9999;9999;1;9999;0;1;9999;1;0;9999;9999;9999;1;1;9999;9999;9999;0;9999;0;0;9999;9999;9999;9999;0;0;0;9999;9999;1;1;1;9999;1;1;9999;0;9999;9999;1;9999;0;1;9999;9999;9999;1;9999;1;9999;1;9999;0;1;1;9999;9999;9999;1;0;9999;0;9999
1;1022;102201;6;6;9999;9999;0;0;9999;0;0;1;0;9999;9999;9999;9999;0;0;9999;1;9999;9999;9999;9999;0;9999;0;0;1;9999;0;9999;0;9999;1;9999;9999;0;9999;0;0;9999;0;9999;0;9999;9999;9999;1;1;9999;1;9999;9999;666;0;0;9999;9999;1;9999;9999;9999;1;1;1;1;9999;9999;1;9999;9999;9999;9999;0;1;0;9999;9999;1;9999;1;1;0;9999;1;9999;9999;9999;1;9999;1;9999;0;9999;0;0;9999;0;9999;9999;0;9999;1;9999;0;0;1;9999;9999;0;9999;0;1;9999;9999;9999;1;1;9999;0;1;9999;9999
1;1022;102202;1;1;0;9999;0;9999;0;9999;9999;9999;0;9999;9999;1;0;9999;9999;0;1;9999;9999;0;9999;9999;1;9999;0;9999;9999;0;1;9999;0;9999;0;9999;0;666;9999;9999;9999;1;1;9999;0;1;0;9999;0;9999;9999;1;0;0;9999;9999;9999;0;9999;1;9999;9999;1;9999;9999;0;9999;1;9999;0;0;1;9999;0;9999;9999;0;1;9999;9999;1;1;9999;0;9999;0;9999;1;1;9999;9999;1;9999;1;9999;1;9999;9999;1;0;1;9999;9999;0;9999;9999;9999;0;9999;0;0;9999;9999;9999;0;1;1;9999;0;9999;0;9999;0
1;1022;102203;2;2;9999;1;9999;666;0;9999;9999;666;9999;9999;1;1;0;666;9999;9999;9999;1;1;0;0;9999;9999;666;9999;9999;1;9999;9999;666;0;0;9999;1;9999;1;9999;666;0;9999;9999;9999;0;0;9999;9999;9999;0;1;0;9999;9999;666;9999;0;1;666;9999;9999;1;9999;9999;1;9999;1;9999;9999;1;0;9999;1;9999;9999;9999;9999;1;1;1;9999;9999;9999;0;1;9999;0;0;9999;0;1;9999;9999;9999;0;9999;0;9999;0;9999;9999;1;1;1;9999;9999;1;1;1;9999;9999;9999;0;0;9999;0;9999;9999;9999;1;9999;1;0
1;1022;102204;3;3;0;666;0;9999;9999;9999;9999;9999;0;9999;1;9999;9999;9999;9999;0;1;1;0;9999;0;9999;0;9999;0;9999;0;1;0;9999;9999;9999;1;1;1;9999;9999;9999;0;0;1;9999;9999;9999;0;9999;1;0;9999;9999;1;1;9999;9999;0;9999;9999;1;9999;0;1;9999;9999;9999;9999;1;0;1;0;1;9999;9999;1;0;0;0;9999;9999;9999;9999;0;0;9999;0;9999;1;9999;9999;9999;1;1;0;9999;9999;9999;1;0;0;9999;9999;9999;0;0;0;9999;1;9999;9999;1;0;9999;9999;1;0;9999;0;0;9999;9999;9999;0
1;1022;102205;4;4;666;9999;9999;0;9999;0;1;1;9999;9999;9999;9999;9999;0;0;666;9999;9999;9999;9999;9999;0;1;0;9999;1;9999;9999;666;0;9999;0;0;9999;9999;9999;1;0;9999;9999;1;1;9999;9999;666;1;9999;9999;1;9999;1;9999;1;0;9999;9999;1;666;9999;9999;9999;1;9999;0;1;9999;1;9999;9999;9999;1;0;1;1;9999;9999;9999;1;1;1;1;9999;9999;9999;1;9999;1;1;9999;9999;1;9999;9999;1;1;1;9999;9999;0;1;9999;9999;1;1;9999;9999;1;0;9999;1;9999;1;9999;9999;1;1;9999;9999;1;1;9999
1;1022;102207;6;6;9999;9999;0;0;9999;0;1;1;0;9999;9999;9999;9999;0;1;9999;1;9999;9999;9999;9999;0;9999;0;666;1;9999;666;9999;0;9999;0;9999;9999;1;9999;0;0;9999;0;9999;0;9999;9999;9999;1;666;9999;0;9999;9999;666;1;0;9999;9999;1;9999;9999;9999;1;0;1;1;9999;9999;0;9999;9999;9999;9999;0;0;1;9999;9999;0;9999;1;1;0;9999;1;9999;9999;9999;1;9999;0;9999;0;9999;0;0;9999;1;9999;9999;0;9999;1;9999;1;0;0;9999;9999;1;9999;0;1;9999;9999;9999;0;1;9999;0;0;9999;9999
1;1022;102208;1;1;0;9999;0;9999;0;9999;9999;9999;0;9999;9999;0;0;9999;9999;0;0;9999;9999;1;9999;9999;0;9999;0;9999;9999;0;0;9999;1;9999;0;9999;0;0;9999;9999;9999;0;0;9999;0;1;0;9999;0;9999;9999;1;0;0;9999;9999;9999;0;9999;1;9999;9999;0;9999;9999;0;9999;0;9999;0;0;1;9999;0;9999;9999;0;0;9999;9999;1;1;9999;9999;9999;0;9999;1;1;9999;9999;1;9999;1;9999;0;9999;9999;0;0;0;9999;9999;0;9999;9999;9999;0;9999;1;1;9999;9999;9999;0;0;0;9999;1;9999;1;9999;0
1;1022;102209;2;2;9999;0;9999;0;0;9999;9999;1;9999;9999;1;0;1;1;9999;9999;9999;0;0;0;0;9999;9999;0;9999;9999;0;9999;9999;0;1;0;9999;1;9999;0;9999;0;0;9999;9999;9999;0;0;9999;9999;9999;0;1;1;9999;9999;0;9999;1;1;0;9999;9999;0;9999;9999;1;9999;1;9999;9999;1;0;9999;1;9999;9999;9999;9999;0;0;0;9999;9999;9999;0;1;9999;1;1;9999;1;1;9999;9999;9999;0;9999;0;9999;1;9999;9999;0;1;0;9999;9999;1;0;0;9999;9999;9999;0;1;9999;1;9999;9999;9999;1;9999;1;0
1;1022;102210;3;3;1;666;0;9999;9999;9999;9999;9999;0;9999;0;9999;9999;9999;9999;0;0;666;666;9999;0;9999;1;9999;0;9999;666;0;0;9999;9999;9999;0;1;0;9999;9999;9999;666;0;1;9999;9999;9999;0;9999;1;1;9999;9999;0;0;9999;9999;666;9999;9999;1;9999;0;1;9999;9999;9999;9999;0;0;1;0;1;9999;9999;1;1;0;1;9999;9999;9999;9999;1;0;9999;1;9999;1;9999;9999;9999;1;1;0;9999;9999;9999;0;0;0;9999;9999;9999;0;1;1;9999;0;9999;9999;1;1;9999;9999;1;0;9999;1;1;9999;9999;9999;0
1;1022;102211;4;4;0;9999;9999;0;9999;0;0;1;9999;9999;9999;9999;9999;0;0;0;9999;9999;9999;9999;9999;9999;0;1;9999;1;9999;9999;0;1;9999;0;0;9999;9999;9999;0;0;9999;9999;1;0;9999;9999;0;0;9999;9999;1;9999;1;9999;1;0;9999;9999;0;0;9999;9999;9999;0;9999;0;1;9999;0;9999;9999;9999;1;0;1;0;9999;9999;9999;1;0;1;0;9999;9999;9999;0;9999;0;0;9999;9999;0;9999;9999;0;0;0;9999;9999;0;0;9999;9999;0;0;9999;9999;1;0;9999;0;9999;0;9999;9999;0;1;9999;9999;0;1;9999
1;1022;102212;5;5;9999;1;9999;9999;0;0;0;9999;9999;9999;1;0;0;9999;0;9999;9999;0;0;0;0;0;9999;9999;9999;0;1;9999;9999;9999;1;9999;9999;1;9999;1;0;9999;0;9999;9999;0;0;0;9999;0;9999;1;9999;1;9999;9999;9999;0;0;1;9999;9999;9999;0;9999;0;0;9999;1;666;9999;9999;9999;1;1;9999;9999;9999;666;9999;1;0;9999;9999;9999;9999;1;0;1;9999;9999;1;1;666;9999;0;0;9999;0;9999;9999;666;9999;1;1;9999;9999;9999;0;9999;0;9999;1;9999;0;0;1;9999;9999;9999;666;1;9999;0;9999
1;1022;102213;6;6;9999;9999;0;0;9999;0;1;1;0;9999;9999;9999;9999;0;0;9999;666;9999;9999;9999;9999;9999;9999;0;666;0;9999;666;9999;1;9999;1;9999;9999;666;9999;0;0;9999;0;9999;0;9999;9999;9999;1;666;9999;1;9999;9999;666;1;0;9999;9999;0;9999;9999;9999;666;0;0;0;9999;9999;1;9999;9999;9999;9999;0;1;1;9999;9999;0;9999;0;1;1;9999;1;9999;9999;9999;0;9999;0;9999;0;9999;0;1;9999;0;9999;9999;1;9999;1;9999;1;0;1;9999;9999;1;9999;0;0;9999;9999;9999;0;1;9999;1;0;9999;9999
1;1022;102214;1;1;0;9999;0;9999;0;9999;9999;9999;0;9999;9999;0;0;9999;9999;0;1;9999;9999;0;9999;9999;1;9999;0;9999;9999;0;0;9999;1;9999;0;9999;0;0;9999;9999;9999;0;1;9999;0;0;0;9999;1;9999;9999;0;0;1;9999;9999;9999;0;9999;0;9999;9999;1;9999;9999;0;9999;1;9999;1;0;1;9999;0;9999;9999;0;1;9999;9999;1;1;9999;0;9999;0;9999;1;0;9999;9999;1;9999;1;9999;1;9999;9999;0;1;0;9999;9999;0;9999;9999;9999;0;9999;0;1;9999;9999;9999;1;0;0;9999;0;9999;0;9999;0
1;1022;102215;2;2;9999;0;9999;0;0;9999;9999;0;9999;9999;1;0;0;0;9999;9999;9999;1;0;1;0;9999;9999;0;9999;9999;0;9999;9999;0;0;0;9999;1;9999;1;9999;0;0;9999;9999;9999;0;0;9999;9999;9999;0;1;0;9999;9999;0;9999;0;1;0;9999;9999;0;9999;9999;1;9999;1;9999;9999;0;0;9999;1;9999;9999;9999;9999;1;0;1;9999;9999;9999;1;1;9999;1;0;9999;1;1;9999;9999;9999;0;9999;0;9999;0;9999;9999;0;1;0;9999;9999;1;1;0;9999;9999;9999;1;0;9999;0;9999;9999;9999;1;9999;0;0
1;1022;102216;3;3;0;1;0;9999;9999;9999;9999;9999;0;9999;1;9999;9999;9999;9999;0;0;1;1;9999;0;9999;1;9999;0;9999;1;1;1;9999;9999;9999;0;1;0;9999;9999;9999;0;1;1;9999;9999;9999;0;9999;1;1;9999;9999;0;1;9999;9999;1;9999;9999;1;9999;0;1;9999;9999;9999;9999;0;1;1;0;1;9999;9999;1;1;0;1;9999;9999;9999;9999;1;0;9999;0;9999;1;9999;9999;9999;1;1;1;9999;9999;9999;1;0;0;9999;9999;9999;1;1;1;9999;1;9999;9999;1;0;9999;9999;1;0;9999;1;0;9999;9999;9999;1
1;1022;102217;4;4;1;9999;9999;0;9999;0;0;0;9999;9999;9999;9999;9999;0;0;0;9999;9999;9999;9999;9999;9999;0;0;9999;1;9999;9999;0;0;9999;0;0;9999;9999;9999;0;0;9999;9999;0;0;9999;9999;0;0;9999;9999;0;9999;0;9999;0;0;9999;9999;1;1;9999;9999;9999;0;9999;0;0;9999;1;9999;9999;9999;1;0;1;0;9999;9999;9999;0;1;1;1;9999;9999;9999;1;9999;0;0;9999;9999;0;9999;9999;0;0;0;9999;9999;0;0;9999;9999;0;1;9999;9999;1;0;9999;1;9999;0;9999;9999;1;1;9999;9999;0;1;9999
1;1022;102218;5;5;9999;1;9999;9999;0;0;0;9999;9999;9999;1;1;0;9999;0;9999;9999;0;1;0;0;0;9999;9999;9999;1;0;9999;9999;9999;0;9999;9999;1;9999;0;0;9999;0;9999;9999;0;0;0;9999;0;9999;1;9999;0;9999;9999;9999;0;0;0;9999;9999;9999;1;9999;0;0;9999;1;0;9999;9999;9999;1;1;9999;9999;9999;0;9999;0;0;9999;9999;9999;9999;1;0;1;9999;9999;0;0;1;9999;0;1;9999;0;9999;9999;0;9999;1;0;9999;9999;9999;0;9999;1;9999;0;9999;0;1;0;9999;9999;9999;0;1;9999;0;9999
1;1022;102219;6;6;9999;9999;1;0;9999;0;0;1;0;9999;9999;9999;9999;0;1;9999;1;9999;9999;9999;9999;0;9999;0;0;1;9999;0;9999;0;9999;0;9999;9999;0;9999;0;0;9999;0;9999;0;9999;9999;9999;1;1;9999;1;9999;9999;0;0;0;9999;9999;0;9999;9999;9999;1;1;1;0;9999;9999;0;9999;9999;9999;9999;0;1;0;9999;9999;0;9999;1;1;0;9999;1;9999;9999;9999;1;9999;1;9999;0;9999;1;1;9999;0;9999;9999;1;9999;1;9999;0;0;0;9999;9999;0;9999;0;1;9999;9999;9999;1;1;9999;1;0;9999;9999
1;1022;102220;1;1;0;9999;1;9999;0;9999;9999;9999;0;9999;9999;1;0;9999;9999;0;0;9999;9999;1;9999;9999;1;9999;0;9999;9999;0;1;9999;0;9999;1;9999;0;666;9999;9999;9999;1;0;9999;1;0;0;9999;1;9999;9999;0;1;0;9999;9999;9999;0;9999;1;9999;9999;0;9999;9999;0;9999;0;9999;1;0;1;9999;0;9999;9999;0;1;9999;9999;0;1;9999;0;9999;0;9999;0;1;9999;9999;1;9999;1;9999;0;9999;9999;666;0;0;9999;9999;0;9999;9999;9999;0;9999;1;1;9999;9999;9999;0;1;1;9999;1;9999;0;9999;0
1;1022;102221;2;2;9999;1;9999;666;0;9999;9999;0;9999;9999;1;1;0;666;9999;9999;9999;1;1;0;0;9999;9999;0;9999;9999;1;9999;9999;1;0;0;9999;1;9999;1;9999;666;0;9999;9999;9999;1;0;9999;9999;9999;1;1;0;9999;9999;1;9999;0;0;666;9999;9999;1;9999;9999;1;9999;1;9999;9999;1;1;9999;0;9999;9999;9999;9999;1;0;0;9999;9999;9999;0;1;9999;1;1;9999;1;1;9999;9999;9999;0;9999;0;9999;1;9999;9999;0;1;0;9999;9999;1;1;0;9999;9999;9999;1;0;9999;1;9999;9999;9999;1;9999;0;0
1;1031;103101;3;3;9999;9999;9999;9999;9999;9999;9999;9999;9999;9999;9999;9999;9999;9999;9999;9999;9999;9999;9999;9999;9999;9999;9999;9999;9999;9999;9999;9999;9999;9999;9999;9999;9999;9999;9999;9999;9999;9999;9999;9999;9999;9999;9999;9999;9999;9999;9999;9999;9999;9999;9999;9999;9999;9999;9999;9999;9999;9999;9999;9999;9999;9999;9999;9999;9999;0;0;0;0;0;9999;9999;1;0;0;0;9999;9999;9999;9999;0;0;9999;0;9999;0;9999;9999;9999;0;1;1;9999;9999;9999;0;0;0;9999;9999;9999;0;0;1;9999;1;9999;9999;0;0;9999;9999;0;0;9999;0;0;9999;9999;9999;0
1;1031;103102;4;4;0;9999;9999;0;9999;0;0;0;9999;9999;9999;9999;9999;1;1;0;9999;9999;9999;9999;9999;9999;1;0;9999;1;9999;9999;0;0;9999;1;0;9999;9999;9999;0;0;9999;9999;1;0;9999;9999;0;0;9999;9999;1;9999;0;9999;1;0;9999;9999;1;1;9999;9999;9999;0;9999;0;1;9999;0;9999;9999;9999;0;0;1;0;9999;9999;9999;1;0;1;1;9999;9999;9999;0;9999;0;0;9999;9999;0;9999;9999;1;0;0;9999;9999;0;0;9999;9999;0;1;9999;9999;1;0;9999;0;9999;1;9999;9999;0;0;9999;9999;0;0;9999
1;1031;103103;5;5;9999;1;9999;9999;0;0;0;9999;9999;9999;1;0;0;9999;0;9999;9999;1;0;0;0;0;9999;9999;9999;0;9999;9999;9999;9999;0;9999;9999;1;9999;0;0;9999;0;9999;9999;0;0;1;9999;1;9999;0;9999;0;9999;9999;9999;0;0;1;9999;9999;9999;0;9999;0;0;9999;0;0;9999;9999;9999;0;0;9999;9999;9999;0;9999;0;0;9999;9999;9999;9999;1;0;0;9999;9999;1;0;0;9999;0;0;9999;0;9999;9999;1;9999;0;0;9999;9999;9999;1;9999;1;9999;1;9999;0;0;0;9999;9999;9999;0;1;9999;0;9999
1;1031;103104;6;6;9999;9999;0;0;9999;0;0;1;0;9999;9999;9999;9999;0;0;9999;0;9999;9999;9999;9999;1;9999;0;0;1;9999;1;9999;0;9999;1;9999;9999;0;9999;0;0;9999;0;9999;1;9999;9999;9999;0;1;9999;1;9999;9999;0;0;0;9999;9999;0;9999;9999;9999;0;0;9999;9999;9999;9999;9999;9999;9999;9999;9999;9999;9999;9999;9999;9999;9999;9999;9999;9999;9999;9999;9999;9999;9999;9999;9999;9999;9999;9999;9999;9999;9999;9999;9999;9999;9999;9999;9999;9999;9999;9999;9999;9999;9999;9999;9999;9999;9999;9999;9999;9999;9999;9999;9999;9999;9999;9999;9999;9999;9999
1;1031;103105;1;1;0;9999;0;9999;666;9999;9999;9999;0;9999;9999;0;666;9999;9999;0;0;9999;9999;0;9999;0;0;9999;0;9999;9999;0;1;9999;0;9999;0;9999;0;666;9999;9999;9999;0;1;9999;0;0;0;9999;0;9999;9999;0;1;0;9999;9999;9999;1;9999;1;9999;9999;0;9999;9999;9999;9999;9999;9999;9999;9999;9999;9999;9999;9999;9999;9999;9999;9999;9999;9999;9999;9999;9999;9999;9999;9999;9999;9999;9999;9999;9999;9999;9999;9999;9999;9999;9999;9999;9999;9999;9999;9999;9999;9999;9999;9999;9999;9999;9999;9999;9999;9999;9999;9999;9999;9999;9999;9999;9999;9999;9999;9999
1;1031;103106;2;2;9999;1;9999;0;0;9999;9999;1;9999;9999;1;1;1;0;9999;9999;9999;1;1;0;0;9999;9999;0;9999;9999;1;9999;9999;1;1;0;9999;1;9999;1;9999;0;0;9999;9999;9999;1;0;9999;9999;9999;0;1;0;9999;9999;0;9999;0;1;1;9999;9999;1;9999;9999;0;9999;1;9999;9999;1;0;9999;1;9999;9999;9999;9999;1;0;1;9999;9999;9999;0;1;9999;1;1;9999;0;1;9999;9999;9999;1;9999;0;9999;1;9999;9999;0;1;0;9999;9999;1;1;1;9999;9999;9999;1;1;9999;1;9999;9999;9999;1;9999;1;0
1;1031;103107;3;3;0;0;1;9999;9999;9999;9999;9999;0;9999;1;9999;9999;9999;9999;0;1;0;0;9999;0;9999;1;9999;0;9999;0;1;0;9999;9999;9999;0;1;0;9999;9999;9999;0;0;1;9999;9999;9999;0;9999;1;0;9999;9999;1;0;9999;9999;0;9999;9999;1;9999;1;0;9999;9999;9999;9999;0;0;1;0;1;9999;9999;1;1;0;0;9999;9999;9999;9999;0;0;9999;0;9999;1;9999;9999;9999;1;0;1;9999;9999;9999;0;0;0;9999;9999;9999;1;0;0;9999;1;9999;9999;1;0;9999;9999;0;1;9999;0;1;9999;9999;9999;0
1;1031;103108;4;6;0;9999;9999;0;9999;0;0;1;9999;9999;9999;9999;9999;1;0;0;9999;9999;9999;9999;9999;0;0;0;9999;1;9999;9999;0;0;9999;1;0;9999;9999;9999;0;1;9999;9999;1;0;9999;9999;0;0;9999;9999;1;9999;0;9999;0;0;9999;9999;1;0;9999;9999;9999;0;0;0;9999;9999;0;9999;9999;9999;9999;0;1;0;9999;9999;0;9999;0;0;0;9999;1;9999;9999;9999;0;9999;0;9999;0;9999;0;1;9999;0;9999;9999;0;9999;0;9999;0;0;0;9999;9999;0;9999;0;0;9999;9999;9999;0;0;9999;0;0;9999;9999
1;1031;103109;5;5;9999;9999;9999;9999;9999;9999;9999;9999;9999;9999;9999;9999;9999;9999;9999;9999;9999;9999;9999;9999;9999;9999;9999;9999;9999;9999;9999;9999;9999;9999;9999;9999;9999;9999;9999;9999;9999;9999;9999;9999;9999;9999;9999;9999;9999;9999;9999;9999;9999;9999;9999;9999;9999;9999;9999;9999;9999;9999;9999;9999;9999;9999;1;9999;1;666;9999;9999;9999;666;1;9999;9999;9999;666;9999;0;0;9999;9999;9999;9999;1;666;0;9999;9999;1;1;666;9999;0;0;9999;0;9999;9999;666;9999;1;1;9999;9999;9999;1;9999;0;9999;666;9999;0;1;666;9999;9999;9999;666;1;9999;1;9999
1;1031;103110;6;4;9999;9999;0;0;9999;0;0;1;0;9999;9999;9999;9999;1;0;9999;0;9999;9999;9999;9999;0;9999;0;0;1;9999;1;9999;0;9999;0;9999;9999;0;9999;0;0;9999;0;9999;0;9999;9999;9999;0;1;9999;1;9999;9999;1;1;0;9999;9999;1;9999;9999;9999;1;0;9999;666;0;9999;0;9999;9999;9999;0;666;1;0;9999;9999;9999;0;666;666;0;9999;9999;9999;666;9999;666;666;9999;9999;0;9999;9999;666;0;0;9999;9999;666;0;9999;9999;0;0;9999;9999;666;666;9999;0;9999;666;9999;9999;666;1;9999;9999;666;0;9999
1;1031;103111;1;1;0;9999;0;9999;0;9999;9999;9999;0;9999;9999;0;0;9999;9999;0;0;9999;9999;1;9999;0;1;9999;0;9999;9999;0;0;9999;0;9999;0;9999;0;666;9999;9999;9999;0;1;9999;0;0;0;9999;1;9999;9999;0;0;1;9999;9999;9999;0;9999;0;9999;9999;0;9999;9999;0;9999;0;9999;0;0;1;9999;1;9999;9999;0;0;9999;9999;0;0;9999;0;9999;0;9999;1;1;9999;9999;0;9999;1;9999;1;9999;9999;666;0;0;9999;9999;0;9999;9999;9999;0;9999;1;1;9999;9999;9999;0;0;1;9999;0;9999;0;9999;0
1;1031;103112;2;9999;9999;0;9999;666;0;9999;9999;0;9999;9999;0;0;0;666;9999;9999;9999;1;0;0;0;9999;9999;0;9999;9999;0;9999;9999;666;0;0;9999;0;9999;0;9999;666;0;9999;9999;9999;0;0;9999;9999;9999;0;0;0;9999;9999;0;9999;0;0;666;9999;9999;0;9999;9999;9999;9999;9999;9999;9999;9999;9999;9999;9999;9999;9999;9999;9999;9999;9999;9999;9999;9999;9999;9999;9999;9999;9999;9999;9999;9999;9999;9999;9999;9999;9999;9999;9999;9999;9999;9999;9999;9999;9999;9999;9999;9999;9999;9999;9999;9999;9999;9999;9999;9999;9999;9999;9999;9999;9999;9999;9999;9999;9999
1;1031;103113;3;3;9999;9999;9999;9999;9999;9999;9999;9999;9999;9999;9999;9999;9999;9999;9999;9999;9999;9999;9999;9999;9999;9999;9999;9999;9999;9999;9999;9999;9999;9999;9999;9999;9999;9999;9999;9999;9999;9999;9999;9999;9999;9999;9999;9999;9999;9999;9999;9999;9999;9999;9999;9999;9999;9999;9999;9999;9999;9999;9999;9999;9999;9999;9999;9999;9999;0;0;0;1;1;9999;9999;1;0;1;1;9999;9999;9999;9999;1;9999;9999;0;9999;0;9999;9999;9999;0;0;0;9999;9999;9999;0;0;0;9999;9999;9999;0;0;0;9999;1;9999;9999;0;0;9999;9999;0;1;9999;1;1;9999;9999;9999;0
1;1031;103114;4;4;0;9999;9999;0;9999;0;0;1;9999;9999;9999;9999;9999;0;0;0;9999;9999;9999;9999;9999;0;1;0;9999;0;9999;9999;0;0;9999;1;0;9999;9999;9999;0;0;9999;9999;1;0;9999;9999;0;0;9999;9999;0;9999;0;9999;0;0;9999;9999;0;1;9999;9999;9999;0;9999;9999;9999;9999;9999;9999;9999;9999;9999;9999;9999;9999;9999;9999;9999;9999;9999;9999;9999;9999;9999;9999;9999;9999;9999;9999;9999;9999;9999;9999;9999;9999;9999;9999;9999;9999;9999;9999;9999;9999;9999;9999;9999;9999;9999;9999;9999;9999;9999;9999;9999;9999;9999;9999;9999;9999;9999;9999;9999
1;1031;103115;5;5;9999;0;9999;9999;0;0;1;9999;9999;9999;0;1;0;9999;0;9999;9999;1;1;0;0;0;9999;9999;9999;1;0;9999;9999;9999;0;9999;9999;0;9999;1;0;9999;0;9999;9999;0;0;0;9999;1;9999;0;9999;0;9999;9999;9999;0;1;1;9999;9999;9999;1;9999;0;0;9999;0;0;9999;9999;9999;0;0;9999;9999;9999;0;9999;0;0;9999;9999;9999;9999;0;0;0;9999;9999;1;1;0;9999;0;1;9999;0;9999;9999;0;9999;0;0;9999;9999;9999;0;9999;0;9999;0;9999;1;0;0;9999;9999;9999;1;1;9999;0;9999
1;1031;103116;6;9999;9999;9999;0;0;9999;0;0;0;0;9999;9999;9999;9999;0;0;9999;0;9999;9999;9999;9999;1;9999;0;0;0;9999;1;9999;0;9999;0;9999;9999;0;9999;0;0;9999;0;9999;1;9999;9999;9999;1;0;9999;1;9999;9999;1;0;0;9999;9999;0;9999;9999;9999;1;1;9999;9999;9999;9999;9999;9999;9999;9999;9999;9999;9999;9999;9999;9999;9999;9999;9999;9999;9999;9999;9999;9999;9999;9999;9999;9999;9999;9999;9999;9999;9999;9999;9999;9999;9999;9999;9999;9999;9999;9999;9999;9999;9999;9999;9999;9999;9999;9999;9999;9999;9999;9999;9999;9999;9999;9999;9999;9999;9999
1;1031;103117;1;1;1;9999;0;9999;0;9999;9999;9999;0;9999;9999;0;0;9999;9999;0;1;9999;9999;1;9999;0;1;9999;0;9999;9999;0;0;9999;0;9999;0;9999;0;0;9999;9999;9999;0;1;9999;0;0;0;9999;0;9999;9999;0;1;0;9999;9999;9999;0;9999;1;9999;9999;1;9999;9999;0;9999;0;9999;0;0;1;9999;0;9999;9999;0;0;9999;9999;1;0;9999;0;9999;0;9999;0;1;9999;9999;0;9999;0;9999;1;9999;9999;0;0;0;9999;9999;0;9999;9999;9999;1;9999;0;1;9999;9999;9999;0;0;0;9999;0;9999;0;9999;0
1;1031;103118;2;2;9999;0;9999;0;0;9999;9999;0;9999;9999;1;0;0;0;9999;9999;9999;1;1;0;0;9999;9999;0;9999;9999;0;9999;9999;0;0;0;9999;0;9999;0;9999;0;0;9999;9999;9999;0;0;9999;9999;9999;0;0;0;9999;9999;0;9999;0;0;1;9999;9999;1;9999;9999;0;9999;0;9999;9999;0;0;9999;0;9999;9999;9999;9999;0;0;1;9999;9999;9999;0;1;9999;1;0;9999;0;1;9999;9999;9999;0;9999;0;9999;0;9999;9999;0;1;0;9999;9999;0;0;0;9999;9999;9999;0;1;9999;1;9999;9999;9999;1;9999;0;0
1;1031;103119;3;3;1;666;0;9999;9999;9999;9999;9999;0;9999;0;9999;9999;9999;9999;0;1;666;666;9999;0;9999;1;9999;0;9999;666;1;0;9999;9999;9999;0;1;0;9999;9999;9999;666;0;1;9999;9999;9999;0;9999;1;0;9999;9999;0;0;9999;9999;666;9999;9999;0;9999;0;1;9999;9999;9999;9999;1;1;1;0;0;9999;9999;1;1;0;0;9999;9999;9999;9999;0;0;9999;0;9999;1;9999;9999;9999;1;0;1;9999;9999;9999;666;0;1;9999;9999;9999;0;1;0;9999;1;9999;9999;1;0;9999;9999;0;1;9999;0;1;9999;9999;9999;0
1;1031;103120;4;4;0;9999;9999;0;9999;0;0;1;9999;9999;9999;9999;9999;0;0;0;9999;9999;9999;9999;9999;0;1;0;9999;0;9999;9999;0;0;9999;0;0;9999;9999;9999;0;0;9999;9999;1;0;9999;9999;0;1;9999;9999;1;9999;1;9999;0;0;9999;9999;1;0;9999;9999;9999;0;9999;0;1;9999;0;9999;9999;9999;1;0;0;1;9999;9999;9999;1;1;1;1;9999;9999;9999;1;9999;1;0;9999;9999;0;9999;9999;1;0;0;9999;9999;0;1;9999;9999;0;1;9999;9999;1;1;9999;0;9999;0;9999;9999;0;0;9999;9999;0;1;9999
1;1031;103121;5;5;9999;1;9999;9999;0;0;0;9999;9999;9999;1;0;0;9999;0;9999;9999;0;0;1;0;0;9999;9999;9999;1;1;9999;9999;9999;0;9999;9999;0;9999;0;1;9999;0;9999;9999;0;0;0;9999;0;9999;0;9999;0;9999;9999;9999;0;0;1;9999;9999;9999;0;9999;0;1;9999;1;0;9999;9999;9999;0;0;9999;9999;9999;0;9999;0;0;9999;9999;9999;9999;1;0;1;9999;9999;1;0;0;9999;0;0;9999;0;9999;9999;0;9999;1;1;9999;9999;9999;1;9999;1;9999;1;9999;0;0;0;9999;9999;9999;0;1;9999;1;9999
1;1031;103122;6;6;9999;9999;1;0;9999;0;1;0;0;9999;9999;9999;9999;0;0;9999;0;9999;9999;9999;9999;1;9999;0;0;0;9999;0;9999;0;9999;0;9999;9999;0;9999;0;0;9999;0;9999;0;9999;9999;9999;0;0;9999;0;9999;9999;1;0;0;9999;9999;1;9999;9999;9999;0;1;1;1;9999;9999;0;9999;9999;9999;9999;0;1;0;9999;9999;0;9999;0;1;0;9999;0;9999;9999;9999;1;9999;0;9999;0;9999;0;1;9999;0;9999;9999;0;9999;0;9999;0;0;0;9999;9999;0;9999;0;1;9999;9999;9999;0;0;9999;0;0;9999;9999
1;1031;103140;9999;6;9999;9999;9999;9999;9999;9999;9999;9999;9999;9999;9999;9999;9999;9999;9999;9999;9999;9999;9999;9999;9999;9999;9999;9999;9999;9999;9999;9999;9999;9999;9999;9999;9999;9999;9999;9999;9999;9999;9999;9999;9999;9999;9999;9999;9999;9999;9999;9999;9999;9999;9999;9999;9999;9999;9999;9999;9999;9999;9999;9999;9999;9999;0;0;9999;9999;0;9999;9999;9999;9999;0;0;0;9999;9999;0;9999;0;0;0;9999;0;9999;9999;9999;1;9999;0;9999;0;9999;0;0;9999;0;9999;9999;0;9999;0;9999;0;0;0;9999;9999;0;9999;0;0;9999;9999;9999;0;1;9999;0;0;9999;9999
1;1031;103141;9999;2;9999;9999;9999;9999;9999;9999;9999;9999;9999;9999;9999;9999;9999;9999;9999;9999;9999;9999;9999;9999;9999;9999;9999;9999;9999;9999;9999;9999;9999;9999;9999;9999;9999;9999;9999;9999;9999;9999;9999;9999;9999;9999;9999;9999;9999;9999;9999;9999;9999;9999;9999;9999;9999;9999;9999;9999;9999;9999;9999;9999;9999;9999;777;9999;0;9999;9999;0;0;9999;0;9999;9999;9999;9999;0;0;0;9999;9999;9999;0;1;9999;0;777;9999;0;0;9999;9999;9999;0;9999;0;9999;0;9999;9999;0;0;0;9999;9999;0;0;0;9999;9999;9999;0;0;9999;0;9999;9999;9999;1;9999;0;0
1;1041;104101;1;1;1;9999;1;9999;0;9999;9999;9999;0;9999;9999;0;0;9999;9999;0;1;9999;9999;0;9999;9999;1;9999;0;9999;9999;1;1;9999;1;9999;0;9999;0;0;9999;9999;9999;1;0;9999;0;1;0;9999;1;9999;9999;0;0;0;9999;9999;9999;1;9999;1;9999;9999;0;9999;9999;1;9999;1;9999;1;0;0;9999;0;9999;9999;1;1;9999;9999;1;1;9999;0;9999;1;9999;1;1;9999;9999;0;9999;1;9999;1;9999;9999;1;0;1;9999;9999;0;9999;9999;9999;1;9999;1;1;9999;9999;9999;0;1;1;9999;0;9999;0;9999;0
1;1041;104102;2;2;9999;1;9999;0;0;9999;9999;1;9999;0;9999;0;0;0;9999;9999;9999;0;0;1;9999;9999;9999;0;9999;9999;0;9999;9999;0;0;0;9999;1;9999;0;9999;0;0;9999;9999;9999;0;0;9999;9999;9999;1;1;0;9999;9999;0;9999;0;0;0;9999;0;9999;9999;9999;1;9999;0;9999;9999;0;0;9999;0;9999;9999;9999;9999;1;1;0;9999;9999;9999;0;1;9999;0;1;9999;1;0;9999;9999;9999;1;9999;0;9999;0;9999;9999;1;1;0;9999;9999;1;0;1;9999;9999;9999;0;1;9999;1;9999;9999;9999;1;9999;1;0
1;1041;104103;3;3;0;666;1;9999;9999;9999;9999;9999;0;0;9999;9999;9999;9999;9999;0;1;666;666;9999;9999;9999;1;9999;0;9999;666;0;0;9999;9999;9999;0;666;1;9999;9999;9999;666;1;1;9999;9999;9999;0;9999;1;666;9999;9999;0;1;9999;9999;666;9999;9999;1;666;9999;1;9999;9999;9999;9999;0;666;1;0;1;9999;9999;1;666;0;1;9999;9999;9999;9999;666;9999;9999;0;9999;1;9999;9999;9999;1;666;1;9999;9999;9999;666;0;0;9999;9999;9999;1;1;1;9999;0;9999;9999;1;666;9999;9999;1;1;9999;1;1;9999;9999;9999;0
1;1041;104104;4;4;666;9999;9999;0;9999;0;0;0;9999;9999;9999;9999;9999;0;0;666;9999;9999;9999;9999;9999;0;1;0;9999;1;9999;9999;666;0;9999;0;666;9999;9999;9999;0;1;9999;9999;0;0;9999;9999;666;0;9999;9999;1;9999;1;9999;0;0;9999;9999;0;666;9999;9999;9999;0;9999;9999;9999;9999;9999;9999;9999;9999;9999;9999;9999;9999;9999;9999;9999;9999;9999;9999;9999;9999;9999;9999;9999;9999;9999;9999;9999;9999;9999;9999;9999;9999;9999;9999;9999;9999;9999;9999;9999;9999;9999;9999;9999;9999;9999;9999;9999;9999;9999;9999;9999;9999;9999;9999;9999;9999;9999;9999;9999
1;1041;104105;5;5;9999;1;9999;9999;0;0;0;9999;9999;0;9999;1;0;9999;0;9999;9999;0;1;0;9999;0;9999;9999;9999;1;1;9999;9999;9999;0;9999;9999;1;9999;0;0;9999;0;9999;9999;0;1;0;9999;0;9999;1;9999;0;9999;9999;9999;0;0;1;9999;9999;0;9999;9999;0;0;9999;1;0;9999;9999;9999;1;0;9999;9999;9999;666;9999;0;0;9999;9999;9999;0;1;0;1;9999;9999;0;1;0;9999;1;1;9999;1;9999;9999;0;9999;0;1;9999;9999;9999;1;9999;1;9999;1;9999;0;1;0;9999;9999;9999;1;1;9999;0;9999
1;1041;104106;6;6;9999;9999;0;0;9999;0;0;1;0;9999;9999;9999;9999;0;1;9999;1;9999;9999;9999;9999;0;9999;0;0;0;9999;0;9999;0;9999;1;9999;9999;0;9999;0;0;9999;0;9999;0;9999;9999;9999;1;1;9999;1;9999;9999;1;0;0;9999;9999;0;9999;9999;9999;0;0;666;0;9999;9999;1;9999;9999;9999;9999;0;1;1;9999;9999;0;9999;1;1;1;9999;1;9999;9999;9999;0;9999;1;9999;0;9999;0;1;9999;1;9999;9999;0;9999;1;9999;0;1;0;9999;9999;1;9999;0;1;9999;9999;9999;1;1;9999;1;0;9999;9999
1;1041;104107;1;1;0;9999;1;9999;0;9999;9999;9999;0;9999;9999;1;0;9999;9999;0;1;9999;9999;0;9999;9999;1;9999;0;9999;9999;1;0;9999;0;9999;0;9999;0;0;9999;9999;9999;0;1;9999;0;0;0;9999;1;9999;9999;0;1;0;9999;9999;9999;1;9999;1;9999;9999;1;9999;9999;0;9999;0;9999;0;0;1;9999;0;9999;9999;0;1;9999;9999;1;1;9999;0;9999;0;9999;1;1;9999;9999;1;9999;1;9999;1;9999;9999;0;1;0;9999;9999;0;9999;9999;9999;1;9999;1;1;9999;9999;9999;0;1;1;9999;0;9999;0;9999;1
1;1041;104108;2;2;9999;0;9999;666;0;9999;9999;666;9999;0;9999;1;0;666;9999;9999;9999;0;1;1;9999;9999;9999;0;9999;9999;1;9999;9999;666;0;0;9999;0;9999;0;9999;666;0;9999;9999;9999;1;0;9999;9999;9999;1;1;0;9999;9999;0;9999;1;0;666;9999;0;9999;9999;9999;0;9999;1;9999;9999;0;1;9999;0;9999;9999;9999;9999;1;0;0;9999;9999;9999;0;1;9999;0;0;9999;0;0;9999;9999;9999;0;9999;0;9999;1;9999;9999;1;1;0;9999;9999;0;1;0;9999;9999;9999;1;1;9999;0;9999;9999;9999;0;9999;0;0
1;1041;104109;3;3;1;666;0;9999;9999;9999;9999;9999;0;0;9999;9999;9999;9999;9999;0;1;1;0;9999;9999;9999;1;9999;0;9999;0;1;1;9999;9999;9999;0;1;0;9999;9999;9999;0;0;1;9999;9999;9999;0;9999;1;0;9999;9999;1;0;9999;9999;1;9999;9999;1;0;9999;1;9999;9999;9999;9999;0;0;0;0;1;9999;9999;1;0;0;0;9999;9999;9999;9999;1;9999;9999;0;9999;1;9999;9999;9999;1;0;0;9999;9999;9999;0;1;0;9999;9999;9999;0;0;1;9999;1;9999;9999;1;1;9999;9999;0;1;9999;1;1;9999;9999;9999;1
1;1041;104110;4;4;666;9999;9999;0;9999;0;1;1;9999;9999;9999;9999;9999;0;0;666;9999;9999;9999;9999;9999;0;0;0;9999;1;9999;9999;666;0;9999;0;0;9999;9999;9999;0;0;9999;9999;0;0;9999;9999;0;0;9999;9999;1;9999;0;9999;0;0;9999;9999;1;666;9999;9999;9999;0;9999;666;1;9999;1;9999;9999;9999;0;666;1;0;9999;9999;9999;1;666;666;0;9999;9999;9999;1;9999;666;0;9999;9999;0;9999;9999;666;0;0;9999;9999;666;1;9999;9999;0;0;9999;9999;0;666;9999;0;9999;1;9999;9999;666;0;9999;9999;666;1;9999
1;1041;104112;6;6;9999;9999;0;0;9999;0;1;1;0;9999;9999;9999;9999;0;0;9999;666;9999;9999;9999;9999;0;9999;1;666;0;9999;666;9999;0;9999;1;9999;9999;666;9999;0;0;9999;0;9999;0;9999;9999;9999;1;666;9999;1;9999;9999;666;1;1;9999;9999;0;9999;9999;9999;666;1;0;0;9999;9999;1;9999;9999;9999;9999;0;1;1;9999;9999;0;9999;1;0;0;9999;1;9999;9999;9999;1;9999;0;9999;0;9999;0;1;9999;0;9999;9999;0;9999;1;9999;1;0;0;9999;9999;0;9999;0;1;9999;9999;9999;0;1;9999;1;0;9999;9999
1;1041;104113;1;1;1;9999;0;9999;0;9999;9999;9999;1;9999;9999;1;0;9999;9999;0;1;9999;9999;0;9999;0;1;9999;0;9999;9999;0;0;9999;0;9999;0;9999;0;666;9999;9999;9999;1;0;9999;1;0;0;9999;0;9999;9999;0;0;0;9999;9999;9999;0;9999;1;9999;9999;1;9999;9999;0;9999;0;9999;0;0;0;9999;0;9999;9999;0;1;9999;9999;1;1;9999;0;9999;0;9999;1;0;9999;9999;0;9999;0;9999;1;9999;9999;666;0;0;9999;9999;0;9999;9999;9999;1;9999;1;1;9999;9999;9999;0;0;1;9999;0;9999;1;9999;0
1;1041;104114;2;2;9999;1;9999;666;0;9999;9999;0;9999;0;9999;1;0;666;9999;9999;9999;0;1;0;9999;9999;9999;0;9999;9999;0;9999;9999;666;0;0;9999;1;9999;0;9999;666;0;9999;9999;9999;0;1;9999;9999;9999;1;1;0;9999;9999;0;9999;0;1;666;9999;0;9999;9999;9999;1;9999;1;9999;9999;1;0;9999;1;9999;9999;9999;9999;0;1;0;9999;9999;9999;0;1;9999;1;1;9999;1;0;9999;9999;9999;0;9999;0;9999;1;9999;9999;1;0;0;9999;9999;1;1;0;9999;9999;9999;0;1;9999;0;9999;9999;9999;1;9999;0;0
1;1051;105101;1;1;0;9999;1;9999;666;9999;9999;9999;0;9999;9999;1;666;9999;9999;0;1;9999;9999;0;9999;9999;1;9999;0;9999;9999;1;1;9999;666;9999;0;9999;1;666;9999;9999;9999;1;1;9999;0;1;0;9999;0;9999;9999;0;1;0;9999;9999;9999;1;9999;0;9999;9999;1;9999;9999;0;9999;0;9999;666;666;1;9999;0;9999;9999;1;666;9999;9999;1;0;9999;9999;9999;0;9999;1;0;9999;9999;0;9999;0;9999;1;9999;9999;666;0;0;9999;9999;0;9999;9999;9999;666;9999;0;1;9999;9999;9999;0;666;0;9999;0;9999;0;9999;666
1;1051;105102;2;2;9999;666;9999;666;0;9999;9999;666;9999;9999;0;1;1;666;9999;9999;9999;0;1;1;0;9999;9999;666;9999;9999;1;9999;9999;666;1;666;9999;1;9999;1;9999;666;1;9999;9999;9999;1;0;9999;9999;9999;0;666;1;9999;9999;666;9999;1;1;666;9999;9999;0;9999;9999;1;9999;1;9999;9999;1;0;9999;0;9999;9999;9999;9999;1;0;1;9999;9999;9999;0;1;9999;666;1;9999;666;0;9999;9999;9999;0;9999;0;9999;0;9999;9999;1;1;1;9999;9999;1;0;0;9999;9999;9999;0;666;9999;0;9999;9999;9999;0;9999;0;0
1;1051;105103;3;3;0;1;0;9999;9999;9999;9999;9999;0;9999;1;9999;9999;9999;9999;0;1;0;0;9999;0;9999;1;9999;0;9999;1;1;1;9999;9999;9999;0;1;0;9999;9999;9999;0;0;1;9999;9999;9999;0;9999;0;0;9999;9999;0;0;9999;9999;1;9999;9999;1;9999;0;1;9999;9999;9999;9999;0;1;1;1;1;9999;9999;1;0;0;1;9999;9999;9999;9999;0;9999;9999;0;9999;1;9999;9999;9999;1;1;1;9999;9999;9999;0;1;0;9999;9999;9999;0;1;1;9999;1;9999;9999;1;0;9999;9999;1;1;9999;1;0;9999;9999;9999;0
1;1051;105104;4;4;666;9999;9999;0;9999;0;0;0;9999;9999;9999;9999;9999;1;1;666;9999;9999;9999;9999;9999;9999;0;0;9999;1;9999;9999;666;1;9999;0;666;9999;9999;9999;0;0;9999;9999;0;0;9999;9999;666;1;9999;9999;1;9999;0;9999;1;1;9999;9999;0;666;9999;9999;9999;1;9999;666;1;9999;0;9999;9999;9999;1;1;1;0;9999;9999;9999;1;666;666;1;0;9999;9999;0;9999;666;0;9999;9999;1;9999;9999;666;0;0;9999;9999;666;1;9999;9999;1;0;9999;9999;0;666;9999;0;9999;1;9999;9999;666;1;9999;9999;666;1;9999
1;1051;105105;5;5;9999;1;9999;9999;0;1;0;9999;9999;9999;1;1;1;9999;0;9999;9999;1;0;1;0;0;9999;9999;9999;1;1;9999;9999;9999;0;9999;9999;0;9999;0;0;9999;0;9999;9999;0;0;0;9999;1;9999;0;9999;1;9999;9999;9999;1;0;1;9999;9999;9999;1;9999;0;0;9999;1;0;9999;9999;9999;0;1;9999;9999;9999;0;9999;0;0;9999;9999;9999;9999;0;0;1;9999;9999;0;0;1;9999;1;0;9999;0;9999;9999;0;9999;0;1;9999;9999;9999;0;9999;0;9999;1;9999;0;1;0;9999;9999;9999;1;0;9999;0;9999
1;1051;105106;6;6;9999;9999;1;1;9999;0;1;1;1;9999;9999;9999;9999;1;0;9999;0;9999;9999;9999;9999;9999;9999;1;666;1;9999;666;9999;0;9999;0;9999;9999;0;9999;0;0;9999;0;9999;0;9999;9999;9999;1;0;9999;1;9999;9999;666;0;0;9999;9999;1;9999;9999;9999;1;1;9999;9999;9999;9999;9999;9999;9999;9999;9999;9999;9999;9999;9999;9999;9999;9999;9999;9999;9999;9999;9999;9999;9999;9999;9999;9999;9999;9999;9999;9999;9999;9999;9999;9999;9999;9999;9999;9999;9999;9999;9999;9999;9999;9999;9999;9999;9999;9999;9999;9999;9999;9999;9999;9999;9999;9999;9999;9999;9999
1;1051;105107;1;1;0;9999;0;9999;0;9999;9999;9999;0;9999;9999;1;0;9999;9999;0;0;9999;9999;0;9999;9999;1;9999;0;9999;9999;0;0;9999;0;9999;0;9999;0;666;9999;9999;9999;1;0;9999;0;1;0;9999;1;9999;9999;0;0;1;9999;9999;9999;0;9999;0;9999;9999;1;9999;9999;1;9999;0;9999;0;0;1;9999;0;9999;9999;0;0;9999;9999;1;1;9999;0;9999;0;9999;1;0;9999;9999;0;9999;0;9999;1;9999;9999;666;0;0;9999;9999;0;9999;9999;9999;1;9999;0;1;9999;9999;9999;0;1;0;9999;1;9999;0;9999;1
1;1051;105108;2;2;9999;0;9999;0;0;9999;9999;1;9999;9999;1;1;1;0;9999;9999;9999;0;1;1;0;9999;9999;1;9999;9999;0;9999;9999;0;1;0;9999;1;9999;0;9999;1;0;9999;9999;9999;0;0;9999;9999;9999;0;1;0;9999;9999;0;9999;0;0;1;9999;9999;0;9999;9999;1;9999;0;9999;9999;0;1;9999;0;9999;9999;9999;9999;0;0;1;9999;9999;9999;0;1;9999;0;1;9999;1;1;9999;9999;9999;0;9999;1;9999;1;9999;9999;0;1;0;9999;9999;0;1;1;9999;9999;9999;1;1;9999;0;9999;9999;9999;1;9999;1;0
1;1051;105109;3;3;0;1;0;9999;9999;9999;9999;9999;0;9999;1;9999;9999;9999;9999;0;0;1;0;9999;0;9999;1;9999;0;9999;1;0;0;9999;9999;9999;1;1;0;9999;9999;9999;0;0;1;9999;9999;9999;0;9999;1;1;9999;9999;1;0;9999;9999;0;9999;9999;1;9999;0;1;9999;9999;9999;9999;0;0;0;0;1;9999;9999;1;0;0;0;9999;9999;9999;9999;0;9999;9999;0;9999;1;9999;9999;9999;0;0;0;9999;9999;9999;666;0;0;9999;9999;9999;0;1;0;9999;1;9999;9999;0;0;9999;9999;0;0;9999;0;0;9999;9999;9999;0
1;1051;105110;4;4;666;9999;9999;0;9999;0;0;0;9999;9999;9999;9999;9999;1;0;666;9999;9999;9999;9999;9999;0;0;0;9999;0;9999;9999;666;1;9999;0;666;9999;9999;9999;0;0;9999;9999;1;0;9999;9999;666;0;9999;9999;1;9999;0;9999;0;0;9999;9999;0;666;9999;9999;9999;0;9999;0;1;9999;0;9999;9999;9999;0;0;1;0;9999;9999;9999;0;0;1;0;0;9999;9999;1;9999;1;0;9999;9999;0;9999;9999;1;0;0;9999;9999;0;0;9999;9999;0;0;9999;9999;1;1;9999;0;9999;0;9999;9999;0;0;9999;9999;0;0;9999
1;1051;105111;5;5;9999;0;9999;9999;0;0;1;9999;9999;9999;0;0;0;9999;0;9999;9999;1;1;1;0;0;9999;9999;9999;1;1;9999;9999;9999;0;9999;9999;1;9999;0;666;9999;1;9999;9999;0;0;0;9999;1;9999;0;9999;0;9999;9999;9999;0;0;1;9999;9999;9999;0;9999;0;0;9999;1;0;9999;9999;9999;0;0;9999;9999;9999;0;9999;0;0;9999;9999;9999;0;1;1;0;9999;9999;0;0;0;9999;0;0;9999;0;9999;9999;0;9999;0;0;9999;9999;9999;1;9999;0;9999;1;9999;0;0;0;9999;9999;9999;0;1;9999;1;9999
1;1051;105112;6;6;9999;9999;1;0;9999;0;0;1;0;9999;9999;9999;9999;0;0;9999;0;9999;9999;9999;9999;0;9999;0;0;0;9999;0;9999;0;9999;0;9999;9999;0;9999;0;0;9999;0;9999;0;9999;9999;9999;1;0;9999;0;9999;9999;1;0;1;9999;9999;1;9999;9999;9999;1;0;0;0;9999;9999;0;9999;9999;9999;9999;0;1;0;9999;9999;0;9999;1;0;0;9999;1;9999;9999;9999;1;9999;0;9999;0;9999;1;1;9999;1;9999;9999;0;9999;1;9999;0;0;0;9999;9999;0;9999;0;0;9999;9999;9999;1;1;9999;0;0;9999;9999
1;1051;105113;1;1;1;9999;1;9999;0;9999;9999;9999;1;9999;9999;1;1;9999;9999;0;0;9999;9999;1;9999;9999;1;9999;0;9999;9999;0;0;9999;1;9999;0;9999;0;0;9999;9999;9999;0;1;9999;1;0;0;9999;1;9999;9999;0;0;0;9999;9999;9999;0;9999;1;9999;9999;0;9999;9999;1;9999;0;9999;1;0;1;9999;0;9999;9999;0;1;9999;9999;1;1;9999;0;9999;1;9999;1;0;9999;9999;1;9999;1;9999;1;9999;9999;1;0;0;9999;9999;1;9999;9999;9999;1;9999;1;1;9999;9999;9999;0;0;1;9999;1;9999;0;9999;0
1;1051;105114;2;2;9999;1;9999;0;0;9999;9999;1;9999;9999;1;1;0;0;9999;9999;9999;0;1;0;0;9999;9999;0;9999;9999;1;9999;9999;0;0;1;9999;1;9999;0;9999;0;0;9999;9999;9999;0;1;9999;9999;9999;1;1;0;9999;9999;1;9999;1;1;0;9999;9999;0;9999;9999;0;9999;1;9999;9999;0;0;9999;1;9999;9999;9999;9999;0;1;1;9999;9999;9999;0;0;9999;0;1;9999;0;1;9999;9999;9999;0;9999;0;9999;1;9999;9999;0;1;0;9999;9999;1;1;0;9999;9999;9999;0;0;9999;1;9999;9999;9999;0;9999;1;0
1;1052;105201;3;3;666;666;1;9999;9999;9999;9999;9999;0;666;9999;9999;9999;9999;9999;666;1;666;666;9999;9999;9999;0;9999;0;9999;666;0;666;9999;9999;9999;0;666;0;9999;9999;9999;666;1;1;9999;9999;9999;0;9999;1;666;9999;9999;0;0;9999;9999;666;9999;9999;666;666;9999;1;9999;9999;9999;9999;0;1;1;0;1;9999;9999;1;0;0;1;9999;9999;9999;9999;0;9999;9999;0;9999;1;9999;9999;9999;0;1;0;9999;9999;9999;1;0;0;9999;9999;9999;1;0;0;9999;0;9999;9999;0;0;9999;9999;0;0;9999;0;0;9999;9999;9999;0
1;1052;105202;4;4;0;9999;9999;0;9999;0;0;1;9999;9999;9999;9999;9999;0;1;0;9999;9999;9999;9999;9999;0;1;1;9999;1;9999;9999;0;0;9999;0;0;9999;9999;9999;0;0;9999;9999;1;0;9999;9999;0;1;9999;9999;1;9999;0;9999;0;1;9999;9999;1;0;9999;9999;9999;0;9999;1;1;9999;0;9999;9999;9999;1;0;1;0;9999;9999;9999;0;1;0;1;9999;9999;9999;1;9999;1;0;9999;9999;0;9999;9999;1;1;1;9999;9999;0;1;9999;9999;0;1;9999;9999;1;1;9999;0;9999;1;9999;9999;1;1;9999;9999;0;1;9999
1;1052;105203;5;5;9999;1;9999;9999;0;0;0;9999;9999;0;9999;1;1;9999;1;9999;9999;1;1;0;9999;0;9999;9999;9999;1;1;9999;9999;9999;1;9999;9999;1;9999;1;0;9999;0;9999;9999;0;1;1;9999;1;9999;1;9999;0;9999;9999;9999;1;1;0;9999;9999;0;9999;9999;0;1;9999;1;0;9999;9999;9999;1;0;9999;9999;9999;0;9999;0;0;9999;9999;9999;9999;1;1;1;9999;9999;1;1;1;9999;1;0;9999;0;9999;9999;1;9999;1;0;9999;9999;9999;0;9999;1;9999;1;9999;0;1;0;9999;9999;9999;1;0;9999;1;9999
1;1052;105204;6;6;9999;9999;1;0;9999;0;0;0;0;9999;9999;9999;9999;1;0;9999;0;9999;9999;9999;9999;0;9999;0;0;1;9999;0;9999;0;9999;0;9999;9999;0;9999;0;0;9999;1;9999;0;9999;9999;9999;0;0;9999;1;9999;9999;0;1;1;9999;9999;1;9999;9999;9999;0;0;666;0;9999;9999;0;9999;9999;9999;9999;0;1;0;9999;9999;666;9999;1;0;0;9999;1;9999;9999;9999;0;9999;666;9999;0;9999;666;0;9999;0;9999;9999;0;9999;1;9999;1;0;666;9999;9999;1;9999;0;0;9999;9999;9999;0;1;9999;666;0;9999;9999
1;1052;105205;1;1;0;9999;1;9999;0;9999;9999;9999;1;9999;9999;0;1;9999;9999;0;1;9999;9999;0;9999;0;1;9999;0;9999;9999;0;1;9999;0;9999;0;9999;1;1;9999;9999;9999;1;1;9999;0;1;0;9999;1;9999;9999;0;0;0;9999;9999;9999;1;9999;1;9999;9999;0;9999;9999;666;9999;666;9999;666;666;666;9999;666;9999;9999;666;666;9999;9999;666;666;9999;9999;9999;666;9999;666;666;9999;9999;666;9999;0;9999;666;9999;9999;666;666;666;9999;9999;666;9999;9999;9999;666;9999;666;1;9999;9999;9999;666;666;666;9999;666;9999;666;9999;666
1;1052;105206;2;2;9999;9999;9999;9999;9999;9999;9999;9999;9999;9999;9999;9999;9999;9999;9999;9999;9999;9999;9999;9999;9999;9999;9999;9999;9999;9999;9999;9999;9999;9999;9999;9999;9999;9999;9999;9999;9999;9999;9999;9999;9999;9999;9999;9999;9999;9999;9999;9999;9999;9999;9999;9999;9999;9999;9999;9999;9999;9999;9999;9999;9999;9999;0;9999;1;9999;9999;0;0;9999;0;9999;9999;9999;9999;1;0;0;9999;9999;9999;0;0;9999;0;0;9999;0;0;9999;9999;9999;0;9999;0;9999;0;9999;9999;1;1;0;9999;9999;0;0;1;9999;9999;9999;0;0;9999;0;9999;9999;9999;1;9999;0;0
1;1052;105207;3;3;1;0;0;9999;9999;9999;9999;9999;0;0;9999;9999;9999;9999;9999;0;0;0;0;9999;9999;0;1;9999;0;9999;0;0;0;9999;9999;9999;0;1;0;9999;9999;9999;0;0;1;9999;9999;9999;0;9999;0;0;9999;9999;1;0;9999;9999;0;9999;9999;0;0;9999;1;9999;9999;9999;9999;9999;9999;9999;9999;9999;9999;9999;9999;9999;9999;9999;9999;9999;9999;9999;9999;9999;9999;9999;9999;9999;9999;9999;9999;9999;9999;9999;9999;9999;9999;9999;9999;9999;9999;9999;9999;9999;9999;9999;9999;9999;9999;9999;9999;9999;9999;9999;9999;9999;9999;9999;9999;9999;9999;9999;9999
1;1052;105208;4;4;0;9999;9999;0;9999;0;0;0;9999;9999;9999;9999;9999;0;0;0;9999;9999;9999;9999;9999;0;1;0;9999;1;9999;9999;0;0;9999;0;0;9999;9999;9999;0;0;9999;9999;1;1;9999;9999;0;0;9999;9999;1;9999;1;9999;1;0;9999;9999;1;0;9999;9999;9999;0;9999;1;0;9999;0;9999;9999;9999;0;0;1;0;9999;9999;9999;0;1;1;1;0;9999;9999;0;9999;1;0;9999;9999;1;9999;9999;1;0;0;9999;9999;0;0;9999;9999;1;0;9999;9999;0;0;9999;0;9999;1;9999;9999;0;0;9999;9999;0;0;9999
1;1052;105209;5;5;9999;1;9999;9999;0;0;1;9999;9999;0;9999;0;0;9999;0;9999;9999;0;0;1;9999;0;9999;9999;9999;0;1;9999;9999;9999;0;9999;9999;0;9999;0;666;9999;0;9999;9999;0;0;0;9999;0;9999;0;9999;0;9999;9999;9999;0;0;0;9999;9999;0;9999;9999;0;0;9999;0;0;9999;9999;9999;0;0;9999;9999;9999;0;9999;0;0;9999;9999;9999;0;0;0;0;9999;9999;0;0;0;9999;0;0;9999;0;9999;9999;1;9999;0;0;9999;9999;9999;0;9999;1;9999;1;9999;1;0;0;9999;9999;9999;0;1;9999;0;9999
1;1052;105210;6;6;9999;9999;0;0;9999;0;0;0;0;9999;9999;9999;9999;0;0;9999;0;9999;9999;9999;9999;0;9999;0;0;1;9999;0;9999;0;9999;0;9999;9999;0;9999;0;0;9999;0;9999;0;9999;9999;9999;0;0;9999;0;9999;9999;0;0;0;9999;9999;1;9999;9999;9999;0;0;0;0;9999;9999;0;9999;9999;9999;9999;0;0;0;9999;9999;0;9999;1;0;1;9999;0;9999;9999;9999;1;9999;0;9999;0;9999;0;0;9999;0;9999;9999;0;9999;0;9999;0;0;0;9999;9999;0;9999;0;0;9999;9999;9999;0;0;9999;1;0;9999;9999
1;1052;105211;1;1;0;9999;1;9999;0;9999;9999;9999;0;9999;9999;1;0;9999;9999;0;1;9999;9999;0;9999;9999;1;9999;0;9999;9999;1;1;9999;1;9999;0;9999;0;1;9999;9999;9999;0;1;9999;0;1;0;9999;0;9999;9999;1;0;0;9999;9999;9999;1;9999;1;9999;9999;1;9999;9999;0;9999;0;9999;0;0;1;9999;0;9999;9999;0;1;9999;9999;1;0;9999;0;9999;1;9999;1;1;9999;9999;0;9999;1;9999;0;9999;9999;666;0;0;9999;9999;0;9999;9999;9999;0;9999;0;1;9999;9999;9999;0;1;1;9999;1;9999;0;9999;0
1;1052;105212;2;2;9999;1;9999;0;0;9999;9999;1;9999;1;9999;1;0;0;9999;9999;9999;1;0;0;9999;9999;9999;0;9999;9999;0;9999;9999;0;0;0;9999;1;9999;0;9999;0;1;9999;9999;9999;0;0;9999;9999;9999;1;1;0;9999;9999;1;9999;0;1;1;9999;0;9999;9999;9999;9999;9999;9999;9999;9999;9999;9999;9999;9999;9999;9999;9999;9999;9999;9999;9999;9999;9999;9999;9999;9999;9999;9999;9999;9999;9999;9999;9999;9999;9999;9999;9999;9999;9999;9999;9999;9999;9999;9999;9999;9999;9999;9999;9999;9999;9999;9999;9999;9999;9999;9999;9999;9999;9999;9999;9999;9999;9999;9999
1;1052;105213;3;3;0;0;1;9999;9999;9999;9999;9999;0;0;9999;9999;9999;9999;9999;0;1;1;0;9999;9999;9999;1;9999;0;9999;0;0;1;9999;9999;9999;0;0;0;9999;9999;9999;0;0;0;9999;9999;9999;0;9999;1;0;9999;9999;1;0;9999;9999;0;9999;9999;0;0;9999;0;9999;9999;9999;9999;0;0;0;0;0;9999;9999;1;0;0;0;9999;9999;9999;9999;0;0;9999;0;9999;0;9999;9999;9999;0;0;0;9999;9999;9999;0;0;0;9999;9999;9999;0;1;1;9999;0;9999;9999;0;0;9999;9999;0;0;9999;1;1;9999;9999;9999;0
1;1052;105214;4;4;1;9999;9999;0;9999;1;0;1;9999;9999;9999;9999;9999;0;0;0;9999;9999;9999;9999;9999;9999;1;0;9999;1;9999;9999;0;0;9999;0;0;9999;9999;9999;0;0;9999;9999;1;0;9999;9999;0;0;9999;9999;1;9999;0;9999;1;0;9999;9999;1;1;9999;9999;9999;0;9999;1;1;9999;0;9999;9999;9999;1;0;1;1;9999;9999;9999;1;1;1;0;9999;9999;9999;1;9999;0;1;9999;9999;1;9999;9999;1;0;0;9999;9999;0;1;9999;9999;0;0;9999;9999;1;0;9999;0;9999;0;9999;9999;1;1;9999;9999;0;1;9999
1;1052;105215;5;5;9999;0;9999;9999;0;0;1;9999;9999;0;9999;0;0;9999;0;9999;9999;0;0;0;9999;0;9999;9999;9999;0;1;9999;9999;9999;0;9999;9999;1;9999;0;0;9999;1;9999;9999;0;0;1;9999;0;9999;0;9999;0;9999;9999;9999;1;0;1;9999;9999;0;9999;9999;0;0;9999;0;1;9999;9999;9999;0;0;9999;9999;9999;0;9999;0;1;9999;9999;9999;9999;1;0;0;9999;9999;1;1;0;9999;1;1;9999;0;9999;9999;0;9999;1;1;9999;9999;9999;1;9999;1;9999;1;9999;0;1;1;9999;9999;9999;1;1;9999;1;9999
1;1061;106101;5;5;9999;1;9999;9999;0;0;0;9999;9999;0;9999;0;0;9999;0;9999;9999;0;1;1;9999;0;9999;9999;9999;1;0;9999;9999;9999;0;9999;9999;1;9999;0;0;9999;0;9999;9999;0;0;0;9999;0;9999;1;9999;0;9999;9999;9999;0;1;1;9999;9999;0;9999;9999;0;1;9999;0;0;9999;9999;9999;0;1;9999;9999;9999;1;9999;0;0;9999;9999;9999;9999;0;0;0;9999;9999;0;1;0;9999;1;0;9999;0;9999;9999;0;9999;0;1;9999;9999;9999;0;9999;1;9999;1;9999;0;0;0;9999;9999;9999;1;0;9999;0;9999
1;1061;106102;6;6;9999;9999;0;0;9999;0;0;1;0;9999;9999;9999;9999;0;0;9999;1;9999;9999;9999;9999;0;9999;0;0;1;9999;0;9999;0;9999;0;9999;9999;0;9999;0;0;9999;0;9999;0;9999;9999;9999;0;1;9999;1;9999;9999;1;0;0;9999;9999;0;9999;9999;9999;1;0;1;0;9999;9999;0;9999;9999;9999;9999;0;1;0;9999;9999;0;9999;0;1;1;9999;1;9999;9999;9999;1;9999;0;9999;1;9999;0;1;9999;0;9999;9999;0;9999;1;9999;0;0;0;9999;9999;0;9999;0;0;9999;9999;9999;1;1;9999;0;0;9999;9999
1;1061;106103;1;1;0;9999;0;9999;0;9999;9999;9999;1;9999;9999;1;0;9999;9999;0;1;9999;9999;0;9999;0;0;9999;0;9999;9999;0;1;9999;0;9999;1;9999;0;0;9999;9999;9999;0;1;9999;0;0;0;9999;1;9999;9999;0;0;1;9999;9999;9999;0;9999;1;9999;9999;0;9999;9999;0;9999;0;9999;0;0;1;9999;0;9999;9999;0;1;9999;9999;0;1;9999;0;9999;0;9999;1;0;9999;9999;0;9999;0;9999;1;9999;9999;0;1;0;9999;9999;0;9999;9999;9999;1;9999;0;1;9999;9999;9999;1;0;1;9999;0;9999;0;9999;0
1;1061;106104;2;2;9999;666;9999;666;0;9999;9999;666;9999;0;9999;1;0;666;9999;9999;9999;0;1;1;9999;9999;9999;666;9999;9999;1;9999;9999;666;0;666;9999;1;9999;0;9999;666;0;9999;9999;9999;0;1;9999;9999;9999;1;666;0;9999;9999;666;9999;0;0;666;9999;0;9999;9999;9999;0;9999;0;9999;9999;0;0;9999;0;9999;9999;9999;9999;0;0;1;9999;9999;9999;0;1;9999;0;1;9999;0;0;9999;9999;9999;1;9999;0;9999;0;9999;9999;1;1;0;9999;9999;0;1;1;9999;9999;9999;0;0;9999;0;9999;9999;9999;0;9999;1;0
1;1061;106105;3;9999;1;666;0;9999;9999;9999;9999;9999;0;0;9999;9999;9999;9999;9999;1;0;1;1;9999;9999;9999;1;9999;0;9999;1;0;1;9999;9999;9999;1;1;0;9999;9999;9999;0;1;1;9999;9999;9999;0;9999;1;1;9999;9999;1;0;9999;9999;666;9999;9999;1;0;9999;1;9999;9999;9999;9999;9999;9999;9999;9999;9999;9999;9999;9999;9999;9999;9999;9999;9999;9999;9999;9999;9999;9999;9999;9999;9999;9999;9999;9999;9999;9999;9999;9999;9999;9999;9999;9999;9999;9999;9999;9999;9999;9999;9999;9999;9999;9999;9999;9999;9999;9999;9999;9999;9999;9999;9999;9999;9999;9999;9999;9999
1;1061;106106;4;4;0;9999;9999;0;9999;0;1;1;9999;9999;9999;9999;9999;0;0;0;9999;9999;9999;9999;9999;0;1;0;9999;1;9999;9999;0;0;9999;0;1;9999;9999;9999;0;1;9999;9999;1;0;9999;9999;0;0;9999;9999;1;9999;0;9999;0;0;9999;9999;0;1;9999;9999;9999;0;9999;1;1;9999;0;9999;9999;9999;1;0;1;0;9999;9999;9999;0;0;0;0;9999;9999;9999;0;9999;1;1;9999;9999;0;9999;9999;1;1;0;9999;9999;0;1;9999;9999;1;0;9999;9999;0;0;9999;0;9999;1;9999;9999;1;1;9999;9999;0;1;9999
1;1061;106107;5;5;9999;0;9999;9999;0;0;0;9999;9999;1;9999;1;0;9999;0;9999;9999;0;0;1;9999;0;9999;9999;9999;0;0;9999;9999;9999;0;9999;9999;1;9999;0;0;9999;0;9999;9999;0;0;0;9999;0;9999;0;9999;1;9999;9999;9999;0;0;0;9999;9999;0;9999;9999;0;0;9999;1;0;9999;9999;9999;0;0;9999;9999;9999;0;9999;0;1;9999;9999;9999;0;1;0;1;9999;9999;0;0;0;9999;0;0;9999;0;9999;9999;0;9999;1;0;9999;9999;9999;0;9999;0;9999;1;9999;0;0;0;9999;9999;9999;1;1;9999;0;9999
1;1061;106108;6;6;9999;9999;0;0;9999;0;0;0;0;9999;9999;9999;9999;0;1;9999;0;9999;9999;9999;9999;0;9999;0;0;1;9999;0;9999;0;9999;0;9999;9999;0;9999;0;0;9999;0;9999;0;9999;9999;9999;1;1;9999;1;9999;9999;0;0;0;9999;9999;1;9999;9999;9999;1;0;1;0;9999;9999;0;9999;9999;9999;9999;0;1;0;9999;9999;0;9999;1;0;0;9999;0;9999;9999;9999;1;9999;0;9999;0;9999;1;0;9999;0;9999;9999;0;9999;0;9999;0;0;0;9999;9999;1;9999;0;0;9999;9999;9999;0;0;9999;1;0;9999;9999
1;1061;106109;1;1;0;9999;0;9999;0;9999;9999;9999;0;9999;9999;0;0;9999;9999;0;1;9999;9999;0;9999;9999;1;9999;0;9999;9999;1;1;9999;1;9999;0;9999;0;1;9999;9999;9999;0;1;9999;0;0;0;9999;0;9999;9999;0;0;0;9999;9999;9999;0;9999;1;9999;9999;0;9999;9999;0;9999;0;9999;0;1;0;9999;0;9999;9999;0;0;9999;9999;1;1;9999;0;9999;0;9999;1;0;9999;9999;0;9999;0;9999;1;9999;9999;0;0;0;9999;9999;0;9999;9999;9999;1;9999;0;1;9999;9999;9999;1;1;0;9999;0;9999;0;9999;0
1;1061;106110;2;2;9999;1;9999;0;0;9999;9999;1;9999;0;9999;1;0;0;9999;9999;9999;0;1;0;9999;9999;9999;0;9999;9999;0;9999;9999;0;1;0;9999;0;9999;0;9999;0;0;9999;9999;9999;0;0;9999;9999;9999;1;1;0;9999;9999;0;9999;0;1;1;9999;0;9999;9999;9999;0;9999;0;9999;9999;0;0;9999;0;9999;9999;9999;9999;0;0;0;9999;9999;9999;0;0;9999;0;0;9999;0;0;9999;9999;9999;0;9999;0;9999;0;9999;9999;0;1;0;9999;9999;0;0;1;9999;9999;9999;1;0;9999;0;9999;9999;9999;1;9999;0;0
1;1061;106111;3;3;0;666;1;9999;9999;9999;9999;9999;0;0;9999;9999;9999;9999;9999;1;0;0;0;9999;9999;9999;1;9999;0;9999;666;1;1;9999;9999;9999;0;1;0;9999;9999;9999;1;0;1;9999;9999;9999;0;9999;0;0;9999;9999;0;1;9999;9999;666;9999;9999;0;0;9999;1;9999;9999;9999;9999;0;0;0;1;0;9999;9999;1;1;0;0;9999;9999;9999;9999;0;0;9999;0;9999;1;9999;9999;9999;0;0;0;9999;9999;9999;1;0;0;9999;9999;9999;0;1;0;9999;0;9999;9999;1;0;9999;9999;1;0;9999;1;1;9999;9999;9999;1
1;1061;106112;4;4;666;9999;9999;0;9999;0;1;0;9999;9999;9999;9999;9999;0;0;666;9999;9999;9999;9999;9999;0;1;1;9999;0;9999;9999;666;0;9999;0;0;9999;9999;9999;0;0;9999;9999;1;0;9999;9999;0;0;9999;9999;1;9999;1;9999;0;0;9999;9999;0;666;9999;9999;9999;1;9999;0;1;9999;0;9999;9999;9999;1;0;1;0;9999;9999;9999;1;1;1;0;9999;9999;9999;1;9999;0;1;9999;9999;1;9999;9999;1;0;0;9999;9999;1;0;9999;9999;0;1;9999;9999;0;1;9999;0;9999;1;9999;9999;0;1;9999;9999;1;1;9999
1;1061;106113;5;5;9999;1;9999;9999;0;0;1;9999;9999;0;9999;1;0;9999;0;9999;9999;1;1;1;9999;0;9999;9999;9999;0;1;9999;9999;9999;1;9999;9999;1;9999;1;0;9999;0;9999;9999;0;1;1;9999;1;9999;0;9999;0;9999;9999;9999;0;1;0;9999;9999;0;9999;9999;0;1;9999;1;0;9999;9999;9999;1;1;9999;9999;9999;1;9999;0;1;9999;9999;9999;9999;1;0;1;9999;9999;1;1;1;9999;1;0;9999;0;9999;9999;0;9999;1;1;9999;9999;9999;1;9999;1;9999;0;9999;0;0;1;9999;9999;9999;0;1;9999;1;9999
1;1061;106114;6;6;9999;9999;1;0;9999;0;0;1;0;9999;9999;9999;9999;0;0;9999;0;9999;9999;9999;9999;1;9999;0;0;1;9999;0;9999;0;9999;1;9999;9999;0;9999;0;0;9999;1;9999;0;9999;9999;9999;1;1;9999;1;9999;9999;0;1;0;9999;9999;1;9999;9999;9999;1;0;9999;9999;9999;9999;9999;9999;9999;9999;9999;9999;9999;9999;9999;9999;9999;9999;9999;9999;9999;9999;9999;9999;9999;9999;9999;9999;9999;9999;9999;9999;9999;9999;9999;9999;9999;9999;9999;9999;9999;9999;9999;9999;9999;9999;9999;9999;9999;9999;9999;9999;9999;9999;9999;9999;9999;9999;9999;9999;9999
1;1061;106115;1;1;1;9999;1;9999;0;9999;9999;9999;0;9999;9999;1;1;9999;9999;0;0;9999;9999;0;9999;0;1;9999;0;9999;9999;0;1;9999;1;9999;0;9999;0;0;9999;9999;9999;0;1;9999;1;0;0;9999;1;9999;9999;1;0;1;9999;9999;9999;0;9999;1;9999;9999;1;9999;9999;0;9999;1;9999;0;1;0;9999;1;9999;9999;0;1;9999;9999;1;1;9999;0;9999;0;9999;1;1;9999;9999;1;9999;1;9999;1;9999;9999;0;0;0;9999;9999;1;9999;9999;9999;0;9999;1;0;9999;9999;9999;1;1;1;9999;1;9999;0;9999;0
1;1061;106116;2;2;9999;1;9999;0;0;9999;9999;0;9999;0;9999;0;0;0;9999;9999;9999;1;1;0;9999;9999;9999;0;9999;9999;1;9999;9999;0;1;0;9999;1;9999;0;9999;0;0;9999;9999;9999;0;0;9999;9999;9999;1;0;1;9999;9999;0;9999;0;0;1;9999;0;9999;9999;9999;0;9999;1;9999;9999;1;0;9999;1;9999;9999;9999;9999;0;0;0;9999;9999;9999;1;1;9999;1;1;9999;1;0;9999;9999;9999;0;9999;0;9999;0;9999;9999;1;1;0;9999;9999;1;0;0;9999;9999;9999;0;0;9999;1;9999;9999;9999;1;9999;0;0
1;1061;106117;3;9999;1;0;0;9999;9999;9999;9999;9999;0;0;9999;9999;9999;9999;9999;0;0;1;0;9999;9999;9999;1;9999;0;9999;1;0;1;9999;9999;9999;0;0;0;9999;9999;9999;0;1;1;9999;9999;9999;0;9999;0;0;9999;9999;0;0;9999;9999;1;9999;9999;1;0;9999;1;9999;9999;9999;9999;9999;9999;9999;9999;9999;9999;9999;9999;9999;9999;9999;9999;9999;9999;9999;9999;9999;9999;9999;9999;9999;9999;9999;9999;9999;9999;9999;9999;9999;9999;9999;9999;9999;9999;9999;9999;9999;9999;9999;9999;9999;9999;9999;9999;9999;9999;9999;9999;9999;9999;9999;9999;9999;9999;9999;9999
1;1061;106118;4;4;1;9999;9999;0;9999;0;0;1;9999;9999;9999;9999;9999;1;0;0;9999;9999;9999;9999;9999;0;1;1;9999;1;9999;9999;1;0;9999;0;0;9999;9999;9999;0;0;9999;9999;1;0;9999;9999;0;0;9999;9999;1;9999;0;9999;0;0;9999;9999;1;1;9999;9999;9999;0;9999;0;1;9999;0;9999;9999;9999;1;0;1;1;9999;9999;9999;0;1;1;0;9999;9999;9999;0;9999;1;0;9999;9999;0;9999;9999;1;0;1;9999;9999;0;1;9999;9999;1;1;9999;9999;0;0;9999;0;9999;0;9999;9999;0;1;9999;9999;0;0;9999
1;1061;106119;5;9999;9999;1;9999;9999;0;666;666;9999;9999;0;9999;1;0;9999;666;9999;9999;0;0;1;9999;9999;9999;9999;9999;0;0;9999;9999;9999;0;9999;9999;1;9999;0;666;9999;0;9999;9999;0;0;0;9999;666;9999;0;9999;0;9999;9999;9999;666;0;1;9999;9999;1;9999;9999;0;9999;9999;9999;9999;9999;9999;9999;9999;9999;9999;9999;9999;9999;9999;9999;9999;9999;9999;9999;9999;9999;9999;9999;9999;9999;9999;9999;9999;9999;9999;9999;9999;9999;9999;9999;9999;9999;9999;9999;9999;9999;9999;9999;9999;9999;9999;9999;9999;9999;9999;9999;9999;9999;9999;9999;9999;9999;9999;9999
1;1061;106120;6;6;9999;9999;0;0;9999;0;0;0;0;9999;9999;9999;9999;0;0;9999;666;9999;9999;9999;9999;0;9999;0;666;1;9999;666;9999;0;9999;0;9999;9999;666;9999;0;1;9999;0;9999;0;9999;9999;9999;1;666;9999;1;9999;9999;666;0;0;9999;9999;1;9999;9999;9999;0;0;0;0;9999;9999;0;9999;9999;9999;9999;0;1;0;9999;9999;0;9999;1;1;0;9999;1;9999;9999;9999;1;9999;0;9999;1;9999;1;1;9999;0;9999;9999;0;9999;1;9999;1;1;0;9999;9999;0;9999;0;0;9999;9999;9999;1;1;9999;0;1;9999;9999
1;1061;106121;1;1;0;9999;0;9999;0;9999;9999;9999;0;9999;9999;0;0;9999;9999;0;0;9999;9999;0;9999;0;0;9999;0;9999;9999;0;0;9999;1;9999;0;9999;0;0;9999;9999;9999;1;0;9999;0;0;0;9999;1;9999;9999;0;1;0;9999;9999;9999;0;9999;1;9999;9999;1;9999;9999;0;9999;0;9999;0;1;1;9999;0;9999;9999;1;0;9999;9999;1;1;9999;0;9999;0;9999;1;1;9999;9999;0;9999;0;9999;1;9999;9999;0;1;0;9999;9999;0;9999;9999;9999;1;9999;0;1;9999;9999;9999;1;0;1;9999;0;9999;0;9999;0
1;1062;106201;6;6;9999;9999;1;0;9999;0;0;0;0;9999;9999;9999;9999;0;0;9999;0;9999;9999;9999;9999;0;9999;0;666;0;9999;666;9999;1;9999;0;9999;9999;666;9999;0;0;9999;0;9999;0;9999;9999;9999;0;666;9999;1;9999;9999;666;1;1;9999;9999;0;9999;9999;9999;1;0;9999;9999;9999;9999;9999;9999;9999;9999;9999;9999;9999;9999;9999;9999;9999;9999;9999;9999;9999;9999;9999;9999;9999;9999;9999;9999;9999;9999;9999;9999;9999;9999;9999;9999;9999;9999;9999;9999;9999;9999;9999;9999;9999;9999;9999;9999;9999;9999;9999;9999;9999;9999;9999;9999;9999;9999;9999;9999;9999
1;1062;106202;1;1;0;9999;0;9999;0;9999;9999;9999;0;9999;9999;0;0;9999;9999;0;0;9999;9999;1;9999;9999;0;9999;0;9999;9999;1;0;9999;0;9999;0;9999;0;666;9999;9999;9999;0;0;9999;0;1;0;9999;1;9999;9999;0;0;1;9999;9999;9999;0;9999;0;9999;9999;0;9999;9999;0;9999;0;9999;0;0;0;9999;0;9999;9999;0;0;9999;9999;1;1;9999;9999;9999;0;9999;0;0;9999;9999;0;9999;0;9999;1;9999;9999;0;0;0;9999;9999;0;9999;9999;9999;0;9999;0;0;9999;9999;9999;0;0;0;9999;0;9999;0;9999;0
1;1062;106203;2;2;9999;0;9999;0;0;9999;9999;0;9999;0;9999;1;0;666;9999;9999;9999;1;0;0;9999;9999;9999;0;9999;9999;1;9999;9999;1;0;0;9999;0;9999;0;9999;0;0;9999;9999;9999;1;1;9999;9999;9999;1;1;0;9999;9999;0;9999;1;0;0;9999;0;9999;9999;9999;0;9999;1;9999;9999;0;1;9999;0;9999;9999;9999;9999;0;0;0;9999;9999;9999;1;0;9999;1;0;9999;1;0;9999;9999;9999;0;9999;0;9999;0;9999;9999;1;0;0;9999;9999;0;0;1;9999;9999;9999;1;0;9999;0;9999;9999;9999;1;9999;0;0
1;1062;106204;3;3;0;666;0;9999;9999;9999;9999;9999;1;0;9999;9999;9999;9999;9999;0;1;666;666;9999;9999;9999;1;9999;0;9999;666;1;1;9999;9999;9999;0;1;0;9999;9999;9999;0;0;1;9999;9999;9999;0;9999;0;1;9999;9999;1;0;9999;9999;666;9999;9999;1;0;9999;0;9999;9999;9999;9999;0;666;0;0;1;9999;9999;1;666;0;0;9999;9999;9999;9999;666;0;9999;1;9999;1;9999;9999;9999;0;666;0;9999;9999;9999;666;0;0;9999;9999;9999;0;1;666;9999;1;9999;9999;1;666;9999;9999;1;1;9999;1;0;9999;9999;9999;0
1;1062;106205;4;4;0;9999;9999;0;9999;0;0;1;9999;9999;9999;9999;9999;0;0;0;9999;9999;9999;9999;9999;0;1;0;9999;1;9999;9999;1;0;9999;0;0;9999;9999;9999;0;0;9999;9999;1;0;9999;9999;0;0;9999;9999;1;9999;1;9999;1;0;9999;9999;0;1;9999;9999;9999;0;9999;0;1;9999;0;9999;9999;9999;1;0;1;1;9999;9999;9999;0;1;1;0;9999;9999;9999;1;9999;1;0;9999;9999;1;9999;9999;1;0;0;9999;9999;0;1;9999;9999;1;0;9999;9999;0;0;9999;0;9999;1;9999;9999;1;1;9999;9999;0;1;9999
1;1062;106206;5;5;9999;0;9999;9999;0;0;1;9999;9999;0;9999;1;0;9999;0;9999;9999;1;0;0;9999;0;9999;9999;9999;0;0;9999;9999;9999;0;9999;9999;1;9999;0;666;9999;0;9999;9999;0;0;0;9999;1;9999;0;9999;0;9999;9999;9999;0;0;0;9999;9999;1;9999;9999;0;0;9999;1;666;9999;9999;9999;0;1;9999;9999;9999;666;9999;0;0;9999;9999;9999;0;1;0;0;9999;9999;0;0;666;9999;0;0;9999;0;9999;9999;666;9999;0;0;9999;9999;9999;0;9999;0;9999;1;9999;1;0;0;9999;9999;9999;666;0;9999;0;9999
1;1062;106207;6;6;9999;9999;0;0;9999;0;0;1;0;9999;9999;9999;9999;0;0;9999;0;9999;9999;9999;9999;1;9999;0;0;1;9999;0;9999;0;9999;1;9999;9999;0;9999;0;0;9999;1;9999;0;9999;9999;9999;0;1;9999;1;9999;9999;1;1;0;9999;9999;0;9999;9999;9999;1;1;666;1;9999;9999;0;9999;9999;9999;9999;0;1;1;9999;9999;1;9999;1;1;1;9999;0;9999;9999;9999;0;9999;1;9999;1;9999;0;1;9999;1;9999;9999;1;9999;1;9999;1;1;1;9999;9999;0;9999;1;0;9999;9999;9999;1;1;9999;1;0;9999;9999
1;1062;106208;1;1;0;9999;0;9999;0;9999;9999;9999;0;9999;9999;0;0;9999;9999;0;1;9999;9999;0;9999;9999;1;9999;0;9999;9999;0;0;9999;0;9999;0;9999;0;1;9999;9999;9999;1;1;9999;0;1;0;9999;1;9999;9999;0;1;1;9999;9999;9999;0;9999;1;9999;9999;1;9999;9999;1;9999;1;9999;1;0;1;9999;0;9999;9999;0;1;9999;9999;1;0;9999;0;9999;0;9999;1;1;9999;9999;1;9999;1;9999;1;9999;9999;1;0;0;9999;9999;0;9999;9999;9999;0;9999;0;1;9999;9999;9999;1;0;1;9999;0;9999;0;9999;0
1;1062;106209;2;2;9999;0;9999;0;0;9999;9999;1;9999;0;9999;0;0;0;9999;9999;9999;1;0;0;9999;9999;9999;0;9999;9999;1;9999;9999;0;1;0;9999;1;9999;1;9999;0;0;9999;9999;9999;0;0;9999;9999;9999;0;1;0;9999;9999;1;9999;0;1;1;9999;1;9999;9999;9999;1;9999;1;9999;9999;1;0;9999;1;9999;9999;9999;9999;1;0;0;9999;9999;9999;0;1;9999;0;1;9999;1;1;9999;9999;9999;0;9999;0;9999;0;9999;9999;1;1;0;9999;9999;0;0;1;9999;9999;9999;1;1;9999;1;9999;9999;9999;0;9999;0;0
1;1062;106210;3;3;1;0;1;9999;9999;9999;9999;9999;0;0;9999;9999;9999;9999;9999;0;0;1;0;9999;9999;9999;0;9999;0;9999;1;1;0;9999;9999;9999;0;1;0;9999;9999;9999;0;0;1;9999;9999;9999;0;9999;0;0;9999;9999;0;1;9999;9999;0;9999;9999;1;1;9999;0;9999;9999;9999;9999;0;0;0;0;1;9999;9999;1;0;0;1;9999;9999;9999;9999;0;9999;9999;0;9999;1;9999;9999;9999;0;0;0;9999;9999;9999;1;0;0;9999;9999;9999;0;0;0;9999;0;9999;9999;1;0;9999;9999;1;0;9999;1;0;9999;9999;9999;0
1;1062;106211;4;4;666;9999;9999;0;9999;0;0;1;9999;9999;9999;9999;9999;0;1;666;9999;9999;9999;9999;9999;0;1;0;9999;1;9999;9999;666;0;9999;1;666;9999;9999;9999;0;0;9999;9999;0;0;9999;9999;666;1;9999;9999;1;9999;1;9999;1;0;9999;9999;0;666;9999;9999;9999;0;9999;0;1;9999;0;9999;9999;9999;1;0;1;1;9999;9999;9999;1;1;1;1;9999;9999;9999;0;9999;1;0;9999;9999;1;9999;9999;1;0;0;9999;9999;0;0;9999;9999;0;1;9999;9999;1;0;9999;0;9999;0;9999;9999;0;0;9999;9999;0;1;9999
1;1062;106212;5;5;9999;1;9999;9999;0;0;0;9999;9999;0;9999;0;0;9999;0;9999;9999;0;1;0;9999;0;9999;9999;9999;1;0;9999;9999;9999;0;9999;9999;1;9999;0;0;9999;0;9999;9999;0;0;1;9999;1;9999;1;9999;0;9999;9999;9999;0;1;1;9999;9999;0;9999;9999;0;0;9999;0;0;9999;9999;9999;1;0;9999;9999;9999;0;9999;0;1;9999;9999;9999;0;1;0;0;9999;9999;0;1;1;9999;0;0;9999;0;9999;9999;0;9999;0;1;9999;9999;9999;0;9999;1;9999;1;9999;0;0;1;9999;9999;9999;0;0;9999;1;9999
1;1062;106213;6;6;9999;9999;0;0;9999;0;0;1;0;9999;9999;9999;9999;0;0;9999;0;9999;9999;9999;9999;0;9999;0;666;1;9999;666;9999;0;9999;0;9999;9999;666;9999;0;0;9999;0;9999;0;9999;9999;9999;0;666;9999;0;9999;9999;666;1;0;9999;9999;0;9999;9999;9999;1;1;1;1;9999;9999;0;9999;9999;9999;9999;0;1;1;9999;9999;0;9999;1;1;1;9999;1;9999;9999;9999;0;9999;1;9999;1;9999;0;1;9999;0;9999;9999;1;9999;0;9999;0;0;0;9999;9999;1;9999;0;0;9999;9999;9999;1;1;9999;1;0;9999;9999
1;1062;106214;1;1;1;9999;1;9999;0;9999;9999;9999;1;9999;9999;1;0;9999;9999;0;1;9999;9999;0;9999;9999;1;9999;0;9999;9999;0;1;9999;1;9999;0;9999;0;1;9999;9999;9999;1;1;9999;0;0;0;9999;0;9999;9999;0;0;1;9999;9999;9999;1;9999;1;9999;9999;0;9999;9999;1;9999;0;9999;0;0;1;9999;0;9999;9999;0;0;9999;9999;1;1;9999;0;9999;0;9999;1;1;9999;9999;0;9999;1;9999;1;9999;9999;0;1;0;9999;9999;0;9999;9999;9999;0;9999;0;1;9999;9999;9999;1;0;0;9999;1;9999;0;9999;0
1;1062;106215;2;2;9999;0;9999;0;0;9999;9999;0;9999;0;9999;1;0;1;9999;9999;9999;0;1;1;9999;9999;9999;0;9999;9999;1;9999;9999;1;1;1;9999;0;9999;0;9999;0;0;9999;9999;9999;0;0;9999;9999;9999;0;1;0;9999;9999;0;9999;0;1;0;9999;0;9999;9999;9999;0;9999;1;9999;9999;0;0;9999;0;9999;9999;9999;9999;0;0;0;9999;9999;9999;0;1;9999;0;1;9999;0;1;9999;9999;9999;0;9999;0;9999;1;9999;9999;1;1;0;9999;9999;0;1;1;9999;9999;9999;0;0;9999;0;9999;9999;9999;1;9999;1;0
1;1062;106216;3;3;0;0;0;9999;9999;9999;9999;9999;1;0;9999;9999;9999;9999;9999;0;1;1;0;9999;9999;9999;1;9999;0;9999;1;1;1;9999;9999;9999;0;1;0;9999;9999;9999;0;0;1;9999;9999;9999;0;9999;1;1;9999;9999;0;1;9999;9999;1;9999;9999;1;0;9999;1;9999;9999;9999;9999;0;0;0;0;1;9999;9999;1;0;0;1;9999;9999;9999;9999;1;0;9999;0;9999;1;9999;9999;9999;1;0;1;9999;9999;9999;666;0;0;9999;9999;9999;1;1;0;9999;1;9999;9999;0;0;9999;9999;1;0;9999;1;1;9999;9999;9999;0
1;1062;106217;4;4;666;9999;9999;0;9999;0;0;1;9999;9999;9999;9999;9999;0;0;0;9999;9999;9999;9999;9999;0;1;1;9999;1;9999;9999;1;0;9999;1;1;9999;9999;9999;0;0;9999;9999;1;0;9999;9999;0;1;9999;9999;1;9999;0;9999;0;0;9999;9999;1;0;9999;9999;9999;0;9999;0;1;9999;0;9999;9999;9999;1;0;1;1;9999;9999;9999;1;1;0;0;9999;9999;9999;0;9999;0;1;9999;9999;0;9999;9999;1;0;1;9999;9999;0;1;9999;9999;0;1;9999;9999;0;0;9999;1;9999;1;9999;9999;0;1;9999;9999;0;1;9999
1;1062;106218;5;5;9999;0;9999;9999;0;0;1;9999;9999;1;9999;1;0;9999;1;9999;9999;1;0;0;9999;0;9999;9999;9999;0;1;9999;9999;9999;0;9999;9999;1;9999;1;0;9999;0;9999;9999;0;1;0;9999;1;9999;1;9999;1;9999;9999;9999;0;1;0;9999;9999;0;9999;9999;0;1;9999;1;0;9999;9999;9999;1;0;9999;9999;9999;0;9999;0;1;9999;9999;9999;9999;1;0;0;9999;9999;1;1;0;9999;0;0;9999;0;9999;9999;0;9999;0;1;9999;9999;9999;1;9999;0;9999;1;9999;0;1;1;9999;9999;9999;0;0;9999;1;9999
1;1062;106219;6;6;9999;9999;1;0;9999;0;0;0;0;9999;9999;9999;9999;1;0;9999;0;9999;9999;9999;9999;0;9999;0;666;0;9999;666;9999;0;9999;0;9999;9999;0;9999;0;0;9999;1;9999;0;9999;9999;9999;1;666;9999;1;9999;9999;666;0;0;9999;9999;1;9999;9999;9999;0;0;666;1;9999;9999;1;9999;9999;9999;9999;1;1;0;9999;9999;1;9999;1;1;1;9999;1;9999;9999;9999;1;9999;666;9999;0;9999;0;0;9999;0;9999;9999;0;9999;1;9999;0;0;1;9999;9999;1;9999;0;0;9999;9999;9999;1;1;9999;666;1;9999;9999
1;1062;106220;1;1;1;9999;1;9999;0;9999;9999;9999;0;9999;9999;1;0;9999;9999;0;1;9999;9999;1;9999;9999;1;9999;0;9999;9999;1;1;9999;0;9999;1;9999;0;0;9999;9999;9999;1;1;9999;1;1;0;9999;0;9999;9999;1;0;0;9999;9999;9999;1;9999;1;9999;9999;1;9999;9999;0;9999;0;9999;0;0;1;9999;0;9999;9999;1;0;9999;9999;1;0;9999;0;9999;1;9999;0;1;9999;9999;0;9999;0;9999;1;9999;9999;1;1;0;9999;9999;0;9999;9999;9999;1;9999;0;1;9999;9999;9999;0;0;0;9999;0;9999;0;9999;0
1;1062;106221;2;2;9999;0;9999;0;0;9999;9999;1;9999;0;9999;1;0;0;9999;9999;9999;1;0;0;9999;9999;9999;0;9999;9999;1;9999;9999;0;0;0;9999;1;9999;1;9999;0;0;9999;9999;9999;1;0;9999;9999;9999;0;1;0;9999;9999;0;9999;0;1;0;9999;0;9999;9999;9999;0;9999;1;9999;9999;0;0;9999;0;9999;9999;9999;9999;1;0;0;9999;9999;9999;0;1;9999;0;0;9999;1;0;9999;9999;9999;0;9999;0;9999;0;9999;9999;0;1;0;9999;9999;0;0;0;9999;9999;9999;0;1;9999;0;9999;9999;9999;1;9999;0;0
1;1062;106222;3;3;1;0;1;9999;9999;9999;9999;9999;0;0;9999;9999;9999;9999;9999;0;0;0;1;9999;9999;9999;1;9999;0;9999;1;0;0;9999;9999;9999;0;1;0;9999;9999;9999;0;0;1;9999;9999;9999;0;9999;0;1;9999;9999;0;0;9999;9999;0;9999;9999;1;0;9999;1;9999;9999;9999;9999;0;0;0;0;0;9999;9999;1;0;0;0;9999;9999;9999;9999;0;0;9999;1;9999;1;9999;9999;9999;0;0;0;9999;9999;9999;1;0;1;9999;9999;9999;0;0;0;9999;0;9999;9999;1;0;9999;9999;0;0;9999;1;1;9999;9999;9999;0
1;1062;106223;4;4;0;9999;9999;0;9999;0;0;1;9999;9999;9999;9999;9999;0;1;0;9999;9999;9999;9999;9999;0;1;1;9999;1;9999;9999;0;1;9999;0;0;9999;9999;9999;0;0;9999;9999;1;1;9999;9999;0;1;9999;9999;1;9999;0;9999;1;0;9999;9999;0;1;9999;9999;9999;1;9999;1;0;9999;0;9999;9999;9999;0;0;1;1;9999;9999;9999;1;1;1;0;9999;9999;9999;0;9999;1;1;9999;9999;1;9999;9999;1;1;1;9999;9999;0;1;9999;9999;1;1;9999;9999;1;0;9999;0;9999;1;9999;9999;1;1;9999;9999;0;0;9999
1;1071;107101;6;6;9999;9999;1;0;9999;0;0;1;0;9999;9999;9999;9999;1;1;9999;1;9999;9999;9999;9999;0;9999;0;0;1;9999;1;9999;0;9999;0;9999;9999;0;9999;0;0;9999;1;9999;1;9999;9999;9999;1;1;9999;1;9999;9999;1;1;0;9999;9999;0;9999;9999;9999;0;1;0;1;9999;9999;0;9999;9999;9999;9999;0;1;0;9999;9999;0;9999;1;1;1;9999;1;9999;9999;9999;1;9999;1;9999;0;9999;0;1;9999;1;9999;9999;0;9999;1;9999;1;1;0;9999;9999;0;9999;0;1;9999;9999;9999;1;1;9999;0;0;9999;9999
1;1071;107102;1;1;0;9999;0;9999;666;9999;9999;9999;1;9999;9999;1;666;9999;9999;0;1;9999;9999;666;9999;9999;1;9999;0;9999;9999;1;0;9999;666;9999;0;9999;0;666;9999;9999;9999;1;1;9999;0;666;0;9999;1;9999;9999;666;1;0;9999;9999;9999;0;9999;1;9999;9999;1;9999;9999;1;9999;0;9999;1;0;1;9999;1;9999;9999;0;1;9999;9999;1;1;9999;0;9999;0;9999;1;1;9999;9999;1;9999;1;9999;1;9999;9999;1;1;0;9999;9999;0;9999;9999;9999;1;9999;1;1;9999;9999;9999;1;1;1;9999;1;9999;0;9999;0
1;1071;107103;2;2;9999;0;9999;0;0;9999;9999;0;9999;0;9999;0;0;0;9999;9999;9999;1;1;1;9999;9999;9999;0;9999;9999;1;9999;9999;0;1;0;9999;1;9999;1;9999;0;0;9999;9999;9999;1;0;9999;9999;9999;0;1;1;9999;9999;1;9999;1;0;1;9999;1;9999;9999;9999;1;9999;0;9999;9999;0;0;9999;1;9999;9999;9999;9999;1;0;1;9999;9999;9999;0;1;9999;1;1;9999;1;1;9999;9999;9999;0;9999;0;9999;0;9999;9999;1;0;1;9999;9999;1;0;1;9999;9999;9999;0;0;9999;1;9999;9999;9999;1;9999;0;0
1;1071;107104;3;3;666;666;1;9999;9999;9999;9999;9999;0;0;666;9999;9999;9999;9999;666;1;666;666;9999;666;9999;0;9999;0;9999;666;0;666;9999;9999;9999;666;666;0;9999;9999;9999;666;1;0;9999;9999;9999;666;9999;1;666;9999;9999;0;0;9999;9999;666;9999;9999;666;0;666;1;9999;9999;9999;9999;1;0;1;0;0;9999;9999;1;1;0;1;9999;9999;9999;9999;1;0;9999;0;9999;1;9999;9999;9999;1;0;1;9999;9999;9999;0;0;0;9999;9999;9999;0;0;1;9999;1;9999;9999;1;0;9999;9999;0;0;9999;1;1;9999;9999;9999;0
1;1071;107105;4;4;666;9999;9999;0;9999;0;0;1;9999;9999;9999;9999;9999;1;0;666;9999;9999;9999;9999;9999;9999;0;0;9999;1;9999;9999;666;0;9999;1;666;9999;9999;9999;0;0;9999;9999;0;0;9999;9999;666;1;9999;9999;1;9999;0;9999;0;0;9999;9999;0;666;9999;9999;9999;0;9999;0;0;9999;1;9999;9999;9999;0;0;0;0;9999;9999;9999;0;0;1;1;9999;9999;9999;0;9999;1;0;9999;9999;0;9999;9999;0;0;0;9999;9999;0;0;9999;9999;0;1;9999;9999;0;1;9999;0;9999;0;9999;9999;0;0;9999;9999;0;0;9999
1;1071;107106;5;5;9999;1;9999;9999;0;0;0;9999;9999;0;9999;1;0;9999;0;9999;9999;0;0;0;9999;0;9999;9999;9999;1;0;9999;9999;9999;0;9999;9999;1;9999;0;0;9999;0;9999;9999;0;0;1;9999;0;9999;0;9999;0;9999;9999;9999;0;0;0;9999;9999;0;9999;9999;0;0;9999;0;0;9999;9999;9999;0;0;9999;9999;9999;0;9999;0;1;9999;9999;9999;0;1;0;0;9999;9999;0;0;0;9999;0;0;9999;0;9999;9999;0;9999;0;1;9999;9999;9999;0;9999;1;9999;1;9999;0;0;0;9999;9999;9999;0;0;9999;1;9999
1;1071;107107;6;6;9999;9999;0;0;9999;0;1;1;0;9999;9999;9999;9999;0;0;9999;0;9999;9999;9999;9999;0;9999;0;666;1;9999;666;9999;0;9999;0;9999;9999;0;9999;0;0;9999;0;9999;0;9999;9999;9999;1;666;9999;1;9999;9999;666;0;0;9999;9999;1;9999;9999;9999;1;0;0;1;9999;9999;0;9999;9999;9999;9999;0;1;0;9999;9999;0;9999;1;1;0;9999;1;9999;9999;9999;1;9999;0;9999;0;9999;0;1;9999;0;9999;9999;0;9999;0;9999;0;0;0;9999;9999;0;9999;1;0;9999;9999;9999;0;0;9999;1;0;9999;9999
1;1071;107108;1;1;1;9999;0;9999;0;9999;9999;9999;0;9999;9999;0;1;9999;9999;0;1;9999;9999;0;9999;9999;0;9999;0;9999;9999;1;1;9999;1;9999;1;9999;1;1;9999;9999;9999;1;1;9999;0;0;0;9999;1;9999;9999;0;0;0;9999;9999;9999;1;9999;1;9999;9999;0;9999;9999;9999;9999;9999;9999;9999;9999;9999;9999;9999;9999;9999;9999;9999;9999;9999;9999;9999;9999;9999;9999;9999;9999;9999;9999;9999;9999;9999;9999;9999;9999;9999;9999;9999;9999;9999;9999;9999;9999;9999;9999;9999;9999;9999;9999;9999;9999;9999;9999;9999;9999;9999;9999;9999;9999;9999;9999;9999;9999
1;1071;107109;2;2;9999;0;9999;1;0;9999;9999;1;9999;0;9999;1;0;0;9999;9999;9999;1;0;1;9999;9999;9999;0;9999;9999;1;9999;9999;1;0;0;9999;1;9999;0;9999;0;0;9999;9999;9999;0;0;9999;9999;9999;1;1;0;9999;9999;1;9999;1;0;1;9999;0;9999;9999;9999;1;9999;0;9999;9999;0;0;9999;1;9999;9999;9999;9999;1;0;0;9999;9999;9999;1;1;9999;1;1;9999;0;1;9999;9999;9999;1;9999;1;9999;1;9999;9999;0;1;1;9999;9999;0;0;1;9999;9999;9999;0;0;9999;0;9999;9999;9999;1;9999;0;1
1;1071;107110;3;3;666;666;0;9999;9999;9999;9999;9999;0;0;666;9999;9999;9999;9999;666;1;666;666;9999;666;9999;1;9999;0;9999;666;1;666;9999;9999;9999;0;666;1;9999;9999;9999;666;1;1;9999;9999;9999;666;9999;0;666;9999;9999;0;0;9999;9999;666;9999;9999;666;0;666;1;9999;9999;9999;9999;1;666;1;1;0;9999;9999;666;666;1;1;9999;9999;9999;9999;666;0;9999;0;9999;0;9999;9999;9999;0;666;0;9999;9999;9999;666;1;0;9999;9999;9999;0;666;666;9999;1;9999;9999;0;666;9999;9999;0;0;9999;666;0;9999;9999;9999;0
1;1071;107111;4;4;666;9999;9999;0;9999;0;0;1;9999;9999;9999;9999;9999;0;0;0;9999;9999;9999;9999;9999;9999;0;0;9999;1;9999;9999;666;0;9999;1;0;9999;9999;9999;0;0;9999;9999;1;0;9999;9999;0;1;9999;9999;1;9999;0;9999;0;0;9999;9999;1;1;9999;9999;9999;0;9999;666;1;9999;0;9999;9999;9999;1;666;1;1;9999;9999;9999;1;666;666;1;0;9999;9999;666;9999;666;0;9999;9999;0;9999;9999;666;1;1;9999;9999;666;0;9999;9999;0;1;9999;9999;0;666;9999;0;9999;666;9999;9999;666;1;9999;9999;666;0;9999
1;1071;107112;5;5;9999;0;9999;9999;0;666;666;9999;9999;1;9999;1;0;9999;666;9999;9999;1;1;1;9999;0;9999;9999;9999;1;0;9999;9999;9999;0;9999;9999;0;9999;1;666;9999;1;9999;9999;0;0;1;9999;666;9999;1;9999;0;9999;9999;9999;666;1;1;9999;9999;1;9999;9999;666;9999;9999;9999;9999;9999;9999;9999;9999;9999;9999;9999;9999;9999;9999;9999;9999;9999;9999;9999;9999;9999;9999;9999;9999;9999;9999;9999;9999;9999;9999;9999;9999;9999;9999;9999;9999;9999;9999;9999;9999;9999;9999;9999;9999;9999;9999;9999;9999;9999;9999;9999;9999;9999;9999;9999;9999;9999;9999;9999
1;1071;107113;6;6;9999;9999;666;666;9999;0;0;666;666;9999;9999;9999;9999;666;0;9999;666;9999;9999;9999;9999;0;9999;0;666;1;9999;666;9999;666;9999;0;9999;9999;666;9999;0;666;9999;666;9999;0;9999;9999;9999;0;666;9999;1;9999;9999;666;0;0;9999;9999;666;9999;9999;9999;666;0;0;0;9999;9999;0;9999;9999;9999;9999;0;1;1;9999;9999;0;9999;0;1;1;9999;1;9999;9999;9999;1;9999;1;9999;0;9999;0;0;9999;0;9999;9999;0;9999;1;9999;1;0;0;9999;9999;0;9999;0;1;9999;9999;9999;0;1;9999;1;0;9999;9999
1;1071;107114;1;1;9999;9999;9999;9999;9999;9999;9999;9999;9999;9999;9999;9999;9999;9999;9999;9999;9999;9999;9999;9999;9999;9999;9999;9999;9999;9999;9999;9999;9999;9999;9999;9999;9999;9999;9999;9999;9999;9999;9999;9999;9999;9999;9999;9999;9999;9999;9999;9999;9999;9999;9999;9999;9999;9999;9999;9999;9999;9999;9999;9999;9999;9999;9999;0;9999;0;9999;666;666;1;9999;0;9999;9999;1;666;9999;9999;1;1;9999;9999;9999;0;9999;1;1;9999;9999;0;9999;1;9999;0;9999;9999;666;1;0;9999;9999;666;9999;9999;9999;666;9999;0;1;9999;9999;9999;1;666;0;9999;1;9999;0;9999;666
1;1071;107115;2;2;9999;0;9999;0;0;9999;9999;1;9999;1;9999;0;0;0;9999;9999;9999;0;1;0;9999;9999;9999;0;9999;9999;1;9999;9999;0;1;0;9999;1;9999;0;9999;0;0;9999;9999;9999;1;0;9999;9999;9999;1;1;0;9999;9999;0;9999;0;1;1;9999;1;9999;9999;9999;0;9999;0;9999;9999;0;1;9999;1;9999;9999;9999;9999;1;0;0;9999;9999;9999;0;1;9999;1;0;9999;0;1;9999;9999;9999;0;9999;0;9999;0;9999;9999;0;1;0;9999;9999;0;0;1;9999;9999;9999;1;0;9999;0;9999;9999;9999;0;9999;1;0
1;1071;107116;3;3;0;1;0;9999;9999;9999;9999;9999;0;0;9999;9999;9999;9999;9999;0;1;0;1;9999;9999;9999;0;9999;0;9999;1;1;0;9999;9999;9999;0;0;0;9999;9999;9999;0;0;1;9999;9999;9999;0;9999;1;0;9999;9999;0;0;9999;9999;0;9999;9999;0;0;9999;0;9999;9999;9999;9999;0;0;0;0;1;9999;9999;1;1;1;1;9999;9999;9999;9999;0;0;9999;0;9999;0;9999;9999;9999;0;0;0;9999;9999;9999;0;1;0;9999;9999;9999;0;0;0;9999;0;9999;9999;1;0;9999;9999;1;0;9999;0;1;9999;9999;9999;0
1;1071;107117;4;9999;666;9999;9999;0;9999;0;0;0;9999;9999;9999;9999;9999;0;0;0;9999;9999;9999;9999;9999;0;1;0;9999;0;9999;9999;0;0;9999;0;0;9999;9999;9999;0;0;9999;9999;1;0;9999;9999;0;0;9999;9999;1;9999;0;9999;1;0;9999;9999;1;1;9999;9999;9999;0;9999;9999;9999;9999;9999;9999;9999;9999;9999;9999;9999;9999;9999;9999;9999;9999;9999;9999;9999;9999;9999;9999;9999;9999;9999;9999;9999;9999;9999;9999;9999;9999;9999;9999;9999;9999;9999;9999;9999;9999;9999;9999;9999;9999;9999;9999;9999;9999;9999;9999;9999;9999;9999;9999;9999;9999;9999;9999;9999
1;1071;107118;5;5;9999;0;9999;9999;0;0;0;9999;9999;0;9999;1;0;9999;0;9999;9999;1;1;0;9999;9999;9999;9999;9999;1;1;9999;9999;9999;0;9999;9999;1;9999;0;0;9999;0;9999;9999;0;0;0;9999;1;9999;1;9999;0;9999;9999;9999;0;1;1;9999;9999;0;9999;9999;0;1;9999;1;1;9999;9999;9999;1;1;9999;9999;9999;0;9999;0;1;9999;9999;9999;9999;1;0;0;9999;9999;0;1;0;9999;1;0;9999;0;9999;9999;0;9999;1;1;9999;9999;9999;1;9999;0;9999;1;9999;1;0;0;9999;9999;9999;0;1;9999;1;9999
1;1071;107119;6;6;9999;9999;1;0;9999;0;0;1;1;9999;9999;9999;9999;0;1;9999;1;9999;9999;9999;9999;1;9999;0;0;1;9999;0;9999;0;9999;0;9999;9999;0;9999;0;0;9999;1;9999;0;9999;9999;9999;0;1;9999;1;9999;9999;0;1;0;9999;9999;1;9999;9999;9999;1;1;1;1;9999;9999;0;9999;9999;9999;9999;0;1;1;9999;9999;0;9999;1;1;1;9999;0;9999;9999;9999;1;9999;1;9999;1;9999;0;1;9999;1;9999;9999;0;9999;1;9999;0;1;1;9999;9999;1;9999;0;1;9999;9999;9999;1;1;9999;1;0;9999;9999
1;1072;107201;1;9999;0;9999;1;9999;0;9999;9999;9999;0;9999;9999;0;0;9999;9999;0;1;9999;9999;1;9999;9999;0;9999;0;9999;9999;0;1;9999;0;9999;0;9999;0;666;9999;9999;9999;1;1;9999;0;1;0;9999;0;9999;9999;0;0;0;9999;9999;9999;1;9999;1;9999;9999;1;9999;9999;9999;9999;9999;9999;9999;9999;9999;9999;9999;9999;9999;9999;9999;9999;9999;9999;9999;9999;9999;9999;9999;9999;9999;9999;9999;9999;9999;9999;9999;9999;9999;9999;9999;9999;9999;9999;9999;9999;9999;9999;9999;9999;9999;9999;9999;9999;9999;9999;9999;9999;9999;9999;9999;9999;9999;9999;9999;9999
1;1072;107202;2;9999;9999;1;9999;0;0;9999;9999;1;9999;1;9999;1;0;0;9999;9999;9999;1;1;0;9999;9999;9999;0;9999;9999;0;9999;9999;1;0;0;9999;1;9999;0;9999;0;0;9999;9999;9999;1;0;9999;9999;9999;0;1;1;9999;9999;1;9999;1;0;0;9999;0;9999;9999;9999;9999;9999;9999;9999;9999;9999;9999;9999;9999;9999;9999;9999;9999;9999;9999;9999;9999;9999;9999;9999;9999;9999;9999;9999;9999;9999;9999;9999;9999;9999;9999;9999;9999;9999;9999;9999;9999;9999;9999;9999;9999;9999;9999;9999;9999;9999;9999;9999;9999;9999;9999;9999;9999;9999;9999;9999;9999;9999;9999
1;1072;107203;3;9999;0;1;0;9999;9999;9999;9999;9999;0;0;9999;9999;9999;9999;9999;0;0;0;1;9999;9999;9999;1;9999;0;9999;1;0;0;9999;9999;9999;0;1;1;9999;9999;9999;0;1;0;9999;9999;9999;0;9999;1;0;9999;9999;0;0;9999;9999;0;9999;9999;1;0;9999;1;9999;9999;9999;9999;9999;9999;9999;9999;9999;9999;9999;9999;9999;9999;9999;9999;9999;9999;9999;9999;9999;9999;9999;9999;9999;9999;9999;9999;9999;9999;9999;9999;9999;9999;9999;9999;9999;9999;9999;9999;9999;9999;9999;9999;9999;9999;9999;9999;9999;9999;9999;9999;9999;9999;9999;9999;9999;9999;9999;9999
1;1072;107204;4;9999;1;9999;9999;0;9999;0;0;1;9999;9999;9999;9999;9999;1;1;0;9999;9999;9999;9999;9999;0;1;0;9999;0;9999;9999;0;0;9999;1;1;9999;9999;9999;0;0;9999;9999;1;0;9999;9999;0;1;9999;9999;0;9999;0;9999;1;0;9999;9999;1;1;9999;9999;9999;0;9999;9999;9999;9999;9999;9999;9999;9999;9999;9999;9999;9999;9999;9999;9999;9999;9999;9999;9999;9999;9999;9999;9999;9999;9999;9999;9999;9999;9999;9999;9999;9999;9999;9999;9999;9999;9999;9999;9999;9999;9999;9999;9999;9999;9999;9999;9999;9999;9999;9999;9999;9999;9999;9999;9999;9999;9999;9999;9999
1;1072;107205;5;9999;9999;0;9999;9999;0;666;0;9999;9999;1;9999;0;0;9999;666;9999;9999;0;0;0;9999;0;9999;9999;9999;1;1;9999;9999;9999;1;9999;9999;1;9999;1;666;9999;0;9999;9999;0;0;0;9999;666;9999;0;9999;0;9999;9999;9999;0;1;1;9999;9999;0;9999;9999;0;9999;9999;9999;9999;9999;9999;9999;9999;9999;9999;9999;9999;9999;9999;9999;9999;9999;9999;9999;9999;9999;9999;9999;9999;9999;9999;9999;9999;9999;9999;9999;9999;9999;9999;9999;9999;9999;9999;9999;9999;9999;9999;9999;9999;9999;9999;9999;9999;9999;9999;9999;9999;9999;9999;9999;9999;9999;9999;9999
1;1072;107206;6;9999;9999;9999;0;0;9999;0;0;0;0;9999;9999;9999;9999;0;0;9999;0;9999;9999;9999;9999;0;9999;0;0;1;9999;0;9999;0;9999;0;9999;9999;0;9999;0;1;9999;0;9999;0;9999;9999;9999;1;0;9999;1;9999;9999;0;1;0;9999;9999;0;9999;9999;9999;0;0;9999;9999;9999;9999;9999;9999;9999;9999;9999;9999;9999;9999;9999;9999;9999;9999;9999;9999;9999;9999;9999;9999;9999;9999;9999;9999;9999;9999;9999;9999;9999;9999;9999;9999;9999;9999;9999;9999;9999;9999;9999;9999;9999;9999;9999;9999;9999;9999;9999;9999;9999;9999;9999;9999;9999;9999;9999;9999;9999
1;1072;107207;1;9999;0;9999;1;9999;0;9999;9999;9999;0;9999;9999;0;0;9999;9999;0;1;9999;9999;0;9999;9999;1;9999;0;9999;9999;0;1;9999;1;9999;1;9999;0;1;9999;9999;9999;1;1;9999;1;0;0;9999;0;9999;9999;1;0;0;9999;9999;9999;1;9999;1;9999;9999;1;9999;9999;9999;9999;9999;9999;9999;9999;9999;9999;9999;9999;9999;9999;9999;9999;9999;9999;9999;9999;9999;9999;9999;9999;9999;9999;9999;9999;9999;9999;9999;9999;9999;9999;9999;9999;9999;9999;9999;9999;9999;9999;9999;9999;9999;9999;9999;9999;9999;9999;9999;9999;9999;9999;9999;9999;9999;9999;9999;9999
1;1072;107208;2;9999;9999;0;9999;0;0;9999;9999;1;9999;1;9999;0;0;0;9999;9999;9999;1;0;1;9999;9999;9999;0;9999;9999;1;9999;9999;0;0;1;9999;1;9999;0;9999;0;0;9999;9999;9999;0;1;9999;9999;9999;1;1;0;9999;9999;1;9999;0;1;0;9999;0;9999;9999;9999;9999;9999;9999;9999;9999;9999;9999;9999;9999;9999;9999;9999;9999;9999;9999;9999;9999;9999;9999;9999;9999;9999;9999;9999;9999;9999;9999;9999;9999;9999;9999;9999;9999;9999;9999;9999;9999;9999;9999;9999;9999;9999;9999;9999;9999;9999;9999;9999;9999;9999;9999;9999;9999;9999;9999;9999;9999;9999;9999
1;1072;107209;3;9999;0;0;1;9999;9999;9999;9999;9999;0;0;9999;9999;9999;9999;9999;0;1;1;0;9999;9999;9999;1;9999;0;9999;1;0;0;9999;9999;9999;0;1;0;9999;9999;9999;1;0;0;9999;9999;9999;0;9999;1;0;9999;9999;0;0;9999;9999;0;9999;9999;1;0;9999;0;9999;9999;9999;9999;9999;9999;9999;9999;9999;9999;9999;9999;9999;9999;9999;9999;9999;9999;9999;9999;9999;9999;9999;9999;9999;9999;9999;9999;9999;9999;9999;9999;9999;9999;9999;9999;9999;9999;9999;9999;9999;9999;9999;9999;9999;9999;9999;9999;9999;9999;9999;9999;9999;9999;9999;9999;9999;9999;9999;9999
1;1072;107210;4;9999;666;9999;9999;0;9999;0;0;1;9999;9999;9999;9999;9999;0;0;666;9999;9999;9999;9999;9999;0;0;0;9999;1;9999;9999;666;0;9999;0;0;9999;9999;9999;0;0;9999;9999;1;0;9999;9999;666;0;9999;9999;1;9999;0;9999;1;1;9999;9999;0;666;9999;9999;9999;0;9999;9999;9999;9999;9999;9999;9999;9999;9999;9999;9999;9999;9999;9999;9999;9999;9999;9999;9999;9999;9999;9999;9999;9999;9999;9999;9999;9999;9999;9999;9999;9999;9999;9999;9999;9999;9999;9999;9999;9999;9999;9999;9999;9999;9999;9999;9999;9999;9999;9999;9999;9999;9999;9999;9999;9999;9999;9999;9999
1;1072;107211;5;9999;9999;1;9999;9999;0;0;1;9999;9999;0;9999;0;0;9999;0;9999;9999;1;0;0;9999;0;9999;9999;9999;0;1;9999;9999;9999;0;9999;9999;0;9999;0;0;9999;0;9999;9999;0;0;1;9999;1;9999;1;9999;0;9999;9999;9999;0;0;1;9999;9999;0;9999;9999;1;9999;9999;9999;9999;9999;9999;9999;9999;9999;9999;9999;9999;9999;9999;9999;9999;9999;9999;9999;9999;9999;9999;9999;9999;9999;9999;9999;9999;9999;9999;9999;9999;9999;9999;9999;9999;9999;9999;9999;9999;9999;9999;9999;9999;9999;9999;9999;9999;9999;9999;9999;9999;9999;9999;9999;9999;9999;9999;9999
1;1072;107212;6;9999;9999;9999;0;0;9999;0;0;1;0;9999;9999;9999;9999;0;1;9999;0;9999;9999;9999;9999;0;9999;0;0;1;9999;0;9999;0;9999;0;9999;9999;0;9999;0;0;9999;1;9999;0;9999;9999;9999;1;1;9999;1;9999;9999;0;1;0;9999;9999;0;9999;9999;9999;0;0;9999;9999;9999;9999;9999;9999;9999;9999;9999;9999;9999;9999;9999;9999;9999;9999;9999;9999;9999;9999;9999;9999;9999;9999;9999;9999;9999;9999;9999;9999;9999;9999;9999;9999;9999;9999;9999;9999;9999;9999;9999;9999;9999;9999;9999;9999;9999;9999;9999;9999;9999;9999;9999;9999;9999;9999;9999;9999;9999
1;1072;107213;1;9999;1;9999;0;9999;0;9999;9999;9999;0;9999;9999;0;1;9999;9999;0;1;9999;9999;1;9999;9999;0;9999;0;9999;9999;0;0;9999;1;9999;0;9999;0;0;9999;9999;9999;1;0;9999;0;1;0;9999;1;9999;9999;0;0;0;9999;9999;9999;1;9999;1;9999;9999;0;9999;9999;9999;9999;9999;9999;9999;9999;9999;9999;9999;9999;9999;9999;9999;9999;9999;9999;9999;9999;9999;9999;9999;9999;9999;9999;9999;9999;9999;9999;9999;9999;9999;9999;9999;9999;9999;9999;9999;9999;9999;9999;9999;9999;9999;9999;9999;9999;9999;9999;9999;9999;9999;9999;9999;9999;9999;9999;9999;9999
1;1072;107214;2;9999;9999;0;9999;0;0;9999;9999;0;9999;0;9999;0;0;1;9999;9999;9999;0;0;0;9999;9999;9999;0;9999;9999;0;9999;9999;0;0;0;9999;1;9999;0;9999;0;0;9999;9999;9999;0;0;9999;9999;9999;1;0;1;9999;9999;1;9999;0;1;1;9999;0;9999;9999;9999;9999;9999;9999;9999;9999;9999;9999;9999;9999;9999;9999;9999;9999;9999;9999;9999;9999;9999;9999;9999;9999;9999;9999;9999;9999;9999;9999;9999;9999;9999;9999;9999;9999;9999;9999;9999;9999;9999;9999;9999;9999;9999;9999;9999;9999;9999;9999;9999;9999;9999;9999;9999;9999;9999;9999;9999;9999;9999;9999
1;1072;107215;3;9999;1;666;0;9999;9999;9999;9999;9999;0;0;9999;9999;9999;9999;9999;0;0;0;0;9999;9999;0;1;9999;0;9999;1;0;0;9999;9999;9999;1;1;0;9999;9999;9999;0;0;1;9999;9999;9999;0;9999;1;0;9999;9999;0;0;9999;9999;666;9999;9999;1;1;9999;1;9999;9999;9999;9999;9999;9999;9999;9999;9999;9999;9999;9999;9999;9999;9999;9999;9999;9999;9999;9999;9999;9999;9999;9999;9999;9999;9999;9999;9999;9999;9999;9999;9999;9999;9999;9999;9999;9999;9999;9999;9999;9999;9999;9999;9999;9999;9999;9999;9999;9999;9999;9999;9999;9999;9999;9999;9999;9999;9999;9999
1;1072;107217;5;9999;9999;0;9999;9999;0;0;0;9999;9999;0;9999;0;0;9999;0;9999;9999;1;0;1;9999;0;9999;9999;9999;1;0;9999;9999;9999;0;9999;9999;1;9999;0;666;9999;0;9999;9999;0;0;0;9999;0;9999;0;9999;1;9999;9999;9999;0;0;0;9999;9999;0;9999;9999;0;9999;9999;9999;9999;9999;9999;9999;9999;9999;9999;9999;9999;9999;9999;9999;9999;9999;9999;9999;9999;9999;9999;9999;9999;9999;9999;9999;9999;9999;9999;9999;9999;9999;9999;9999;9999;9999;9999;9999;9999;9999;9999;9999;9999;9999;9999;9999;9999;9999;9999;9999;9999;9999;9999;9999;9999;9999;9999;9999
1;1072;107218;6;9999;9999;9999;0;0;9999;0;0;0;0;9999;9999;9999;9999;0;0;9999;0;9999;9999;9999;9999;0;9999;0;0;1;9999;1;9999;0;9999;1;9999;9999;0;9999;0;0;9999;0;9999;0;9999;9999;9999;0;0;9999;1;9999;9999;0;1;0;9999;9999;0;9999;9999;9999;0;0;9999;9999;9999;9999;9999;9999;9999;9999;9999;9999;9999;9999;9999;9999;9999;9999;9999;9999;9999;9999;9999;9999;9999;9999;9999;9999;9999;9999;9999;9999;9999;9999;9999;9999;9999;9999;9999;9999;9999;9999;9999;9999;9999;9999;9999;9999;9999;9999;9999;9999;9999;9999;9999;9999;9999;9999;9999;9999;9999
1;1072;107219;1;9999;0;9999;1;9999;0;9999;9999;9999;0;9999;9999;0;0;9999;9999;0;1;9999;9999;1;9999;9999;1;9999;0;9999;9999;0;1;9999;0;9999;1;9999;0;1;9999;9999;9999;1;1;9999;0;0;0;9999;1;9999;9999;1;0;1;9999;9999;9999;1;9999;1;9999;9999;0;9999;9999;9999;9999;9999;9999;9999;9999;9999;9999;9999;9999;9999;9999;9999;9999;9999;9999;9999;9999;9999;9999;9999;9999;9999;9999;9999;9999;9999;9999;9999;9999;9999;9999;9999;9999;9999;9999;9999;9999;9999;9999;9999;9999;9999;9999;9999;9999;9999;9999;9999;9999;9999;9999;9999;9999;9999;9999;9999;9999
1;1072;107220;2;9999;9999;0;9999;0;0;9999;9999;0;9999;0;9999;0;0;1;9999;9999;9999;1;0;0;9999;9999;9999;0;9999;9999;1;9999;9999;0;1;1;9999;0;9999;0;9999;0;0;9999;9999;9999;0;0;9999;9999;9999;0;1;0;9999;9999;0;9999;0;0;0;9999;0;9999;9999;9999;9999;9999;9999;9999;9999;9999;9999;9999;9999;9999;9999;9999;9999;9999;9999;9999;9999;9999;9999;9999;9999;9999;9999;9999;9999;9999;9999;9999;9999;9999;9999;9999;9999;9999;9999;9999;9999;9999;9999;9999;9999;9999;9999;9999;9999;9999;9999;9999;9999;9999;9999;9999;9999;9999;9999;9999;9999;9999;9999
1;1072;107222;3;9999;0;1;0;9999;9999;9999;9999;9999;0;0;9999;9999;9999;9999;9999;0;0;1;0;9999;9999;9999;1;9999;0;9999;1;1;0;9999;9999;9999;0;0;0;9999;9999;9999;0;0;1;9999;9999;9999;0;9999;0;1;9999;9999;0;0;9999;9999;0;9999;9999;1;0;9999;1;9999;9999;9999;9999;9999;9999;9999;9999;9999;9999;9999;9999;9999;9999;9999;9999;9999;9999;9999;9999;9999;9999;9999;9999;9999;9999;9999;9999;9999;9999;9999;9999;9999;9999;9999;9999;9999;9999;9999;9999;9999;9999;9999;9999;9999;9999;9999;9999;9999;9999;9999;9999;9999;9999;9999;9999;9999;9999;9999;9999
1;1072;107222;4;9999;0;9999;9999;0;9999;0;0;0;9999;9999;9999;9999;9999;0;0;0;9999;9999;9999;9999;9999;9999;1;0;9999;1;9999;9999;0;0;9999;0;0;9999;9999;9999;0;0;9999;9999;0;0;9999;9999;0;0;9999;9999;1;9999;0;9999;1;0;9999;9999;0;0;9999;9999;9999;1;9999;9999;9999;9999;9999;9999;9999;9999;9999;9999;9999;9999;9999;9999;9999;9999;9999;9999;9999;9999;9999;9999;9999;9999;9999;9999;9999;9999;9999;9999;9999;9999;9999;9999;9999;9999;9999;9999;9999;9999;9999;9999;9999;9999;9999;9999;9999;9999;9999;9999;9999;9999;9999;9999;9999;9999;9999;9999;9999
1;1073;107301;5;5;9999;0;9999;9999;0;0;0;9999;9999;0;9999;1;0;9999;0;9999;9999;1;1;0;9999;0;9999;9999;9999;1;1;9999;9999;9999;0;9999;9999;1;9999;1;0;9999;0;9999;9999;0;0;0;9999;0;9999;0;9999;0;9999;9999;9999;1;0;1;9999;9999;0;9999;9999;0;1;9999;1;0;9999;9999;9999;1;1;9999;9999;9999;1;9999;1;0;9999;9999;9999;9999;1;0;1;9999;9999;1;1;0;9999;1;0;9999;0;9999;9999;0;9999;1;1;9999;9999;9999;0;9999;0;9999;0;9999;0;1;0;9999;9999;9999;0;1;9999;1;9999
1;1073;107302;6;6;9999;9999;1;0;9999;0;0;0;0;9999;9999;9999;9999;0;0;9999;0;9999;9999;9999;9999;0;9999;0;0;1;9999;0;9999;0;9999;1;9999;9999;0;9999;0;0;9999;1;9999;1;9999;9999;9999;0;0;9999;1;9999;9999;0;1;1;9999;9999;0;9999;9999;9999;0;1;1;0;9999;9999;0;9999;9999;9999;9999;0;1;0;9999;9999;0;9999;0;0;1;9999;1;9999;9999;9999;1;9999;1;9999;1;9999;0;1;9999;1;9999;9999;0;9999;1;9999;1;0;1;9999;9999;0;9999;1;1;9999;9999;9999;1;0;9999;0;0;9999;9999
1;1073;107303;1;1;1;9999;1;9999;0;9999;9999;9999;0;9999;9999;0;0;9999;9999;0;1;9999;9999;0;9999;9999;1;9999;0;9999;9999;0;1;9999;0;9999;0;9999;0;666;9999;9999;9999;0;1;9999;0;0;0;9999;0;9999;9999;0;0;1;9999;9999;9999;0;9999;1;9999;9999;1;9999;9999;1;9999;1;9999;666;0;1;9999;0;9999;9999;0;666;9999;9999;1;1;9999;0;9999;0;9999;1;1;9999;9999;0;9999;0;9999;1;9999;9999;666;0;1;9999;9999;0;9999;9999;9999;666;9999;0;1;9999;9999;9999;0;0;1;9999;1;9999;0;9999;0
1;1073;107305;3;3;9999;9999;9999;9999;9999;9999;9999;9999;9999;9999;9999;9999;9999;9999;9999;9999;9999;9999;9999;9999;9999;9999;9999;9999;9999;9999;9999;9999;9999;9999;9999;9999;9999;9999;9999;9999;9999;9999;9999;9999;9999;9999;9999;9999;9999;9999;9999;9999;9999;9999;9999;9999;9999;9999;9999;9999;9999;9999;9999;9999;9999;9999;9999;9999;9999;0;666;0;0;1;9999;9999;1;666;0;0;9999;9999;9999;9999;666;0;9999;0;9999;0;9999;9999;9999;0;666;1;9999;9999;9999;666;1;0;9999;9999;9999;0;1;1;9999;0;9999;9999;1;666;9999;9999;1;0;9999;0;1;9999;9999;9999;0
1;1073;107306;4;4;1;9999;9999;0;9999;0;1;1;9999;9999;9999;9999;9999;0;0;0;9999;9999;9999;9999;9999;9999;1;0;9999;1;9999;9999;0;0;9999;1;0;9999;9999;9999;0;0;9999;9999;1;0;9999;9999;0;1;9999;9999;1;9999;1;9999;1;0;9999;9999;0;1;9999;9999;9999;0;9999;0;0;9999;1;9999;9999;9999;0;0;1;0;9999;9999;9999;1;1;1;0;9999;9999;9999;0;9999;1;0;9999;9999;0;9999;9999;0;0;1;9999;9999;0;0;9999;9999;0;1;9999;9999;1;1;9999;0;9999;0;9999;9999;0;0;9999;9999;0;0;9999
1;1073;107307;5;5;9999;0;9999;9999;0;0;0;9999;9999;0;9999;0;0;9999;0;9999;9999;0;0;0;9999;0;9999;9999;9999;0;0;9999;9999;9999;1;9999;9999;1;9999;0;666;9999;0;9999;9999;0;0;0;9999;1;9999;1;9999;0;9999;9999;9999;0;0;1;9999;9999;0;9999;9999;0;0;9999;0;0;9999;9999;9999;1;1;9999;9999;9999;0;9999;0;1;9999;9999;9999;9999;1;0;1;9999;9999;0;0;0;9999;0;1;9999;0;9999;9999;0;9999;0;0;9999;9999;9999;1;9999;1;9999;0;9999;0;0;0;9999;9999;9999;0;1;9999;0;9999
1;1073;107308;6;6;9999;9999;0;0;9999;0;0;0;0;9999;9999;9999;9999;0;1;9999;1;9999;9999;9999;9999;0;9999;0;0;0;9999;0;9999;0;9999;1;9999;9999;0;9999;0;0;9999;1;9999;0;9999;9999;9999;1;0;9999;0;9999;9999;1;1;0;9999;9999;0;9999;9999;9999;1;0;666;1;9999;9999;0;9999;9999;9999;9999;0;1;1;9999;9999;0;9999;1;0;0;9999;1;9999;9999;9999;1;9999;666;9999;0;9999;1;1;9999;1;9999;9999;0;9999;1;9999;0;1;0;9999;9999;0;9999;0;0;9999;9999;9999;1;1;9999;666;1;9999;9999
1;1073;107309;1;1;9999;9999;9999;9999;9999;9999;9999;9999;9999;9999;9999;9999;9999;9999;9999;9999;9999;9999;9999;9999;9999;9999;9999;9999;9999;9999;9999;9999;9999;9999;9999;9999;9999;9999;9999;9999;9999;9999;9999;9999;9999;9999;9999;9999;9999;9999;9999;9999;9999;9999;9999;9999;9999;9999;9999;9999;9999;9999;9999;9999;9999;9999;9999;0;9999;0;9999;0;0;1;9999;0;9999;9999;0;0;9999;9999;1;1;9999;0;9999;0;9999;1;0;9999;9999;0;9999;0;9999;1;9999;9999;0;0;0;9999;9999;0;9999;9999;9999;1;9999;1;1;9999;9999;9999;0;0;1;9999;0;9999;0;9999;0
1;1073;107310;2;2;9999;0;9999;0;0;9999;9999;1;9999;0;9999;0;0;0;9999;9999;9999;1;0;0;9999;9999;9999;0;9999;9999;0;9999;9999;0;0;1;9999;1;9999;0;9999;0;1;9999;9999;9999;0;0;9999;9999;9999;0;1;0;9999;9999;0;9999;0;1;1;9999;0;9999;9999;9999;0;9999;1;9999;9999;0;0;9999;0;9999;9999;9999;9999;1;0;0;9999;9999;9999;0;1;9999;0;0;9999;1;0;9999;9999;9999;0;9999;0;9999;1;9999;9999;0;1;0;9999;9999;1;0;0;9999;9999;9999;0;0;9999;0;9999;9999;9999;1;9999;0;0
1;1073;107311;3;3;0;666;0;9999;9999;9999;9999;9999;0;0;9999;9999;9999;9999;9999;0;1;1;666;9999;9999;0;1;9999;0;9999;666;0;0;9999;9999;9999;0;1;0;9999;9999;9999;0;0;1;9999;9999;9999;0;9999;0;1;9999;9999;1;0;9999;9999;666;9999;9999;1;0;9999;0;9999;9999;9999;9999;0;0;0;0;1;9999;9999;1;0;1;0;9999;9999;9999;9999;1;0;9999;0;9999;1;9999;9999;9999;1;0;0;9999;9999;9999;0;0;0;9999;9999;9999;0;0;1;9999;0;9999;9999;1;0;9999;9999;0;0;9999;1;0;9999;9999;9999;0
1;1073;107312;4;4;0;9999;9999;0;9999;0;0;0;9999;9999;9999;9999;9999;0;0;0;9999;9999;9999;9999;9999;9999;0;0;9999;0;9999;9999;0;0;9999;0;0;9999;9999;9999;0;0;9999;9999;0;0;9999;9999;0;0;9999;9999;0;9999;0;9999;0;0;9999;9999;0;1;9999;9999;9999;0;9999;1;0;9999;0;9999;9999;9999;0;0;1;0;9999;9999;9999;0;0;1;0;9999;9999;9999;0;9999;0;1;9999;9999;0;9999;9999;1;0;0;9999;9999;0;0;9999;9999;0;0;9999;9999;1;0;9999;0;9999;0;9999;9999;0;1;9999;9999;0;0;9999
1;1073;107313;5;5;9999;0;9999;9999;0;0;1;9999;9999;1;9999;0;0;9999;0;9999;9999;0;0;0;9999;0;9999;9999;9999;0;1;9999;9999;9999;1;9999;9999;0;9999;0;0;9999;0;9999;9999;0;1;0;9999;0;9999;1;9999;0;9999;9999;9999;0;0;1;9999;9999;0;9999;9999;0;0;9999;1;0;9999;9999;9999;1;1;9999;9999;9999;0;9999;0;0;9999;9999;9999;9999;1;0;0;9999;9999;1;1;0;9999;1;1;9999;0;9999;9999;0;9999;1;0;9999;9999;9999;0;9999;0;9999;1;9999;1;0;0;9999;9999;9999;1;1;9999;0;9999
1;1073;107314;6;6;9999;9999;1;0;9999;0;0;1;0;9999;9999;9999;9999;0;0;9999;1;9999;9999;9999;9999;0;9999;0;0;1;9999;0;9999;0;9999;0;9999;9999;0;9999;0;0;9999;1;9999;0;9999;9999;9999;1;0;9999;1;9999;9999;0;1;0;9999;9999;0;9999;9999;9999;0;1;0;0;9999;9999;0;9999;9999;9999;9999;0;1;0;9999;9999;0;9999;1;0;1;9999;1;9999;9999;9999;1;9999;1;9999;1;9999;1;1;9999;0;9999;9999;0;9999;1;9999;1;1;1;9999;9999;0;9999;0;0;9999;9999;9999;0;1;9999;1;0;9999;9999
1;1073;107315;1;1;0;9999;1;9999;0;9999;9999;9999;0;9999;9999;0;0;9999;9999;0;1;9999;9999;1;9999;0;1;9999;0;9999;9999;0;0;9999;0;9999;1;9999;0;0;9999;9999;9999;0;1;9999;0;0;0;9999;1;9999;9999;0;0;0;9999;9999;9999;0;9999;1;9999;9999;1;9999;9999;0;9999;0;9999;0;0;1;9999;0;9999;9999;0;1;9999;9999;1;1;9999;0;9999;0;9999;0;1;9999;9999;0;9999;1;9999;0;9999;9999;1;0;0;9999;9999;0;9999;9999;9999;0;9999;0;1;9999;9999;9999;1;1;1;9999;0;9999;0;9999;0
1;1073;107316;2;2;9999;666;9999;666;0;9999;9999;666;9999;0;9999;1;0;666;9999;9999;9999;1;666;0;9999;9999;9999;666;9999;9999;666;9999;9999;666;0;666;9999;1;9999;0;9999;666;0;9999;9999;9999;1;1;9999;9999;9999;1;666;1;9999;9999;666;9999;666;1;666;9999;0;9999;9999;9999;0;9999;1;9999;9999;0;0;9999;0;9999;9999;9999;9999;0;0;0;9999;9999;9999;0;1;9999;1;0;9999;0;1;9999;9999;9999;0;9999;0;9999;1;9999;9999;0;1;0;9999;9999;1;1;0;9999;9999;9999;0;0;9999;1;9999;9999;9999;0;9999;0;0
1;1073;107317;3;3;0;666;1;9999;9999;9999;9999;9999;0;0;9999;9999;9999;9999;9999;0;1;666;666;9999;9999;9999;0;9999;0;9999;666;0;0;9999;9999;9999;0;666;1;9999;9999;9999;666;1;1;9999;9999;9999;0;9999;1;666;9999;9999;0;0;9999;9999;666;9999;9999;1;666;9999;1;9999;9999;9999;9999;0;0;0;0;0;9999;9999;1;0;0;1;9999;9999;9999;9999;1;0;9999;0;9999;1;9999;9999;9999;0;0;0;9999;9999;9999;1;0;0;9999;9999;9999;1;0;0;9999;1;9999;9999;1;0;9999;9999;1;1;9999;1;0;9999;9999;9999;1
1;1073;107318;4;4;0;9999;9999;0;9999;0;0;0;9999;9999;9999;9999;9999;0;0;0;9999;9999;9999;9999;9999;0;1;0;9999;0;9999;9999;0;1;9999;0;0;9999;9999;9999;0;0;9999;9999;1;0;9999;9999;0;0;9999;9999;0;9999;1;9999;0;0;9999;9999;1;1;9999;9999;9999;0;9999;0;1;9999;0;9999;9999;9999;0;0;1;0;9999;9999;9999;0;1;1;1;9999;9999;9999;0;9999;1;1;9999;9999;0;9999;9999;1;0;0;9999;9999;0;0;9999;9999;0;0;9999;9999;0;1;9999;0;9999;0;9999;9999;1;1;9999;9999;0;1;9999
1;1073;107319;5;5;9999;1;9999;9999;0;0;0;9999;9999;0;9999;0;0;9999;0;9999;9999;0;0;0;9999;0;9999;9999;9999;0;0;9999;9999;9999;1;9999;9999;1;9999;0;0;9999;1;9999;9999;0;0;1;9999;0;9999;0;9999;0;9999;9999;9999;0;0;0;9999;9999;0;9999;9999;0;0;9999;0;0;9999;9999;9999;1;0;9999;9999;9999;0;9999;0;1;9999;9999;9999;0;1;0;0;9999;9999;0;0;0;9999;0;1;9999;0;9999;9999;1;9999;0;0;9999;9999;9999;0;9999;1;9999;1;9999;0;0;0;9999;9999;9999;0;1;9999;0;9999
1;1073;107320;6;6;9999;9999;1;0;9999;0;1;0;0;9999;9999;9999;9999;1;0;9999;1;9999;9999;9999;9999;1;9999;0;0;0;9999;1;9999;0;9999;0;9999;9999;0;9999;0;0;9999;1;9999;1;9999;9999;9999;1;0;9999;1;9999;9999;0;0;1;9999;9999;0;9999;9999;9999;1;0;9999;9999;9999;9999;9999;9999;9999;9999;9999;9999;9999;9999;9999;9999;9999;9999;9999;9999;9999;9999;9999;9999;9999;9999;9999;9999;9999;9999;9999;9999;9999;9999;9999;9999;9999;9999;9999;9999;9999;9999;9999;9999;9999;9999;9999;9999;9999;9999;9999;9999;9999;9999;9999;9999;9999;9999;9999;9999;9999
1;1081;108101;3;3;0;0;0;9999;9999;9999;9999;9999;0;0;9999;9999;9999;9999;9999;0;1;1;1;9999;9999;9999;1;9999;0;9999;0;1;1;9999;9999;9999;0;1;0;9999;9999;9999;0;1;0;9999;9999;9999;0;9999;1;1;9999;9999;1;0;9999;9999;0;9999;9999;0;0;9999;0;9999;9999;9999;9999;0;0;0;0;1;9999;9999;0;1;1;1;9999;9999;9999;9999;0;0;9999;1;9999;0;9999;9999;9999;1;0;1;9999;9999;9999;0;0;0;9999;9999;9999;0;0;0;9999;1;9999;9999;1;0;9999;9999;0;1;9999;0;1;9999;9999;9999;0
1;1081;108102;4;4;1;9999;9999;0;9999;0;0;1;9999;9999;9999;9999;9999;0;1;0;9999;9999;9999;9999;9999;0;1;1;9999;1;9999;9999;0;0;9999;0;1;9999;9999;9999;0;0;9999;9999;1;0;9999;9999;0;0;9999;9999;1;9999;0;9999;1;0;9999;9999;0;0;9999;9999;9999;0;9999;9999;9999;9999;9999;9999;9999;9999;9999;9999;9999;9999;9999;9999;9999;9999;9999;9999;9999;9999;9999;9999;9999;9999;9999;9999;9999;9999;9999;9999;9999;9999;9999;9999;9999;9999;9999;9999;9999;9999;9999;9999;9999;9999;9999;9999;9999;9999;9999;9999;9999;9999;9999;9999;9999;9999;9999;9999;9999
1;1081;108103;5;5;9999;0;9999;9999;0;0;0;9999;9999;0;9999;1;0;9999;0;9999;9999;1;0;0;9999;9999;9999;9999;9999;1;1;9999;9999;9999;0;9999;9999;1;9999;0;666;9999;0;9999;9999;0;1;0;9999;0;9999;0;9999;0;9999;9999;9999;0;1;0;9999;9999;0;9999;9999;0;0;9999;1;0;9999;9999;9999;1;0;9999;9999;9999;1;9999;0;0;9999;9999;9999;9999;1;0;0;9999;9999;1;0;1;9999;1;1;9999;0;9999;9999;1;9999;0;1;9999;9999;9999;1;9999;1;9999;0;9999;1;0;0;9999;9999;9999;1;1;9999;0;9999
1;1081;108104;6;6;9999;9999;1;0;9999;0;0;0;0;9999;9999;9999;9999;0;0;9999;1;9999;9999;9999;9999;1;9999;0;0;1;9999;1;9999;0;9999;1;9999;9999;0;9999;0;0;9999;1;9999;0;9999;9999;9999;1;1;9999;1;9999;9999;0;1;0;9999;9999;1;9999;9999;9999;1;0;1;1;9999;9999;0;9999;9999;9999;9999;0;0;0;9999;9999;0;9999;1;1;1;9999;1;9999;9999;9999;1;9999;1;9999;1;9999;0;1;9999;0;9999;9999;0;9999;1;9999;0;0;0;9999;9999;0;9999;0;1;9999;9999;9999;1;0;9999;1;0;9999;9999
1;1081;108105;1;1;0;9999;0;9999;0;9999;9999;9999;0;9999;9999;1;0;9999;9999;0;1;9999;9999;0;9999;9999;1;9999;0;9999;9999;1;0;9999;0;9999;0;9999;0;1;9999;9999;9999;0;1;9999;1;1;0;9999;1;9999;9999;1;1;0;9999;9999;9999;0;9999;1;9999;9999;1;9999;9999;1;9999;0;9999;1;0;1;9999;0;9999;9999;0;0;9999;9999;0;1;9999;0;9999;0;9999;1;1;9999;9999;1;9999;0;9999;1;9999;9999;0;0;0;9999;9999;0;9999;9999;9999;1;9999;0;1;9999;9999;9999;1;1;1;9999;0;9999;0;9999;0
1;1081;108106;2;2;9999;0;9999;0;0;9999;9999;0;9999;0;9999;1;0;1;9999;9999;9999;1;1;0;9999;9999;9999;0;9999;9999;0;9999;9999;0;0;0;9999;1;9999;0;9999;0;0;9999;9999;9999;1;0;9999;9999;9999;1;0;1;9999;9999;1;9999;1;0;1;9999;0;9999;9999;9999;1;9999;1;9999;9999;0;0;9999;1;9999;9999;9999;9999;1;0;0;9999;9999;9999;0;1;9999;1;1;9999;0;1;9999;9999;9999;0;9999;1;9999;0;9999;9999;0;1;0;9999;9999;1;1;1;9999;9999;9999;1;1;9999;1;9999;9999;9999;0;9999;0;0
1;1081;108107;3;3;0;0;1;9999;9999;9999;9999;9999;0;0;9999;9999;9999;9999;9999;0;0;1;0;9999;9999;9999;1;9999;0;9999;0;0;1;9999;9999;9999;0;1;0;9999;9999;9999;0;1;1;9999;9999;9999;0;9999;0;0;9999;9999;0;0;9999;9999;0;9999;9999;1;0;9999;1;9999;9999;9999;9999;0;0;0;1;1;9999;9999;1;1;1;0;9999;9999;9999;9999;1;0;9999;0;9999;1;9999;9999;9999;0;0;1;9999;9999;9999;0;0;1;9999;9999;9999;0;1;0;9999;1;9999;9999;1;0;9999;9999;0;0;9999;0;1;9999;9999;9999;0
1;1081;108108;4;4;0;9999;9999;0;9999;0;1;1;9999;9999;9999;9999;9999;0;0;0;9999;9999;9999;9999;9999;0;0;0;9999;0;9999;9999;0;0;9999;0;0;9999;9999;9999;0;1;9999;9999;1;0;9999;9999;0;0;9999;9999;0;9999;0;9999;0;0;9999;9999;0;0;9999;9999;9999;0;9999;0;1;9999;1;9999;9999;9999;1;0;1;1;9999;9999;9999;1;1;1;0;0;9999;9999;1;9999;1;0;9999;9999;0;9999;9999;1;0;0;9999;9999;0;1;9999;9999;1;1;9999;9999;0;1;9999;0;9999;1;9999;9999;1;1;9999;9999;0;0;9999
1;1081;108109;5;5;9999;9999;9999;9999;9999;9999;9999;9999;9999;9999;9999;9999;9999;9999;9999;9999;9999;9999;9999;9999;9999;9999;9999;9999;9999;9999;9999;9999;9999;9999;9999;9999;9999;9999;9999;9999;9999;9999;9999;9999;9999;9999;9999;9999;9999;9999;9999;9999;9999;9999;9999;9999;9999;9999;9999;9999;9999;9999;9999;9999;9999;9999;0;9999;0;0;9999;9999;9999;1;1;9999;9999;9999;0;9999;0;1;9999;9999;9999;9999;1;0;0;9999;9999;1;1;1;9999;1;0;9999;0;9999;9999;0;9999;0;1;9999;9999;9999;0;9999;1;9999;1;9999;0;1;1;9999;9999;9999;0;1;9999;0;9999
1;1081;108110;6;6;9999;9999;0;0;9999;0;0;0;0;9999;9999;9999;9999;1;1;9999;1;9999;9999;9999;9999;1;9999;0;0;1;9999;0;9999;0;9999;0;9999;9999;0;9999;0;0;9999;1;9999;0;9999;9999;9999;1;1;9999;1;9999;9999;0;0;0;9999;9999;0;9999;9999;9999;1;1;1;1;9999;9999;0;9999;9999;9999;9999;0;1;0;9999;9999;0;9999;1;1;1;9999;1;9999;9999;9999;1;9999;1;9999;1;9999;0;1;9999;1;9999;9999;0;9999;1;9999;1;0;1;9999;9999;1;9999;0;0;9999;9999;9999;1;1;9999;1;0;9999;9999
1;1081;108111;1;1;0;9999;0;9999;0;9999;9999;9999;0;9999;9999;1;0;9999;9999;0;0;9999;9999;1;9999;9999;1;9999;0;9999;9999;1;0;9999;0;9999;0;9999;0;0;9999;9999;9999;0;1;9999;1;1;0;9999;1;9999;9999;0;1;0;9999;9999;9999;1;9999;1;9999;9999;0;9999;9999;0;9999;0;9999;666;666;1;9999;1;9999;9999;0;666;9999;9999;0;0;9999;0;9999;0;9999;1;1;9999;9999;1;9999;0;9999;1;9999;9999;666;0;0;9999;9999;0;9999;9999;9999;666;9999;1;1;9999;9999;9999;1;666;1;9999;1;9999;0;9999;666
1;1081;108112;2;2;9999;0;9999;0;0;9999;9999;0;9999;0;9999;1;0;0;9999;9999;9999;1;1;0;9999;9999;9999;1;9999;9999;1;9999;9999;0;1;0;9999;1;9999;1;9999;0;0;9999;9999;9999;0;0;9999;9999;9999;0;1;0;9999;9999;1;9999;1;1;1;9999;0;9999;9999;9999;9999;9999;9999;9999;9999;9999;9999;9999;9999;9999;9999;9999;9999;9999;9999;9999;9999;9999;9999;9999;9999;9999;9999;9999;9999;9999;9999;9999;9999;9999;9999;9999;9999;9999;9999;9999;9999;9999;9999;9999;9999;9999;9999;9999;9999;9999;9999;9999;9999;9999;9999;9999;9999;9999;9999;9999;9999;9999;9999
1;1081;108114;4;4;0;9999;9999;0;9999;0;0;0;9999;9999;9999;9999;9999;0;1;0;9999;9999;9999;9999;9999;9999;1;0;9999;0;9999;9999;1;0;9999;0;0;9999;9999;9999;0;0;9999;9999;1;0;9999;9999;0;1;9999;9999;1;9999;0;9999;0;0;9999;9999;0;1;9999;9999;9999;0;9999;0;1;9999;0;9999;9999;9999;1;0;1;1;9999;9999;9999;1;1;1;1;9999;9999;9999;1;9999;1;1;9999;9999;1;9999;9999;1;0;1;9999;9999;0;1;9999;9999;1;0;9999;9999;1;0;9999;1;9999;1;9999;9999;1;1;9999;9999;0;1;9999
1;1081;108115;5;5;9999;0;9999;9999;0;0;0;9999;9999;1;9999;0;0;9999;0;9999;9999;0;0;0;9999;9999;9999;9999;9999;1;0;9999;9999;9999;0;9999;9999;1;9999;0;666;9999;0;9999;9999;0;0;0;9999;1;9999;1;9999;1;9999;9999;9999;0;0;0;9999;9999;0;9999;9999;0;0;9999;1;0;9999;9999;9999;0;0;9999;9999;9999;0;9999;0;1;9999;9999;9999;0;1;0;0;9999;9999;0;0;0;9999;0;0;9999;0;9999;9999;0;9999;1;0;9999;9999;9999;0;9999;1;9999;1;9999;0;0;0;9999;9999;9999;0;0;9999;0;9999
1;1081;108116;6;6;9999;9999;0;0;9999;0;1;1;0;9999;9999;9999;9999;0;0;9999;0;9999;9999;9999;9999;0;9999;0;0;1;9999;0;9999;0;9999;0;9999;9999;0;9999;0;0;9999;1;9999;0;9999;9999;9999;0;1;9999;1;9999;9999;1;0;0;9999;9999;1;9999;9999;9999;0;1;1;0;9999;9999;0;9999;9999;9999;9999;0;1;1;9999;9999;0;9999;1;1;0;9999;1;9999;9999;9999;0;9999;0;9999;0;9999;0;0;9999;0;9999;9999;0;9999;1;9999;1;0;0;9999;9999;0;9999;1;1;9999;9999;9999;0;1;9999;1;0;9999;9999
1;1081;108117;1;1;1;9999;1;9999;0;9999;9999;9999;0;9999;9999;1;0;9999;9999;0;0;9999;9999;0;9999;9999;0;9999;0;9999;9999;0;0;9999;1;9999;0;9999;0;0;9999;9999;9999;0;0;9999;1;0;0;9999;0;9999;9999;1;1;0;9999;9999;9999;1;9999;1;9999;9999;1;9999;9999;0;9999;1;9999;0;0;1;9999;0;9999;9999;0;1;9999;9999;0;1;9999;0;9999;0;9999;0;1;9999;9999;0;9999;1;9999;1;9999;9999;0;0;1;9999;9999;0;9999;9999;9999;0;9999;1;1;9999;9999;9999;0;1;0;9999;0;9999;0;9999;0
1;1081;108118;2;2;9999;0;9999;0;0;9999;9999;1;9999;1;9999;1;1;1;9999;9999;9999;1;0;0;9999;9999;9999;1;9999;9999;1;9999;9999;0;0;0;9999;1;9999;1;9999;0;0;9999;9999;9999;1;1;9999;9999;9999;1;1;0;9999;9999;1;9999;1;0;1;9999;0;9999;9999;9999;1;9999;1;9999;9999;1;0;9999;1;9999;9999;9999;9999;1;0;1;9999;9999;9999;1;1;9999;1;1;9999;1;1;9999;9999;9999;1;9999;1;9999;1;9999;9999;1;1;1;9999;9999;1;1;1;9999;9999;9999;1;1;9999;1;9999;9999;9999;1;9999;0;0
1;1081;108119;3;3;0;0;1;9999;9999;9999;9999;9999;0;0;9999;9999;9999;9999;9999;0;1;1;1;9999;9999;9999;1;9999;0;9999;1;1;0;9999;9999;9999;0;0;0;9999;9999;9999;1;0;1;9999;9999;9999;0;9999;1;0;9999;9999;0;1;9999;9999;0;9999;9999;1;0;9999;1;9999;9999;9999;9999;0;1;1;0;1;9999;9999;0;0;1;0;9999;9999;9999;9999;1;9999;9999;0;9999;0;9999;9999;9999;0;0;0;9999;9999;9999;0;1;0;9999;9999;9999;0;0;0;9999;0;9999;9999;1;1;9999;9999;1;0;9999;1;0;9999;9999;9999;0
1;1081;108120;1;1;1;9999;0;9999;0;9999;9999;9999;0;9999;9999;0;0;9999;9999;0;0;9999;9999;0;9999;9999;0;9999;0;9999;9999;1;0;9999;0;9999;0;9999;0;0;9999;9999;9999;0;1;9999;0;0;0;9999;1;9999;9999;0;0;0;9999;9999;9999;0;9999;1;9999;9999;0;9999;9999;0;9999;0;9999;0;0;1;9999;0;9999;9999;0;1;9999;9999;1;1;9999;9999;9999;0;9999;0;0;9999;9999;0;9999;1;9999;1;9999;9999;0;0;0;9999;9999;0;9999;9999;9999;0;9999;1;1;9999;9999;9999;0;0;1;9999;1;9999;0;9999;0
1;1082;108201;4;4;0;9999;9999;0;9999;0;0;1;9999;9999;9999;9999;9999;0;0;0;9999;9999;9999;9999;9999;0;1;0;9999;1;9999;9999;1;0;9999;0;0;9999;9999;9999;0;0;9999;9999;1;0;9999;9999;0;0;9999;9999;1;9999;0;9999;1;0;9999;9999;0;1;9999;9999;9999;0;9999;0;0;9999;0;9999;9999;9999;1;0;1;1;9999;9999;9999;1;1;1;1;9999;9999;9999;0;9999;1;1;9999;9999;1;9999;9999;1;0;0;9999;9999;0;0;9999;9999;0;0;9999;9999;1;1;9999;1;9999;0;9999;9999;0;1;9999;9999;1;0;9999
1;1082;108202;5;5;9999;1;9999;9999;0;0;0;9999;9999;1;9999;1;0;9999;1;9999;9999;1;1;0;9999;9999;9999;9999;9999;1;1;9999;9999;9999;1;9999;9999;1;9999;0;666;9999;0;9999;9999;0;1;0;9999;1;9999;1;9999;0;9999;9999;9999;0;1;1;9999;9999;0;9999;9999;0;0;9999;1;1;9999;9999;9999;0;1;9999;9999;9999;666;9999;1;1;9999;9999;9999;9999;1;0;0;9999;9999;0;0;0;9999;1;0;9999;0;9999;9999;1;9999;1;1;9999;9999;9999;1;9999;1;9999;1;9999;0;0;1;9999;9999;9999;0;1;9999;0;9999
1;1082;108203;6;6;9999;9999;0;0;9999;0;1;0;0;9999;9999;9999;9999;1;1;9999;1;9999;9999;9999;9999;0;9999;0;1;0;9999;1;9999;0;9999;1;9999;9999;0;9999;0;0;9999;1;9999;0;9999;9999;9999;1;1;9999;1;9999;9999;666;1;1;9999;9999;1;9999;9999;9999;0;0;1;1;9999;9999;1;9999;9999;9999;9999;0;1;1;9999;9999;0;9999;1;0;1;9999;1;9999;9999;9999;1;9999;1;9999;0;9999;1;1;9999;1;9999;9999;0;9999;1;9999;0;1;1;9999;9999;0;9999;1;1;9999;9999;9999;1;1;9999;1;0;9999;9999
1;1082;108204;1;1;0;9999;1;9999;0;9999;9999;9999;0;9999;9999;1;0;9999;9999;0;1;9999;9999;1;9999;9999;1;9999;0;9999;9999;1;0;9999;0;9999;1;9999;0;1;9999;9999;9999;1;1;9999;1;0;0;9999;1;9999;9999;0;0;1;9999;9999;9999;1;9999;1;9999;9999;1;9999;9999;0;9999;1;9999;1;0;1;9999;1;9999;9999;0;1;9999;9999;1;1;9999;0;9999;0;9999;1;0;9999;9999;1;9999;0;9999;1;9999;9999;0;0;0;9999;9999;0;9999;9999;9999;1;9999;0;1;9999;9999;9999;0;0;1;9999;1;9999;0;9999;0
1;1082;108205;2;2;9999;0;9999;0;0;9999;9999;0;9999;1;9999;0;0;0;9999;9999;9999;1;0;1;9999;9999;9999;0;9999;9999;0;9999;9999;0;0;0;9999;1;9999;0;9999;1;0;9999;9999;9999;1;1;9999;9999;9999;0;1;0;9999;9999;0;9999;0;0;0;9999;0;9999;9999;9999;0;9999;1;9999;9999;0;1;9999;0;9999;9999;9999;9999;1;0;1;9999;9999;9999;0;1;9999;666;0;9999;1;0;9999;9999;9999;0;9999;0;9999;0;9999;9999;1;1;0;9999;9999;0;1;0;9999;9999;9999;0;666;9999;1;9999;9999;9999;1;9999;1;0
1;1082;108206;3;3;0;0;1;9999;9999;9999;9999;9999;0;0;9999;9999;9999;9999;9999;0;1;0;1;9999;9999;9999;0;9999;0;9999;1;0;1;9999;9999;9999;0;1;0;9999;9999;9999;0;1;1;9999;9999;9999;0;9999;0;0;9999;9999;0;1;9999;9999;1;9999;9999;0;0;9999;1;9999;9999;9999;9999;9999;9999;9999;9999;9999;9999;9999;9999;9999;9999;9999;9999;9999;9999;9999;9999;9999;9999;9999;9999;9999;9999;9999;9999;9999;9999;9999;9999;9999;9999;9999;9999;9999;9999;9999;9999;9999;9999;9999;9999;9999;9999;9999;9999;9999;9999;9999;9999;9999;9999;9999;9999;9999;9999;9999;9999
1;1082;108207;4;4;0;9999;9999;0;9999;0;0;0;9999;9999;9999;9999;9999;1;0;0;9999;9999;9999;9999;9999;0;1;0;9999;1;9999;9999;1;0;9999;0;0;9999;9999;9999;0;1;9999;9999;1;0;9999;9999;0;1;9999;9999;1;9999;0;9999;1;0;9999;9999;1;1;9999;9999;9999;0;9999;1;1;9999;1;9999;9999;9999;1;0;1;1;9999;9999;9999;1;1;1;1;9999;9999;9999;0;9999;1;1;9999;9999;1;9999;9999;1;0;1;9999;9999;0;1;9999;9999;1;1;9999;9999;0;0;9999;0;9999;1;9999;9999;0;1;9999;9999;1;1;9999
1;1082;108208;5;5;9999;0;9999;9999;0;0;0;9999;9999;0;9999;1;0;9999;1;9999;9999;1;1;1;9999;0;9999;9999;9999;1;1;9999;9999;9999;1;9999;9999;1;9999;1;0;9999;0;9999;9999;0;0;0;9999;1;9999;1;9999;0;9999;9999;9999;1;1;1;9999;9999;0;9999;9999;0;1;9999;1;0;9999;9999;9999;1;1;9999;9999;9999;0;9999;1;1;9999;9999;9999;9999;1;0;0;9999;9999;1;1;1;9999;0;0;9999;0;9999;9999;0;9999;1;1;9999;9999;9999;1;9999;1;9999;1;9999;1;0;0;9999;9999;9999;0;1;9999;1;9999
1;1082;108209;6;6;9999;9999;1;0;9999;0;1;0;0;9999;9999;9999;9999;1;0;9999;0;9999;9999;9999;9999;1;9999;1;0;1;9999;1;9999;0;9999;0;9999;9999;0;9999;0;0;9999;0;9999;0;9999;9999;9999;1;0;9999;1;9999;9999;0;1;0;9999;9999;0;9999;9999;9999;0;1;1;1;9999;9999;0;9999;9999;9999;9999;0;1;0;9999;9999;1;9999;1;1;1;9999;1;9999;9999;9999;0;9999;1;9999;1;9999;1;1;9999;1;9999;9999;0;9999;1;9999;0;1;0;9999;9999;0;9999;0;0;9999;9999;9999;1;1;9999;1;0;9999;9999
1;1082;108210;1;1;0;9999;0;9999;0;9999;9999;9999;0;9999;9999;0;0;9999;9999;0;1;9999;9999;0;9999;0;1;9999;0;9999;9999;0;1;9999;0;9999;0;9999;0;0;9999;9999;9999;0;1;9999;0;0;0;9999;1;9999;9999;0;1;0;9999;9999;9999;1;9999;0;9999;9999;0;9999;9999;0;9999;0;9999;0;0;1;9999;0;9999;9999;0;1;9999;9999;1;0;9999;0;9999;0;9999;0;1;9999;9999;0;9999;1;9999;1;9999;9999;1;0;0;9999;9999;0;9999;9999;9999;1;9999;0;1;9999;9999;9999;0;1;1;9999;1;9999;0;9999;0
1;1082;108211;2;2;9999;1;9999;0;0;9999;9999;1;9999;1;9999;1;0;0;9999;9999;9999;1;0;1;9999;9999;9999;0;9999;9999;1;9999;9999;0;0;0;9999;1;9999;0;9999;0;0;9999;9999;9999;0;1;9999;9999;9999;1;1;1;9999;9999;0;9999;0;1;1;9999;0;9999;9999;9999;0;9999;1;9999;9999;1;0;9999;0;9999;9999;9999;9999;1;0;0;9999;9999;9999;0;1;9999;1;1;9999;0;0;9999;9999;9999;0;9999;0;9999;1;9999;9999;0;1;1;9999;9999;1;1;1;9999;9999;9999;0;1;9999;1;9999;9999;9999;1;9999;1;0
1;1082;108212;3;3;0;0;0;9999;9999;9999;9999;9999;0;0;9999;9999;9999;9999;9999;0;1;0;1;9999;9999;9999;1;9999;0;9999;0;1;1;9999;9999;9999;0;1;0;9999;9999;9999;0;0;1;9999;9999;9999;0;9999;1;0;9999;9999;0;0;9999;9999;0;9999;9999;1;0;9999;0;9999;9999;9999;9999;0;0;0;0;0;9999;9999;1;0;0;0;9999;9999;9999;9999;0;0;9999;0;9999;0;9999;9999;9999;0;1;0;9999;9999;9999;666;0;0;9999;9999;9999;0;0;1;9999;0;9999;9999;0;1;9999;9999;0;1;9999;1;1;9999;9999;9999;0
1;1082;108213;4;4;0;9999;9999;0;9999;0;1;1;9999;9999;9999;9999;9999;0;1;0;9999;9999;9999;9999;9999;0;1;0;9999;1;9999;9999;0;0;9999;0;0;9999;9999;9999;0;0;9999;9999;1;1;9999;9999;0;1;9999;9999;0;9999;0;9999;1;0;9999;9999;0;1;9999;9999;9999;1;9999;1;1;9999;0;9999;9999;9999;0;0;1;1;9999;9999;9999;0;1;1;0;9999;9999;9999;1;9999;1;0;9999;9999;1;9999;9999;1;1;1;9999;9999;0;1;9999;9999;1;0;9999;9999;1;1;9999;0;9999;1;9999;9999;1;1;9999;9999;0;1;9999
1;1082;108214;5;5;9999;0;9999;9999;0;0;1;9999;9999;0;9999;0;0;9999;0;9999;9999;1;0;0;9999;0;9999;9999;9999;1;1;9999;9999;9999;1;9999;9999;1;9999;0;666;9999;0;9999;9999;0;0;0;9999;1;9999;1;9999;0;9999;9999;9999;0;0;0;9999;9999;0;9999;9999;0;9999;9999;9999;9999;9999;9999;9999;9999;9999;9999;9999;9999;9999;9999;9999;9999;9999;9999;9999;9999;9999;9999;9999;9999;9999;9999;9999;9999;9999;9999;9999;9999;9999;9999;9999;9999;9999;9999;9999;9999;9999;9999;9999;9999;9999;9999;9999;9999;9999;9999;9999;9999;9999;9999;9999;9999;9999;9999;9999
1;1082;108215;6;6;9999;9999;0;0;9999;0;0;0;0;9999;9999;9999;9999;1;0;9999;0;9999;9999;9999;9999;0;9999;0;666;0;9999;0;9999;0;9999;0;9999;9999;0;9999;0;0;9999;1;9999;0;9999;9999;9999;0;0;9999;1;9999;9999;666;0;0;9999;9999;0;9999;9999;9999;0;0;1;1;9999;9999;0;9999;9999;9999;9999;0;1;0;9999;9999;0;9999;1;1;0;9999;1;9999;9999;9999;0;9999;0;9999;0;9999;1;1;9999;0;9999;9999;0;9999;0;9999;1;0;0;9999;9999;1;9999;0;0;9999;9999;9999;0;0;9999;1;0;9999;9999
1;1082;108216;1;1;0;9999;0;9999;0;9999;9999;9999;0;9999;9999;0;1;9999;9999;0;0;9999;9999;0;9999;9999;0;9999;0;9999;9999;1;0;9999;1;9999;0;9999;0;0;9999;9999;9999;0;0;9999;0;0;0;9999;1;9999;9999;0;0;0;9999;9999;9999;0;9999;0;9999;9999;0;9999;9999;9999;9999;9999;9999;9999;9999;9999;9999;9999;9999;9999;9999;9999;9999;9999;9999;9999;9999;9999;9999;9999;9999;9999;9999;9999;9999;9999;9999;9999;9999;9999;9999;9999;9999;9999;9999;9999;9999;9999;9999;9999;9999;9999;9999;9999;9999;9999;9999;9999;9999;9999;9999;9999;9999;9999;9999;9999;9999
1;1082;108217;2;2;9999;1;9999;0;0;9999;9999;1;9999;0;9999;0;0;0;9999;9999;9999;0;0;1;9999;9999;9999;0;9999;9999;0;9999;9999;0;0;1;9999;1;9999;0;9999;1;0;9999;9999;9999;1;0;9999;9999;9999;1;1;1;9999;9999;1;9999;0;0;0;9999;0;9999;9999;9999;0;9999;0;9999;9999;0;0;9999;0;9999;9999;9999;9999;1;0;0;9999;9999;9999;0;1;9999;0;0;9999;0;0;9999;9999;9999;0;9999;0;9999;0;9999;9999;0;1;0;9999;9999;0;1;1;9999;9999;9999;1;0;9999;0;9999;9999;9999;1;9999;1;0
1;1082;108218;3;3;9999;9999;9999;9999;9999;9999;9999;9999;9999;9999;9999;9999;9999;9999;9999;9999;9999;9999;9999;9999;9999;9999;9999;9999;9999;9999;9999;9999;9999;9999;9999;9999;9999;9999;9999;9999;9999;9999;9999;9999;9999;9999;9999;9999;9999;9999;9999;9999;9999;9999;9999;9999;9999;9999;9999;9999;9999;9999;9999;9999;9999;9999;9999;9999;9999;0;0;0;1;0;9999;9999;1;1;0;1;9999;9999;9999;9999;0;9999;9999;0;9999;1;9999;9999;9999;0;0;0;9999;9999;9999;666;0;0;9999;9999;9999;0;0;1;9999;0;9999;9999;1;0;9999;9999;0;0;9999;1;0;9999;9999;9999;0
1;1082;108219;4;4;0;9999;9999;0;9999;0;0;0;9999;9999;9999;9999;9999;0;0;0;9999;9999;9999;9999;9999;9999;1;0;9999;0;9999;9999;0;0;9999;1;0;9999;9999;9999;0;0;9999;9999;0;0;9999;9999;0;0;9999;9999;1;9999;0;9999;0;0;9999;9999;1;1;9999;9999;9999;0;9999;9999;9999;9999;9999;9999;9999;9999;9999;9999;9999;9999;9999;9999;9999;9999;9999;9999;9999;9999;9999;9999;9999;9999;9999;9999;9999;9999;9999;9999;9999;9999;9999;9999;9999;9999;9999;9999;9999;9999;9999;9999;9999;9999;9999;9999;9999;9999;9999;9999;9999;9999;9999;9999;9999;9999;9999;9999;9999
1;1082;108220;5;5;9999;0;9999;9999;0;0;0;9999;9999;0;9999;0;0;9999;0;9999;9999;0;0;1;9999;9999;9999;9999;9999;0;0;9999;9999;9999;0;9999;9999;1;9999;0;0;9999;0;9999;9999;0;0;0;9999;0;9999;0;9999;1;9999;9999;9999;0;1;0;9999;9999;0;9999;9999;0;9999;9999;9999;9999;9999;9999;9999;9999;9999;9999;9999;9999;9999;9999;9999;9999;9999;9999;9999;9999;9999;9999;9999;9999;9999;9999;9999;9999;9999;9999;9999;9999;9999;9999;9999;9999;9999;9999;9999;9999;9999;9999;9999;9999;9999;9999;9999;9999;9999;9999;9999;9999;9999;9999;9999;9999;9999;9999;9999
2;2011;201101;4;4;0;9999;9999;0;9999;0;0;0;9999;9999;9999;9999;9999;0;0;0;9999;9999;9999;9999;9999;0;0;0;9999;1;9999;9999;0;0;9999;0;0;9999;9999;9999;1;1;9999;9999;0;0;9999;9999;0;0;9999;9999;0;9999;0;9999;0;0;9999;9999;1;0;9999;9999;9999;0;9999;1;0;9999;0;9999;9999;9999;0;0;0;0;9999;9999;9999;0;0;0;0;9999;9999;9999;0;9999;0;0;9999;9999;0;9999;9999;0;0;0;9999;9999;1;1;9999;9999;0;0;9999;9999;0;0;9999;0;9999;0;9999;9999;0;0;9999;9999;0;0;9999
2;2011;201103;5;5;9999;1;9999;9999;0;0;0;9999;9999;0;9999;1;1;9999;1;9999;9999;1;0;0;9999;0;9999;9999;9999;0;9999;9999;9999;9999;1;9999;9999;1;9999;1;666;9999;0;9999;9999;0;1;0;9999;1;9999;0;9999;0;9999;9999;9999;0;0;1;9999;9999;0;9999;9999;0;1;9999;1;0;9999;9999;9999;0;1;9999;9999;9999;0;9999;1;0;9999;9999;9999;9999;0;0;1;9999;9999;1;1;0;9999;1;0;9999;0;9999;9999;0;9999;1;1;9999;9999;9999;1;9999;1;9999;1;9999;0;0;1;9999;9999;9999;1;1;9999;1;9999
2;2011;201104;2;2;9999;1;9999;0;0;9999;9999;1;9999;1;9999;0;0;0;9999;9999;9999;0;0;1;9999;9999;9999;0;9999;9999;9999;9999;9999;0;1;0;9999;1;9999;0;9999;0;0;9999;9999;9999;0;0;9999;9999;9999;0;1;1;9999;9999;0;9999;0;0;1;9999;0;9999;9999;9999;1;9999;0;9999;9999;0;0;9999;0;9999;9999;9999;9999;1;0;0;9999;9999;9999;0;0;9999;0;1;9999;0;0;9999;9999;9999;0;9999;0;9999;0;9999;9999;1;1;0;9999;9999;0;0;0;9999;9999;9999;0;0;9999;0;9999;9999;9999;1;9999;0;0
2;2011;201105;1;1;1;9999;0;9999;0;9999;9999;9999;0;9999;9999;0;0;9999;9999;0;9999;9999;9999;0;9999;0;0;9999;0;9999;9999;0;0;9999;0;9999;0;9999;0;0;9999;9999;9999;0;0;9999;0;0;0;9999;0;9999;9999;0;1;0;9999;9999;9999;0;9999;0;9999;9999;1;9999;9999;666;9999;0;9999;666;666;0;9999;0;9999;9999;0;666;9999;9999;666;666;9999;9999;9999;0;9999;666;666;9999;9999;0;9999;0;9999;666;9999;9999;666;0;666;9999;9999;666;9999;9999;9999;666;9999;666;0;9999;9999;9999;0;666;666;9999;1;9999;666;9999;666
2;2011;201106;6;6;9999;9999;0;0;9999;0;0;0;0;9999;9999;9999;9999;0;0;9999;1;9999;9999;9999;9999;0;9999;0;0;1;9999;1;9999;0;9999;1;9999;9999;0;9999;0;1;9999;0;9999;0;9999;9999;9999;0;1;9999;0;9999;9999;0;0;0;9999;9999;1;9999;9999;9999;0;0;0;1;9999;9999;0;9999;9999;9999;9999;0;1;0;9999;9999;0;9999;0;1;0;9999;1;9999;9999;9999;0;9999;0;9999;1;9999;0;0;9999;0;9999;9999;0;9999;0;9999;0;0;0;9999;9999;0;9999;1;0;9999;9999;9999;0;0;9999;1;0;9999;9999
2;2011;201107;2;2;9999;0;9999;666;0;9999;9999;666;9999;0;9999;0;0;666;9999;9999;9999;0;0;1;9999;9999;9999;0;9999;9999;9999;9999;9999;666;0;0;9999;0;9999;0;9999;666;0;9999;9999;9999;0;0;9999;9999;9999;0;0;0;9999;9999;0;9999;0;0;666;9999;0;9999;9999;9999;1;9999;1;9999;9999;0;0;9999;0;9999;9999;9999;9999;1;0;666;9999;9999;9999;0;1;9999;666;1;9999;666;0;9999;9999;9999;1;9999;666;9999;1;9999;9999;1;0;0;9999;9999;1;0;666;9999;9999;9999;1;666;9999;1;9999;9999;9999;0;9999;0;0
2;2011;201108;3;3;0;1;0;9999;9999;9999;9999;9999;0;0;9999;9999;9999;9999;9999;0;1;0;0;9999;9999;0;0;9999;0;9999;9999;0;0;9999;9999;9999;0;1;0;9999;9999;9999;0;1;0;9999;9999;9999;0;9999;0;0;9999;9999;0;0;9999;9999;1;9999;9999;0;0;9999;1;9999;9999;9999;9999;1;0;0;0;0;9999;9999;1;0;0;1;9999;9999;9999;9999;0;9999;9999;0;9999;1;9999;9999;9999;0;0;1;9999;9999;9999;0;0;0;9999;9999;9999;0;1;0;9999;0;9999;9999;0;0;9999;9999;0;0;9999;0;1;9999;9999;9999;0
2;2011;201109;4;4;0;9999;9999;0;9999;0;0;0;9999;9999;9999;9999;9999;1;0;0;9999;9999;9999;9999;9999;0;0;0;9999;0;9999;9999;0;0;9999;0;0;9999;9999;9999;0;1;9999;9999;0;0;9999;9999;0;1;9999;9999;1;9999;0;9999;0;0;9999;9999;1;0;9999;9999;9999;0;9999;0;0;9999;0;9999;9999;9999;0;0;0;0;9999;9999;9999;0;0;0;0;0;9999;9999;0;9999;0;0;9999;9999;0;9999;9999;0;0;0;9999;9999;0;0;9999;9999;0;1;9999;9999;0;1;9999;0;9999;1;9999;9999;0;0;9999;9999;0;0;9999
2;2011;201110;5;5;9999;0;9999;9999;0;0;0;9999;9999;0;9999;0;0;9999;0;9999;9999;1;1;0;9999;0;9999;9999;9999;0;9999;9999;9999;9999;0;9999;9999;0;9999;0;0;9999;0;9999;9999;0;0;0;9999;0;9999;0;9999;0;9999;9999;9999;0;0;0;9999;9999;0;9999;9999;0;0;9999;0;0;9999;9999;9999;0;0;9999;9999;9999;0;9999;0;0;9999;9999;9999;0;0;0;0;9999;9999;0;0;0;9999;0;0;9999;0;9999;9999;0;9999;1;0;9999;9999;9999;0;9999;1;9999;0;9999;0;0;0;9999;9999;9999;0;0;9999;0;9999
2;2011;201111;6;6;9999;9999;0;0;9999;0;0;1;0;9999;9999;9999;9999;0;0;9999;1;9999;9999;9999;9999;0;9999;0;0;1;9999;0;9999;0;9999;0;9999;9999;0;9999;0;0;9999;0;9999;0;9999;9999;9999;0;0;9999;0;9999;9999;0;0;0;9999;9999;0;9999;9999;9999;0;0;0;1;9999;9999;1;9999;9999;9999;9999;0;1;0;9999;9999;0;9999;0;0;0;9999;1;9999;9999;9999;0;9999;0;9999;0;9999;0;1;9999;0;9999;9999;1;9999;1;9999;0;0;0;9999;9999;0;9999;0;0;9999;9999;9999;0;0;9999;1;0;9999;9999
2;2011;201112;1;1;0;9999;0;9999;0;9999;9999;9999;0;9999;9999;0;1;9999;9999;0;1;9999;9999;0;9999;9999;0;9999;0;9999;9999;1;0;9999;0;9999;0;9999;0;0;9999;9999;9999;0;0;9999;0;0;0;9999;0;9999;9999;1;0;0;9999;9999;9999;0;9999;0;9999;9999;0;9999;9999;0;9999;0;9999;0;0;0;9999;0;9999;9999;0;1;9999;9999;1;0;9999;9999;9999;0;9999;0;0;9999;9999;0;9999;1;9999;0;9999;9999;666;1;0;9999;9999;0;9999;9999;9999;1;9999;0;0;9999;9999;9999;0;0;0;9999;1;9999;0;9999;0
2;2011;201113;2;2;9999;0;9999;0;0;9999;9999;0;9999;0;9999;1;0;1;9999;9999;9999;0;1;0;9999;9999;9999;0;9999;9999;0;9999;9999;1;0;0;9999;1;9999;0;9999;0;0;9999;9999;9999;0;1;9999;9999;9999;0;1;1;9999;9999;0;9999;0;0;0;9999;0;9999;9999;9999;0;9999;0;9999;9999;1;0;9999;0;9999;9999;9999;9999;0;0;0;9999;9999;9999;0;0;9999;0;0;9999;0;0;9999;9999;9999;1;9999;0;9999;0;9999;9999;1;0;1;9999;9999;0;1;1;9999;9999;9999;0;0;9999;0;9999;9999;9999;0;9999;1;0
2;2011;201114;3;3;0;1;0;9999;9999;9999;9999;9999;1;0;9999;9999;9999;9999;9999;0;1;1;0;9999;9999;9999;0;9999;0;9999;0;1;1;9999;9999;9999;0;1;0;9999;9999;9999;0;0;1;9999;9999;9999;0;9999;0;0;9999;9999;0;0;9999;9999;0;9999;9999;0;0;9999;0;9999;9999;9999;9999;0;0;0;0;0;9999;9999;0;0;0;0;9999;9999;9999;9999;0;0;9999;0;9999;1;9999;9999;9999;1;0;1;9999;9999;9999;0;0;0;9999;9999;9999;0;0;1;9999;1;9999;9999;0;0;9999;9999;0;0;9999;1;0;9999;9999;9999;0
2;2011;201115;4;4;0;9999;9999;0;9999;0;0;1;9999;9999;9999;9999;9999;0;0;0;9999;9999;9999;9999;9999;9999;0;0;9999;1;9999;9999;0;1;9999;0;0;9999;9999;9999;0;0;9999;9999;0;0;9999;9999;0;0;9999;9999;1;9999;1;9999;1;0;9999;9999;0;0;9999;9999;9999;0;9999;0;0;9999;0;9999;9999;9999;0;0;0;1;9999;9999;9999;0;1;0;0;9999;9999;9999;0;9999;1;1;9999;9999;0;9999;9999;0;0;0;9999;9999;0;1;9999;9999;0;1;9999;9999;1;0;9999;0;9999;0;9999;9999;0;0;9999;9999;0;1;9999
2;2011;201116;5;5;9999;0;9999;9999;0;0;0;9999;9999;0;9999;1;0;9999;1;9999;9999;1;1;0;9999;9999;9999;9999;9999;1;0;9999;9999;9999;0;9999;9999;1;9999;0;0;9999;0;9999;9999;0;1;1;9999;1;9999;0;9999;0;9999;9999;9999;0;1;0;9999;9999;0;9999;9999;0;0;9999;1;0;9999;9999;9999;1;0;9999;9999;9999;0;9999;0;0;9999;9999;9999;9999;1;0;1;9999;9999;1;1;1;9999;1;1;9999;0;9999;9999;0;9999;1;1;9999;9999;9999;1;9999;1;9999;1;9999;0;0;0;9999;9999;9999;0;0;9999;1;9999
2;2011;201117;6;6;9999;9999;1;0;9999;0;0;0;0;9999;9999;9999;9999;0;0;9999;1;9999;9999;9999;9999;0;9999;1;666;0;9999;666;9999;0;9999;0;9999;9999;0;9999;0;0;9999;1;9999;1;9999;9999;9999;1;666;9999;1;9999;9999;666;0;0;9999;9999;1;9999;9999;9999;1;1;0;0;9999;9999;0;9999;9999;9999;9999;0;1;1;9999;9999;0;9999;1;0;1;9999;0;9999;9999;9999;1;9999;0;9999;0;9999;0;0;9999;1;9999;9999;0;9999;1;9999;0;0;0;9999;9999;0;9999;0;1;9999;9999;9999;0;0;9999;1;0;9999;9999
2;2011;201118;1;1;1;9999;1;9999;666;9999;9999;9999;1;9999;9999;1;666;9999;9999;0;1;9999;9999;666;9999;9999;0;9999;0;9999;9999;0;1;9999;666;9999;0;9999;0;666;9999;9999;9999;0;1;9999;0;666;0;9999;0;9999;9999;666;0;1;9999;9999;9999;1;9999;0;9999;9999;1;9999;9999;0;9999;1;9999;1;0;1;9999;0;9999;9999;0;0;9999;9999;0;0;9999;0;9999;0;9999;0;1;9999;9999;0;9999;0;9999;1;9999;9999;0;1;0;9999;9999;0;9999;9999;9999;0;9999;0;0;9999;9999;9999;1;0;0;9999;0;9999;0;9999;0
2;2011;201119;2;2;9999;666;9999;666;0;9999;9999;666;9999;1;9999;1;0;666;9999;9999;9999;666;666;0;9999;9999;9999;666;9999;9999;666;9999;9999;666;0;666;9999;1;9999;0;9999;666;666;9999;9999;9999;0;0;9999;9999;9999;0;666;0;9999;9999;666;9999;666;1;666;9999;0;9999;9999;9999;1;9999;0;9999;9999;0;0;9999;0;9999;9999;9999;9999;0;0;0;9999;9999;9999;0;0;9999;1;1;9999;1;1;9999;9999;9999;0;9999;0;9999;0;9999;9999;1;1;0;9999;9999;1;0;0;9999;9999;9999;0;0;9999;0;9999;9999;9999;1;9999;0;0
2;2011;201120;3;3;0;0;0;9999;9999;9999;9999;9999;0;0;9999;9999;9999;9999;9999;0;1;1;1;9999;9999;9999;0;9999;0;9999;0;1;0;9999;9999;9999;0;1;0;9999;9999;9999;0;0;1;9999;9999;9999;0;9999;0;0;9999;9999;1;0;9999;9999;0;9999;9999;0;0;9999;1;9999;9999;9999;9999;0;1;0;0;1;9999;9999;1;1;0;0;9999;9999;9999;9999;0;0;9999;0;9999;0;9999;9999;9999;0;0;0;9999;9999;9999;1;0;0;9999;9999;9999;0;0;0;9999;1;9999;9999;1;0;9999;9999;1;0;9999;1;1;9999;9999;9999;0
2;2011;201121;4;4;0;9999;9999;0;9999;0;1;1;9999;9999;9999;9999;9999;0;0;0;9999;9999;9999;9999;9999;0;1;0;9999;1;9999;9999;0;0;9999;0;1;9999;9999;9999;0;0;9999;9999;1;1;9999;9999;0;1;9999;9999;1;9999;0;9999;1;0;9999;9999;1;0;9999;9999;9999;1;9999;1;1;9999;0;9999;9999;9999;1;0;1;0;9999;9999;9999;1;1;0;0;9999;9999;9999;0;9999;0;0;9999;9999;1;9999;9999;0;1;1;9999;9999;0;1;9999;9999;1;0;9999;9999;1;0;9999;1;9999;1;9999;9999;1;0;9999;9999;0;0;9999
2;2011;201122;5;5;9999;1;9999;9999;0;0;0;9999;9999;1;9999;0;1;9999;0;9999;9999;1;1;1;9999;9999;9999;9999;9999;1;0;9999;9999;9999;0;9999;9999;1;9999;0;666;9999;0;9999;9999;0;0;0;9999;1;9999;0;9999;0;9999;9999;9999;0;0;1;9999;9999;1;9999;9999;0;0;9999;1;1;9999;9999;9999;1;0;9999;9999;9999;666;9999;1;1;9999;9999;9999;9999;1;0;0;9999;9999;1;0;0;9999;1;0;9999;1;9999;9999;0;9999;1;1;9999;9999;9999;0;9999;1;9999;0;9999;0;1;0;9999;9999;9999;1;0;9999;0;9999
2;2011;201123;6;6;9999;9999;0;0;9999;0;0;0;0;9999;9999;9999;9999;0;0;9999;0;9999;9999;9999;9999;1;9999;0;666;1;9999;0;9999;0;9999;0;9999;9999;0;9999;0;0;9999;0;9999;0;9999;9999;9999;0;0;9999;1;9999;9999;666;0;0;9999;9999;0;9999;9999;9999;1;0;0;1;9999;9999;1;9999;9999;9999;9999;0;1;0;9999;9999;0;9999;0;0;0;9999;0;9999;9999;9999;0;9999;0;9999;0;9999;0;1;9999;0;9999;9999;0;9999;0;9999;0;0;1;9999;9999;1;9999;0;0;9999;9999;9999;0;0;9999;0;0;9999;9999
2;2011;201124;1;1;1;9999;0;9999;666;9999;9999;9999;0;9999;9999;1;666;9999;9999;0;1;9999;9999;0;9999;9999;0;9999;0;9999;9999;0;0;9999;1;9999;1;9999;0;666;9999;9999;9999;0;1;9999;0;0;0;9999;1;9999;9999;0;0;1;9999;9999;9999;1;9999;1;9999;9999;1;9999;9999;1;9999;1;9999;1;1;0;9999;1;9999;9999;0;1;9999;9999;1;0;9999;9999;9999;1;9999;1;1;9999;9999;1;9999;1;9999;1;9999;9999;1;0;1;9999;9999;1;9999;9999;9999;1;9999;1;1;9999;9999;9999;1;1;1;9999;1;9999;1;9999;0
2;2011;201125;2;2;9999;0;9999;0;0;9999;9999;1;9999;0;9999;0;0;0;9999;9999;9999;0;0;0;9999;9999;9999;0;9999;9999;1;9999;9999;0;0;0;9999;1;9999;0;9999;0;0;9999;9999;9999;0;0;9999;9999;9999;1;0;0;9999;9999;0;9999;0;0;0;9999;0;9999;9999;9999;0;9999;1;9999;9999;1;1;9999;0;9999;9999;9999;9999;0;0;0;9999;9999;9999;0;0;9999;1;0;9999;0;0;9999;9999;9999;0;9999;0;9999;0;9999;9999;0;0;0;9999;9999;0;1;0;9999;9999;9999;0;0;9999;0;9999;9999;9999;0;9999;0;0
2;2011;201126;3;3;0;0;0;9999;9999;9999;9999;9999;0;0;9999;9999;9999;9999;9999;0;1;1;1;9999;9999;9999;0;9999;0;9999;1;1;0;9999;9999;9999;1;1;0;9999;9999;9999;0;1;0;9999;9999;9999;0;9999;0;1;9999;9999;1;0;9999;9999;0;9999;9999;0;0;9999;1;9999;9999;9999;9999;1;0;0;0;0;9999;9999;1;0;0;1;9999;9999;9999;9999;0;9999;9999;0;9999;1;9999;9999;9999;0;0;1;9999;9999;9999;1;0;0;9999;9999;9999;0;1;0;9999;1;9999;9999;1;0;9999;9999;1;0;9999;0;0;9999;9999;9999;0
2;2011;201127;4;4;0;9999;9999;0;9999;0;1;1;9999;9999;9999;9999;9999;0;0;0;9999;9999;9999;9999;9999;0;1;0;9999;1;9999;9999;0;0;9999;0;1;9999;9999;9999;0;0;9999;9999;1;0;9999;9999;0;1;9999;9999;1;9999;0;9999;1;0;9999;9999;0;1;9999;9999;9999;1;9999;0;0;9999;0;9999;9999;9999;0;1;1;0;9999;9999;9999;0;0;0;0;9999;9999;9999;1;9999;1;0;9999;9999;0;9999;9999;1;0;1;9999;9999;0;0;9999;9999;1;0;9999;9999;1;0;9999;0;9999;0;9999;9999;1;0;9999;9999;0;0;9999
2;2011;201128;5;5;9999;1;9999;9999;0;0;1;9999;9999;0;9999;0;0;9999;0;9999;9999;0;0;1;9999;0;9999;9999;9999;1;1;9999;9999;9999;0;9999;9999;0;9999;0;0;9999;0;9999;9999;0;0;0;9999;0;9999;1;9999;0;9999;9999;9999;0;0;0;9999;9999;0;9999;9999;0;1;9999;0;0;9999;9999;9999;0;0;9999;9999;9999;0;9999;0;0;9999;9999;9999;9999;0;0;1;9999;9999;1;0;0;9999;0;0;9999;0;9999;9999;0;9999;0;0;9999;9999;9999;1;9999;0;9999;1;9999;0;0;0;9999;9999;9999;1;0;9999;0;9999
2;2011;201129;6;6;9999;9999;0;0;9999;0;0;0;0;9999;9999;9999;9999;0;0;9999;0;9999;9999;9999;9999;1;9999;0;0;0;9999;1;9999;0;9999;0;9999;9999;0;9999;0;0;9999;0;9999;0;9999;9999;9999;1;0;9999;0;9999;9999;0;0;0;9999;9999;0;9999;9999;9999;0;0;9999;9999;9999;9999;9999;9999;9999;9999;9999;9999;9999;9999;9999;9999;9999;9999;9999;9999;9999;9999;9999;9999;9999;9999;9999;9999;9999;9999;9999;9999;9999;9999;9999;9999;9999;9999;9999;9999;9999;9999;9999;9999;9999;9999;9999;9999;9999;9999;9999;9999;9999;9999;9999;9999;9999;9999;9999;9999;9999
2;2021;202101;6;9999;9999;9999;1;0;9999;0;0;0;0;9999;9999;9999;9999;0;0;9999;1;9999;9999;9999;9999;0;9999;1;0;1;9999;0;9999;0;9999;0;9999;9999;0;9999;0;1;9999;1;9999;0;9999;9999;9999;0;0;9999;1;9999;9999;0;1;0;9999;9999;0;9999;9999;9999;0;0;9999;9999;9999;9999;9999;9999;9999;9999;9999;9999;9999;9999;9999;9999;9999;9999;9999;9999;9999;9999;9999;9999;9999;9999;9999;9999;9999;9999;9999;9999;9999;9999;9999;9999;9999;9999;9999;9999;9999;9999;9999;9999;9999;9999;9999;9999;9999;9999;9999;9999;9999;9999;9999;9999;9999;9999;9999;9999;9999
2;2021;202102;1;1;1;9999;1;9999;0;9999;9999;9999;0;9999;9999;0;0;9999;9999;0;1;9999;9999;0;9999;9999;1;9999;0;9999;9999;1;0;9999;0;9999;1;9999;1;1;9999;9999;9999;1;1;9999;0;0;0;9999;0;9999;9999;0;0;0;9999;9999;9999;1;9999;1;9999;9999;1;9999;9999;0;9999;0;9999;1;0;0;9999;0;9999;9999;0;1;9999;9999;0;0;9999;0;9999;0;9999;0;1;9999;9999;1;9999;1;9999;1;9999;9999;0;1;0;9999;9999;0;9999;9999;9999;0;9999;0;1;9999;9999;9999;1;0;0;9999;0;9999;0;9999;0
2;2021;202103;6;6;9999;9999;0;0;9999;0;0;1;1;9999;9999;9999;9999;0;0;9999;666;9999;9999;9999;9999;0;9999;0;666;1;9999;666;9999;0;9999;0;9999;9999;666;9999;0;0;9999;1;9999;0;9999;9999;9999;0;666;9999;1;9999;9999;666;0;0;9999;9999;1;9999;9999;9999;666;0;0;0;9999;9999;0;9999;9999;9999;9999;0;1;0;9999;9999;1;9999;0;1;1;9999;1;9999;9999;9999;0;9999;0;9999;0;9999;0;1;9999;0;9999;9999;0;9999;1;9999;1;1;0;9999;9999;0;9999;0;1;9999;9999;9999;0;1;9999;0;0;9999;9999
2;2021;202104;5;5;9999;0;9999;9999;0;0;1;9999;9999;1;9999;0;0;9999;0;9999;9999;1;0;1;9999;0;9999;9999;9999;1;1;9999;9999;9999;0;9999;9999;0;9999;0;666;9999;0;9999;9999;0;0;0;9999;1;9999;0;9999;1;9999;9999;9999;0;0;0;9999;9999;0;9999;9999;0;0;9999;1;1;9999;9999;9999;0;0;9999;9999;9999;0;9999;0;0;9999;9999;9999;9999;0;0;1;9999;9999;0;1;0;9999;1;0;9999;1;9999;9999;0;9999;1;1;9999;9999;9999;0;9999;0;9999;0;9999;0;0;1;9999;9999;9999;0;0;9999;1;9999
2;2021;202105;4;4;1;9999;9999;0;9999;0;0;0;9999;9999;9999;9999;9999;0;0;0;9999;9999;9999;9999;9999;9999;1;0;9999;1;9999;9999;0;0;9999;0;1;9999;9999;9999;0;0;9999;9999;1;0;9999;9999;0;0;9999;9999;0;9999;0;9999;0;0;9999;9999;1;1;9999;9999;9999;0;9999;1;0;9999;0;9999;9999;9999;0;0;1;0;9999;9999;9999;1;0;0;0;9999;9999;9999;0;9999;1;0;9999;9999;1;9999;9999;0;0;1;9999;9999;0;0;9999;9999;0;0;9999;9999;1;0;9999;1;9999;1;9999;9999;0;0;9999;9999;0;0;9999
2;2021;202106;5;5;9999;0;9999;9999;0;0;1;9999;9999;0;9999;1;0;9999;0;9999;9999;1;1;0;9999;9999;9999;9999;9999;1;1;9999;9999;9999;1;9999;9999;1;9999;1;0;9999;1;9999;9999;0;0;1;9999;0;9999;1;9999;0;9999;9999;9999;0;0;0;9999;9999;0;9999;9999;0;0;9999;0;1;9999;9999;9999;0;0;9999;9999;9999;1;9999;0;1;9999;9999;9999;9999;1;1;0;9999;9999;1;1;1;9999;0;1;9999;1;9999;9999;1;9999;1;0;9999;9999;9999;0;9999;0;9999;1;9999;0;1;1;9999;9999;9999;1;1;9999;0;9999
2;2021;202107;4;4;0;9999;9999;0;9999;0;0;1;9999;9999;9999;9999;9999;0;0;0;9999;9999;9999;9999;9999;9999;1;1;9999;1;9999;9999;0;1;9999;0;0;9999;9999;9999;0;0;9999;9999;1;0;9999;9999;0;0;9999;9999;1;9999;0;9999;0;0;9999;9999;0;1;9999;9999;9999;0;9999;0;0;9999;0;9999;9999;9999;0;0;1;0;9999;9999;9999;1;1;1;0;9999;9999;9999;1;9999;1;1;9999;9999;1;9999;9999;1;1;1;9999;9999;0;1;9999;9999;1;0;9999;9999;1;0;9999;0;9999;1;9999;9999;1;1;9999;9999;1;0;9999
2;2021;202108;3;3;0;1;0;9999;9999;9999;9999;9999;0;0;9999;9999;9999;9999;9999;0;0;1;0;9999;9999;0;0;9999;0;9999;1;0;0;9999;9999;9999;0;0;0;9999;9999;9999;0;0;0;9999;9999;9999;0;9999;0;0;9999;9999;1;0;9999;9999;0;9999;9999;1;0;9999;0;9999;9999;9999;9999;1;0;0;0;0;9999;9999;0;0;0;0;9999;9999;9999;9999;0;0;9999;1;9999;0;9999;9999;9999;1;0;1;9999;9999;9999;1;0;0;9999;9999;9999;0;0;0;9999;1;9999;9999;1;1;9999;9999;0;0;9999;1;1;9999;9999;9999;0
2;2021;202109;2;2;9999;1;9999;0;0;9999;9999;0;9999;0;9999;0;0;666;9999;9999;9999;0;0;0;9999;9999;9999;0;9999;9999;0;9999;9999;0;1;0;9999;1;9999;1;9999;1;0;9999;9999;9999;0;0;9999;9999;9999;0;1;0;9999;9999;1;9999;0;0;0;9999;0;9999;9999;9999;9999;9999;9999;9999;9999;9999;9999;9999;9999;9999;9999;9999;9999;9999;9999;9999;9999;9999;9999;9999;9999;9999;9999;9999;9999;9999;9999;9999;9999;9999;9999;9999;9999;9999;9999;9999;9999;9999;9999;9999;9999;9999;9999;9999;9999;9999;9999;9999;9999;9999;9999;9999;9999;9999;9999;9999;9999;9999;9999
2;2021;202110;1;1;0;9999;1;9999;0;9999;9999;9999;0;9999;9999;0;1;9999;9999;0;0;9999;9999;0;9999;9999;0;9999;0;9999;9999;1;0;9999;1;9999;1;9999;1;1;9999;9999;9999;1;0;9999;0;0;0;9999;1;9999;9999;0;0;1;9999;9999;9999;1;9999;1;9999;9999;0;9999;9999;0;9999;1;9999;0;0;1;9999;0;9999;9999;0;1;9999;9999;1;1;9999;9999;9999;0;9999;0;1;9999;9999;0;9999;1;9999;1;9999;9999;0;0;0;9999;9999;0;9999;9999;9999;1;9999;0;1;9999;9999;9999;1;0;1;9999;1;9999;0;9999;0
2;2021;202111;5;5;9999;0;9999;9999;0;0;1;9999;9999;0;9999;0;0;9999;0;9999;9999;1;1;0;9999;0;9999;9999;9999;1;1;9999;9999;9999;0;9999;9999;1;9999;0;0;9999;0;9999;9999;0;0;0;9999;1;9999;0;9999;0;9999;9999;9999;0;0;0;9999;9999;0;9999;9999;0;1;9999;0;0;9999;9999;9999;0;0;9999;9999;9999;0;9999;1;1;9999;9999;9999;9999;1;1;1;9999;9999;0;0;1;9999;1;0;9999;0;9999;9999;0;9999;0;0;9999;9999;9999;1;9999;1;9999;1;9999;0;1;0;9999;9999;9999;0;0;9999;0;9999
2;2021;202112;4;4;666;9999;9999;0;9999;0;0;0;9999;9999;9999;9999;9999;0;0;0;9999;9999;9999;9999;9999;0;0;0;9999;1;9999;9999;666;0;9999;0;0;9999;9999;9999;0;0;9999;9999;1;0;9999;9999;0;1;9999;9999;1;9999;1;9999;1;0;9999;9999;0;0;9999;9999;9999;0;9999;0;0;9999;1;9999;9999;9999;0;0;0;0;9999;9999;9999;1;0;1;1;9999;9999;9999;0;9999;1;1;9999;9999;1;9999;9999;1;0;0;9999;9999;0;1;9999;9999;0;1;9999;9999;0;0;9999;0;9999;0;9999;9999;1;0;9999;9999;0;1;9999
2;2021;202113;3;3;0;666;0;9999;9999;9999;9999;9999;0;0;9999;9999;9999;9999;9999;0;0;666;666;9999;9999;0;0;9999;0;9999;666;0;0;9999;9999;9999;1;1;1;9999;9999;9999;666;1;0;9999;9999;9999;0;9999;0;1;9999;9999;0;0;9999;9999;666;9999;9999;0;0;9999;1;9999;9999;9999;9999;1;0;1;0;1;9999;9999;1;0;1;0;9999;9999;9999;9999;0;0;9999;1;9999;1;9999;9999;9999;1;1;1;9999;9999;9999;666;0;0;9999;9999;9999;0;1;0;9999;1;9999;9999;1;0;9999;9999;0;0;9999;0;0;9999;9999;9999;0
2;2021;202114;2;2;9999;0;9999;0;0;9999;9999;0;9999;0;9999;0;0;0;9999;9999;9999;1;0;0;9999;9999;9999;0;9999;9999;0;9999;9999;0;0;0;9999;0;9999;1;9999;0;0;9999;9999;9999;0;0;9999;9999;9999;0;1;1;9999;9999;0;9999;0;1;0;9999;0;9999;9999;9999;9999;9999;9999;9999;9999;9999;9999;9999;9999;9999;9999;9999;9999;9999;9999;9999;9999;9999;9999;9999;9999;9999;9999;9999;9999;9999;9999;9999;9999;9999;9999;9999;9999;9999;9999;9999;9999;9999;9999;9999;9999;9999;9999;9999;9999;9999;9999;9999;9999;9999;9999;9999;9999;9999;9999;9999;9999;9999;9999
2;2021;202115;3;3;1;1;0;9999;9999;9999;9999;9999;0;0;9999;9999;9999;9999;9999;0;0;1;0;9999;9999;9999;0;9999;0;9999;0;0;0;9999;9999;9999;0;1;0;9999;9999;9999;0;1;1;9999;9999;9999;0;9999;0;0;9999;9999;1;1;9999;9999;1;9999;9999;1;0;9999;1;9999;9999;9999;9999;1;0;0;0;0;9999;9999;1;0;0;0;9999;9999;9999;9999;1;0;9999;0;9999;0;9999;9999;9999;1;0;1;9999;9999;9999;666;0;1;9999;9999;9999;0;0;0;9999;0;9999;9999;1;0;9999;9999;0;0;9999;0;0;9999;9999;9999;0
2;2021;202116;3;3;0;1;0;9999;9999;9999;9999;9999;0;0;9999;9999;9999;9999;9999;0;0;0;0;9999;9999;9999;0;9999;0;9999;0;0;0;9999;9999;9999;0;1;0;9999;9999;9999;0;1;1;9999;9999;9999;0;9999;0;1;9999;9999;1;1;9999;9999;1;9999;9999;1;0;9999;1;9999;9999;9999;9999;1;0;1;0;1;9999;9999;1;1;0;1;9999;9999;9999;9999;1;0;9999;0;9999;0;9999;9999;9999;0;1;1;9999;9999;9999;1;0;1;9999;9999;9999;1;1;0;9999;1;9999;9999;1;0;9999;9999;0;0;9999;1;1;9999;9999;9999;0
2;2021;202117;2;2;9999;1;9999;666;0;9999;9999;0;9999;0;9999;1;0;666;9999;9999;9999;1;1;1;9999;9999;9999;1;9999;9999;0;9999;9999;666;1;0;9999;1;9999;0;9999;666;0;9999;9999;9999;1;0;9999;9999;9999;0;1;1;9999;9999;1;9999;1;1;666;9999;1;9999;9999;9999;1;9999;1;9999;9999;0;0;9999;1;9999;9999;9999;9999;0;1;1;9999;9999;9999;0;0;9999;1;1;9999;1;1;9999;9999;9999;0;9999;1;9999;0;9999;9999;1;1;0;9999;9999;0;1;1;9999;9999;9999;0;0;9999;1;9999;9999;9999;0;9999;1;1
2;2021;202118;1;1;0;9999;0;9999;666;9999;9999;9999;0;9999;9999;666;666;9999;9999;1;1;9999;9999;666;9999;9999;9999;9999;0;9999;9999;1;1;9999;666;9999;0;9999;0;666;9999;9999;9999;1;9999;9999;666;666;0;9999;0;9999;9999;666;1;666;9999;9999;9999;666;9999;1;9999;9999;0;9999;9999;0;9999;1;9999;1;0;1;9999;0;9999;9999;0;1;9999;9999;1;0;9999;0;9999;1;9999;0;1;9999;9999;1;9999;1;9999;0;9999;9999;0;1;0;9999;9999;0;9999;9999;9999;1;9999;0;1;9999;9999;9999;1;0;1;9999;1;9999;1;9999;0
2;2021;202119;2;2;9999;666;9999;666;0;9999;9999;666;9999;0;9999;0;1;666;9999;9999;9999;1;1;0;9999;9999;9999;666;9999;9999;1;9999;9999;666;1;666;9999;0;9999;0;9999;666;0;9999;9999;9999;0;0;9999;9999;9999;0;666;1;9999;9999;666;9999;666;0;666;9999;0;9999;9999;9999;1;9999;1;9999;9999;0;0;9999;1;9999;9999;9999;9999;1;0;1;9999;9999;9999;0;0;9999;1;1;9999;0;1;9999;9999;9999;0;9999;0;9999;1;9999;9999;1;1;0;9999;9999;1;1;0;9999;9999;9999;1;1;9999;1;9999;9999;9999;1;9999;0;1
2;2022;202201;6;6;9999;9999;1;0;9999;0;1;0;0;9999;9999;9999;9999;0;0;9999;1;9999;9999;9999;9999;0;9999;0;0;1;9999;1;9999;1;9999;0;9999;9999;0;9999;0;0;9999;1;9999;0;9999;9999;9999;0;1;9999;1;9999;9999;1;0;0;9999;9999;1;9999;9999;9999;1;0;0;1;9999;9999;1;9999;9999;9999;9999;0;1;0;9999;9999;0;9999;1;0;0;9999;1;9999;9999;9999;1;9999;0;9999;1;9999;0;0;9999;1;9999;9999;0;9999;0;9999;1;0;0;9999;9999;0;9999;1;1;9999;9999;9999;1;1;9999;0;0;9999;9999
2;2022;202202;5;5;9999;1;9999;9999;0;0;0;9999;9999;0;9999;0;0;9999;0;9999;9999;0;1;0;9999;0;9999;9999;9999;1;0;9999;9999;9999;1;9999;9999;0;9999;0;0;9999;0;9999;9999;0;0;0;9999;1;9999;1;9999;0;9999;9999;9999;0;0;0;9999;9999;0;9999;9999;0;9999;9999;9999;9999;9999;9999;9999;9999;9999;9999;9999;9999;9999;9999;9999;9999;9999;9999;9999;9999;9999;9999;9999;9999;9999;9999;9999;9999;9999;9999;9999;9999;9999;9999;9999;9999;9999;9999;9999;9999;9999;9999;9999;9999;9999;9999;9999;9999;9999;9999;9999;9999;9999;9999;9999;9999;9999;9999;9999
2;2022;202203;4;4;0;9999;9999;0;9999;0;0;1;9999;9999;9999;9999;9999;0;0;0;9999;9999;9999;9999;9999;0;0;0;9999;1;9999;9999;0;1;9999;1;0;9999;9999;9999;0;0;9999;9999;1;0;9999;9999;0;0;9999;9999;1;9999;0;9999;1;0;9999;9999;1;0;9999;9999;9999;0;9999;666;1;9999;0;9999;9999;9999;1;0;0;0;9999;9999;9999;0;666;666;0;9999;9999;9999;1;9999;666;0;9999;9999;1;9999;9999;666;0;1;9999;9999;666;1;9999;9999;0;1;9999;9999;1;666;9999;1;9999;1;9999;9999;666;0;9999;9999;1;0;9999
2;2022;202204;3;3;0;1;1;9999;9999;9999;9999;9999;1;0;9999;9999;9999;9999;9999;0;0;0;1;9999;9999;9999;1;9999;0;9999;0;1;1;9999;9999;9999;0;1;1;9999;9999;9999;0;1;1;9999;9999;9999;0;9999;1;1;9999;9999;0;0;9999;9999;1;9999;9999;1;0;9999;1;9999;9999;9999;9999;1;0;1;0;1;9999;9999;1;1;0;1;9999;9999;9999;9999;1;0;9999;1;9999;1;9999;9999;9999;1;1;0;9999;9999;9999;1;1;0;9999;9999;9999;1;0;0;9999;1;9999;9999;1;0;9999;9999;1;0;9999;0;0;9999;9999;9999;1
2;2022;202205;2;2;9999;1;9999;0;0;9999;9999;1;9999;0;9999;0;0;0;9999;9999;9999;0;1;1;9999;9999;9999;0;9999;9999;1;9999;9999;0;1;0;9999;0;9999;0;9999;0;0;9999;9999;9999;0;1;9999;9999;9999;0;1;0;9999;9999;0;9999;0;1;0;9999;0;9999;9999;9999;0;9999;0;9999;9999;1;0;9999;0;9999;9999;9999;9999;1;1;1;9999;9999;9999;1;0;9999;1;1;9999;1;0;9999;9999;9999;1;9999;0;9999;0;9999;9999;1;1;0;9999;9999;1;1;1;9999;9999;9999;0;1;9999;0;9999;9999;9999;1;9999;0;0
2;2022;202206;6;3;9999;9999;1;0;9999;0;0;0;0;9999;9999;9999;9999;0;0;9999;0;9999;9999;9999;9999;0;9999;0;0;0;9999;1;9999;0;9999;0;9999;9999;0;9999;0;1;9999;1;9999;0;9999;9999;9999;0;0;9999;1;9999;9999;0;0;0;9999;9999;1;9999;9999;9999;0;0;9999;9999;9999;9999;9999;9999;9999;9999;9999;9999;9999;9999;9999;9999;9999;9999;9999;9999;9999;9999;9999;9999;9999;9999;9999;9999;9999;9999;9999;9999;9999;9999;9999;9999;9999;9999;9999;9999;9999;9999;9999;9999;9999;9999;9999;9999;9999;9999;9999;9999;9999;9999;9999;9999;9999;9999;9999;9999;9999
2;2022;202207;5;5;9999;0;9999;9999;0;0;0;9999;9999;1;9999;0;0;9999;0;9999;9999;0;1;0;9999;0;9999;9999;9999;1;1;9999;9999;9999;0;9999;9999;0;9999;0;0;9999;0;9999;9999;0;0;0;9999;1;9999;0;9999;0;9999;9999;9999;0;0;0;9999;9999;0;9999;9999;0;0;9999;0;0;9999;9999;9999;1;0;9999;9999;9999;0;9999;1;0;9999;9999;9999;9999;0;0;1;9999;9999;1;1;0;9999;1;0;9999;0;9999;9999;0;9999;1;1;9999;9999;9999;0;9999;1;9999;0;9999;0;1;1;9999;9999;9999;1;1;9999;0;9999
2;2022;202208;4;4;0;9999;9999;0;9999;0;0;1;9999;9999;9999;9999;9999;0;0;0;9999;9999;9999;9999;9999;0;1;1;9999;0;9999;9999;0;0;9999;0;0;9999;9999;9999;0;0;9999;9999;0;0;9999;9999;0;0;9999;9999;1;9999;0;9999;1;0;9999;9999;0;1;9999;9999;9999;0;9999;9999;9999;9999;9999;9999;9999;9999;9999;9999;9999;9999;9999;9999;9999;9999;9999;9999;9999;9999;9999;9999;9999;9999;9999;9999;9999;9999;9999;9999;9999;9999;9999;9999;9999;9999;9999;9999;9999;9999;9999;9999;9999;9999;9999;9999;9999;9999;9999;9999;9999;9999;9999;9999;9999;9999;9999;9999;9999
2;2022;202209;3;3;0;1;0;9999;9999;9999;9999;9999;0;0;9999;9999;9999;9999;9999;0;1;0;1;9999;9999;0;0;9999;0;9999;0;0;0;9999;9999;9999;0;1;0;9999;9999;9999;0;0;1;9999;9999;9999;0;9999;0;1;9999;9999;0;0;9999;9999;0;9999;9999;1;0;9999;0;9999;9999;9999;9999;0;0;0;0;1;9999;9999;0;1;0;1;9999;9999;9999;9999;0;0;9999;0;9999;0;9999;9999;9999;1;0;1;9999;9999;9999;0;0;0;9999;9999;9999;0;1;1;9999;0;9999;9999;0;0;9999;9999;1;0;9999;0;1;9999;9999;9999;1
2;2022;202210;2;1;9999;0;9999;666;0;9999;9999;666;9999;0;9999;0;0;666;9999;9999;9999;0;0;0;9999;9999;9999;666;9999;9999;1;9999;9999;666;0;0;9999;1;9999;1;9999;666;0;9999;9999;9999;0;0;9999;9999;9999;0;1;1;9999;9999;666;9999;0;1;666;9999;0;9999;9999;9999;9999;0;9999;1;9999;1;0;1;9999;0;9999;9999;0;1;9999;9999;1;0;9999;9999;9999;0;9999;1;1;9999;9999;1;9999;1;9999;1;9999;9999;0;0;0;9999;9999;0;9999;9999;9999;0;9999;0;1;9999;9999;9999;0;1;1;9999;1;9999;0;9999;0
2;2022;202211;1;2;1;9999;0;9999;0;9999;9999;9999;0;9999;9999;0;0;9999;9999;0;0;9999;9999;1;9999;0;1;9999;0;9999;9999;0;0;9999;0;9999;0;9999;0;0;9999;9999;9999;0;1;9999;0;0;0;9999;0;9999;9999;0;1;0;9999;9999;9999;1;9999;1;9999;9999;0;9999;0;9999;0;9999;9999;0;0;9999;0;9999;9999;9999;9999;0;0;0;9999;9999;9999;0;0;9999;1;1;9999;0;0;9999;9999;9999;0;9999;0;9999;1;9999;9999;1;1;0;9999;9999;0;0;1;9999;9999;9999;1;1;9999;0;9999;9999;9999;1;9999;0;0
2;2022;202212;4;4;0;9999;9999;0;9999;0;0;1;9999;9999;9999;9999;9999;0;0;0;9999;9999;9999;9999;9999;0;0;0;9999;1;9999;9999;0;0;9999;0;0;9999;9999;9999;0;0;9999;9999;1;0;9999;9999;0;0;9999;9999;1;9999;0;9999;0;0;9999;9999;0;1;9999;9999;9999;0;9999;0;0;9999;1;9999;9999;9999;1;0;1;0;9999;9999;9999;1;1;0;0;9999;9999;9999;1;9999;1;0;9999;9999;1;9999;9999;0;1;0;9999;9999;0;1;9999;9999;0;1;9999;9999;0;0;9999;1;9999;0;9999;9999;1;0;9999;9999;0;0;9999
2;2022;202213;1;1;0;9999;1;9999;0;9999;9999;9999;0;9999;9999;0;0;9999;9999;0;1;9999;9999;0;9999;0;1;9999;0;9999;9999;0;1;9999;1;9999;1;9999;0;1;9999;9999;9999;1;1;9999;0;0;0;9999;0;9999;9999;0;1;0;9999;9999;9999;0;9999;1;9999;9999;1;9999;9999;0;9999;1;9999;1;1;1;9999;0;9999;9999;1;1;9999;9999;1;1;9999;0;9999;1;9999;1;1;9999;9999;1;9999;1;9999;1;9999;9999;1;1;1;9999;9999;1;9999;9999;9999;1;9999;0;1;9999;9999;9999;1;1;0;9999;1;9999;1;9999;0
2;2022;202214;6;6;9999;9999;1;0;9999;0;1;1;0;9999;9999;9999;9999;0;1;9999;1;9999;9999;9999;9999;0;9999;1;0;1;9999;0;9999;0;9999;0;9999;9999;0;9999;0;1;9999;1;9999;1;9999;9999;9999;1;1;9999;1;9999;9999;0;1;0;9999;9999;1;9999;9999;9999;1;1;1;1;9999;9999;1;9999;9999;9999;9999;0;1;0;9999;9999;1;9999;1;1;1;9999;1;9999;9999;9999;1;9999;1;9999;1;9999;0;1;9999;1;9999;9999;0;9999;1;9999;0;0;0;9999;9999;0;9999;0;1;9999;9999;9999;1;0;9999;0;0;9999;9999
2;2022;202215;5;5;9999;0;9999;9999;0;0;0;9999;9999;0;9999;1;0;9999;0;9999;9999;1;0;0;9999;0;9999;9999;9999;0;0;9999;9999;9999;0;9999;9999;0;9999;0;666;9999;0;9999;9999;0;0;0;9999;0;9999;1;9999;0;9999;9999;9999;0;0;0;9999;9999;0;9999;9999;0;1;9999;0;1;9999;9999;9999;0;0;9999;9999;9999;0;9999;1;1;9999;9999;9999;0;0;0;1;9999;9999;1;0;1;9999;0;0;9999;0;9999;9999;0;9999;1;1;9999;9999;9999;0;9999;1;9999;1;9999;1;0;0;9999;9999;9999;0;0;9999;0;9999
2;2022;202216;4;4;1;9999;9999;0;9999;1;0;0;9999;9999;9999;9999;9999;0;0;0;9999;9999;9999;9999;9999;0;1;0;9999;1;9999;9999;1;1;9999;0;1;9999;9999;9999;0;0;9999;9999;1;0;9999;9999;0;0;9999;9999;1;9999;0;9999;0;0;9999;9999;1;0;9999;9999;9999;1;9999;0;1;9999;0;9999;9999;9999;0;0;1;1;9999;9999;9999;1;1;1;1;9999;9999;9999;0;9999;1;0;9999;9999;0;9999;9999;1;1;0;9999;9999;0;0;9999;9999;0;1;9999;9999;0;0;9999;0;9999;0;9999;9999;0;0;9999;9999;0;0;9999
2;2022;202217;3;3;0;1;1;9999;9999;9999;9999;9999;0;1;9999;9999;9999;9999;9999;0;1;1;1;9999;9999;9999;1;9999;0;9999;1;1;1;9999;9999;9999;1;1;1;9999;9999;9999;0;1;1;9999;9999;9999;0;9999;1;1;9999;9999;1;0;9999;9999;1;9999;9999;1;0;9999;0;9999;9999;9999;9999;1;1;1;0;1;9999;9999;1;1;0;1;9999;9999;9999;9999;0;0;9999;1;9999;1;9999;9999;9999;1;1;1;9999;9999;9999;1;1;1;9999;9999;9999;1;0;0;9999;1;9999;9999;1;1;9999;9999;1;1;9999;1;1;9999;9999;9999;1
2;2022;202218;2;2;9999;0;9999;0;0;9999;9999;1;9999;0;9999;1;0;0;9999;9999;9999;1;1;1;9999;9999;9999;1;9999;9999;1;9999;9999;0;0;0;9999;1;9999;1;9999;0;0;9999;9999;9999;1;0;9999;9999;9999;1;1;0;9999;9999;0;9999;1;1;0;9999;0;9999;9999;9999;1;9999;1;9999;9999;1;0;9999;0;9999;9999;9999;9999;1;1;1;9999;9999;9999;0;1;9999;1;1;9999;1;1;9999;9999;9999;0;9999;1;9999;1;9999;9999;1;1;0;9999;9999;0;1;0;9999;9999;9999;1;1;9999;1;9999;9999;9999;1;9999;1;0
2;2022;202219;1;1;0;9999;0;9999;0;9999;9999;9999;1;9999;9999;0;0;9999;9999;0;0;9999;9999;0;9999;0;0;9999;0;9999;9999;0;0;9999;0;9999;1;9999;0;1;9999;9999;9999;0;0;9999;1;0;0;9999;0;9999;9999;1;0;0;9999;9999;9999;0;9999;0;9999;9999;0;9999;9999;0;9999;1;9999;1;0;1;9999;0;9999;9999;0;0;9999;9999;1;0;9999;9999;9999;0;9999;1;1;9999;9999;0;9999;0;9999;0;9999;9999;1;1;0;9999;9999;0;9999;9999;9999;1;9999;0;1;9999;9999;9999;0;0;0;9999;1;9999;1;9999;0
2;2022;202220;1;1;1;9999;1;9999;0;9999;9999;9999;0;9999;9999;0;0;9999;9999;0;1;9999;9999;0;9999;9999;1;9999;0;9999;9999;0;0;9999;0;9999;0;9999;0;1;9999;9999;9999;0;0;9999;0;0;0;9999;1;9999;9999;0;0;0;9999;9999;9999;0;9999;1;9999;9999;0;9999;9999;0;9999;1;9999;0;0;1;9999;0;9999;9999;0;1;9999;9999;1;1;9999;9999;9999;0;9999;1;1;9999;9999;1;9999;1;9999;1;9999;9999;1;1;0;9999;9999;0;9999;9999;9999;1;9999;1;0;9999;9999;9999;1;1;1;9999;1;9999;0;9999;0
2;2022;202221;6;6;9999;9999;0;0;9999;0;0;0;0;9999;9999;9999;9999;0;0;9999;1;9999;9999;9999;9999;0;9999;1;0;1;9999;0;9999;0;9999;0;9999;9999;0;9999;0;0;9999;1;9999;0;9999;9999;9999;1;0;9999;1;9999;9999;0;1;0;9999;9999;0;9999;9999;9999;1;0;1;1;9999;9999;1;9999;9999;9999;9999;0;1;1;9999;9999;1;9999;1;1;1;9999;1;9999;9999;9999;1;9999;1;9999;1;9999;1;1;9999;1;9999;9999;1;9999;1;9999;0;1;1;9999;9999;0;9999;0;1;9999;9999;9999;0;1;9999;0;1;9999;9999
2;2022;202222;5;5;9999;0;9999;9999;0;0;0;9999;9999;0;9999;1;1;9999;0;9999;9999;1;1;0;9999;0;9999;9999;9999;1;1;9999;9999;9999;0;9999;9999;1;9999;1;0;9999;0;9999;9999;0;0;0;9999;1;9999;0;9999;0;9999;9999;9999;0;0;0;9999;9999;0;9999;9999;0;0;9999;1;1;9999;9999;9999;0;0;9999;9999;9999;0;9999;1;1;9999;9999;9999;9999;0;0;1;9999;9999;1;0;1;9999;1;1;9999;0;9999;9999;0;9999;1;1;9999;9999;9999;1;9999;1;9999;1;9999;1;1;0;9999;9999;9999;1;1;9999;1;9999
2;2022;202223;4;4;0;9999;9999;0;9999;0;0;1;9999;9999;9999;9999;9999;0;0;0;9999;9999;9999;9999;9999;0;0;0;9999;1;9999;9999;1;1;9999;0;1;9999;9999;9999;0;0;9999;9999;1;0;9999;9999;0;1;9999;9999;0;9999;1;9999;0;0;9999;9999;0;0;9999;9999;9999;0;9999;1;1;9999;0;9999;9999;9999;1;0;1;1;9999;9999;9999;1;1;1;0;9999;9999;9999;1;9999;1;1;9999;9999;0;9999;9999;0;1;1;9999;9999;0;1;9999;9999;1;0;9999;9999;1;0;9999;0;9999;0;9999;9999;0;0;9999;9999;0;1;9999
2;2022;202224;3;3;0;1;0;9999;9999;9999;9999;9999;0;1;9999;9999;9999;9999;9999;0;0;0;1;9999;9999;9999;1;9999;0;9999;1;1;0;9999;9999;9999;1;1;0;9999;9999;9999;0;0;1;9999;9999;9999;0;9999;0;1;9999;9999;0;0;9999;9999;0;9999;9999;0;0;9999;1;9999;9999;9999;9999;0;0;0;0;1;9999;9999;0;0;0;0;9999;9999;9999;9999;0;0;9999;0;9999;1;9999;9999;9999;0;0;0;9999;9999;9999;666;0;0;9999;9999;9999;0;0;0;9999;1;9999;9999;0;1;9999;9999;1;0;9999;0;0;9999;9999;9999;0
2;2023;202301;3;3;0;0;0;9999;9999;9999;9999;9999;0;0;9999;9999;9999;9999;9999;0;0;1;0;9999;9999;9999;1;9999;0;9999;0;1;0;9999;9999;9999;1;0;0;9999;9999;9999;0;1;1;9999;9999;9999;0;9999;0;1;9999;9999;0;0;9999;9999;0;9999;9999;0;0;9999;0;9999;9999;9999;9999;0;0;0;0;0;9999;9999;1;1;0;1;9999;9999;9999;9999;1;0;9999;0;9999;1;9999;9999;9999;1;0;0;9999;9999;9999;0;1;0;9999;9999;9999;1;0;0;9999;0;9999;9999;1;0;9999;9999;0;0;9999;0;0;9999;9999;9999;0
2;2023;202302;2;2;9999;1;9999;0;0;9999;9999;1;9999;0;9999;0;0;0;9999;9999;9999;1;1;0;9999;9999;9999;0;9999;9999;0;9999;9999;0;0;0;9999;1;9999;0;9999;0;0;9999;9999;9999;0;0;9999;9999;9999;0;0;0;9999;9999;1;9999;0;1;0;9999;0;9999;9999;9999;9999;9999;9999;9999;9999;9999;9999;9999;9999;9999;9999;9999;9999;9999;9999;9999;9999;9999;9999;9999;9999;9999;9999;9999;9999;9999;9999;9999;9999;9999;9999;9999;9999;9999;9999;9999;9999;9999;9999;9999;9999;9999;9999;9999;9999;9999;9999;9999;9999;9999;9999;9999;9999;9999;9999;9999;9999;9999;9999
2;2023;202303;1;1;0;9999;1;9999;0;9999;9999;9999;0;9999;9999;0;1;9999;9999;0;1;9999;9999;1;9999;9999;1;9999;0;9999;9999;0;1;9999;0;9999;0;9999;0;1;9999;9999;9999;1;0;9999;0;0;0;9999;1;9999;9999;0;0;0;9999;9999;9999;1;9999;1;9999;9999;0;9999;9999;1;9999;1;9999;0;0;1;9999;0;9999;9999;0;0;9999;9999;0;0;9999;0;9999;1;9999;1;1;9999;9999;1;9999;1;9999;0;9999;9999;1;0;1;9999;9999;0;9999;9999;9999;1;9999;0;1;9999;9999;9999;1;0;1;9999;0;9999;0;9999;0
2;2023;202304;6;6;9999;9999;1;0;9999;0;1;0;0;9999;9999;9999;9999;0;0;9999;0;9999;9999;9999;9999;0;9999;0;0;0;9999;1;9999;0;9999;0;9999;9999;0;9999;0;1;9999;0;9999;0;9999;9999;9999;0;0;9999;0;9999;9999;0;0;0;9999;9999;0;9999;9999;9999;0;0;0;0;9999;9999;1;9999;9999;9999;9999;0;1;0;9999;9999;0;9999;1;0;1;9999;1;9999;9999;9999;1;9999;0;9999;1;9999;0;1;9999;1;9999;9999;0;9999;1;9999;0;1;0;9999;9999;0;9999;1;0;9999;9999;9999;1;0;9999;0;0;9999;9999
2;2023;202305;5;5;9999;1;9999;9999;0;0;0;9999;9999;0;9999;0;1;9999;1;9999;9999;0;0;0;9999;0;9999;9999;9999;1;0;9999;9999;9999;0;9999;9999;1;9999;1;666;9999;0;9999;9999;1;1;1;9999;0;9999;0;9999;1;9999;9999;9999;0;0;1;9999;9999;0;9999;9999;1;1;9999;1;1;9999;9999;9999;0;1;9999;9999;9999;0;9999;1;0;9999;9999;9999;9999;1;0;0;9999;9999;1;1;1;9999;1;0;9999;1;9999;9999;0;9999;1;1;9999;9999;9999;1;9999;0;9999;0;9999;1;1;0;9999;9999;9999;1;1;9999;0;9999
2;2023;202306;4;4;666;9999;9999;0;9999;0;0;0;9999;9999;9999;9999;9999;0;0;0;9999;9999;9999;9999;9999;0;1;0;9999;1;9999;9999;666;0;9999;0;1;9999;9999;9999;0;0;9999;9999;1;0;9999;9999;0;0;9999;9999;0;9999;0;9999;0;0;9999;9999;0;1;9999;9999;9999;0;9999;666;0;9999;1;9999;9999;9999;1;0;0;1;9999;9999;9999;1;1;0;0;9999;9999;9999;1;9999;0;0;9999;9999;1;9999;9999;1;1;1;9999;9999;0;1;9999;9999;1;0;9999;9999;0;0;9999;0;9999;0;9999;9999;1;1;9999;9999;0;1;9999
2;2023;202307;3;3;0;666;1;9999;9999;9999;9999;9999;0;0;9999;9999;9999;9999;9999;0;1;0;0;9999;9999;0;0;9999;0;9999;666;0;0;9999;9999;9999;0;0;0;9999;9999;9999;0;1;0;9999;9999;9999;0;9999;1;0;9999;9999;0;0;9999;9999;666;9999;9999;0;0;9999;1;9999;9999;9999;9999;0;0;0;1;0;9999;9999;1;0;0;0;9999;9999;9999;9999;1;0;9999;0;9999;0;9999;9999;9999;1;0;0;9999;9999;9999;666;0;0;9999;9999;9999;0;0;0;9999;1;9999;9999;1;1;9999;9999;1;0;9999;0;0;9999;9999;9999;0
2;2023;202308;2;2;9999;0;9999;0;0;9999;9999;0;9999;0;9999;0;0;0;9999;9999;9999;0;0;1;9999;9999;9999;0;9999;9999;0;9999;9999;0;1;0;9999;0;9999;0;9999;0;0;9999;9999;9999;0;0;9999;9999;9999;0;0;0;9999;9999;0;9999;0;0;1;9999;0;9999;9999;9999;0;9999;0;9999;9999;0;0;9999;0;9999;9999;9999;9999;0;0;0;9999;9999;9999;0;1;9999;1;0;9999;1;0;9999;9999;9999;0;9999;0;9999;0;9999;9999;0;1;0;9999;9999;0;0;1;9999;9999;9999;1;0;9999;0;9999;9999;9999;0;9999;0;0
2;2023;202310;3;3;0;1;1;9999;9999;9999;9999;9999;0;1;9999;9999;9999;9999;9999;0;1;1;1;9999;9999;9999;1;9999;0;9999;0;1;0;9999;9999;9999;0;1;1;9999;9999;9999;0;1;1;9999;9999;9999;0;9999;0;0;9999;9999;0;1;9999;9999;0;9999;9999;0;0;9999;0;9999;9999;9999;9999;1;0;0;1;1;9999;9999;0;1;0;1;9999;9999;9999;9999;0;0;9999;1;9999;1;9999;9999;9999;1;0;1;9999;9999;9999;1;1;0;9999;9999;9999;1;0;0;9999;1;9999;9999;1;0;9999;9999;1;1;9999;1;1;9999;9999;9999;1
2;2023;202311;5;5;9999;1;9999;9999;0;0;0;9999;9999;0;9999;0;0;9999;0;9999;9999;0;0;0;9999;0;9999;9999;9999;1;0;9999;9999;9999;0;9999;9999;0;9999;0;666;9999;0;9999;9999;0;0;1;9999;0;9999;0;9999;1;9999;9999;9999;0;0;0;9999;9999;0;9999;9999;0;0;9999;1;0;9999;9999;9999;1;0;9999;9999;9999;0;9999;0;0;9999;9999;9999;9999;1;0;0;9999;9999;1;0;0;9999;0;1;9999;0;9999;9999;0;9999;0;1;9999;9999;9999;0;9999;0;9999;0;9999;1;0;0;9999;9999;9999;1;1;9999;1;9999
2;2023;202312;6;6;9999;9999;1;0;9999;0;0;0;0;9999;9999;9999;9999;0;0;9999;0;9999;9999;9999;9999;1;9999;0;0;1;9999;0;9999;0;9999;0;9999;9999;0;9999;0;0;9999;0;9999;0;9999;9999;9999;1;0;9999;0;9999;9999;0;0;0;9999;9999;1;9999;9999;9999;0;0;0;0;9999;9999;0;9999;9999;9999;9999;0;1;0;9999;9999;0;9999;1;0;0;9999;1;9999;9999;9999;0;9999;0;9999;0;9999;0;1;9999;1;9999;9999;0;9999;1;9999;0;0;1;9999;9999;0;9999;0;0;9999;9999;9999;0;1;9999;1;1;9999;9999
2;2023;202313;9999;2;9999;9999;9999;9999;9999;9999;9999;9999;9999;9999;9999;9999;9999;9999;9999;9999;9999;9999;9999;9999;9999;9999;9999;9999;9999;9999;9999;9999;9999;9999;9999;9999;9999;9999;9999;9999;9999;9999;9999;9999;9999;9999;9999;9999;9999;9999;9999;9999;9999;9999;9999;9999;9999;9999;9999;9999;9999;9999;9999;9999;9999;9999;1;9999;1;9999;9999;0;0;9999;0;9999;9999;9999;9999;0;1;0;9999;9999;9999;0;1;9999;0;1;9999;1;1;9999;9999;9999;0;9999;1;9999;1;9999;9999;1;1;1;9999;9999;1;1;1;9999;9999;9999;0;0;9999;1;9999;9999;9999;0;9999;1;0
2;2023;202314;5;5;9999;0;9999;9999;0;0;0;9999;9999;0;9999;0;0;9999;0;9999;9999;1;0;1;9999;0;9999;9999;9999;0;0;9999;9999;9999;1;9999;9999;0;9999;0;666;9999;0;9999;9999;0;0;0;9999;0;9999;0;9999;0;9999;9999;9999;0;0;0;9999;9999;0;9999;9999;0;0;9999;0;0;9999;9999;9999;0;0;9999;9999;9999;0;9999;0;0;9999;9999;9999;9999;0;0;0;9999;9999;1;0;0;9999;0;0;9999;0;9999;9999;0;9999;0;0;9999;9999;9999;0;9999;0;9999;0;9999;0;0;0;9999;9999;9999;1;0;9999;0;9999
2;2023;202315;4;4;0;9999;9999;0;9999;0;1;0;9999;9999;9999;9999;9999;0;0;0;9999;9999;9999;9999;9999;0;1;0;9999;1;9999;9999;0;0;9999;0;1;9999;9999;9999;0;1;9999;9999;0;0;9999;9999;0;1;9999;9999;1;9999;0;9999;0;0;9999;9999;1;1;9999;9999;9999;0;9999;1;1;9999;0;9999;9999;9999;0;1;1;0;9999;9999;9999;0;1;0;0;9999;9999;9999;1;9999;1;1;9999;9999;1;9999;9999;1;1;0;9999;9999;0;1;9999;9999;1;1;9999;9999;1;0;9999;0;9999;0;9999;9999;1;1;9999;9999;1;1;9999
2;2023;202316;3;3;1;0;1;9999;9999;9999;9999;9999;0;0;9999;9999;9999;9999;9999;0;1;0;1;9999;9999;9999;1;9999;0;9999;1;0;0;9999;9999;9999;0;1;0;9999;9999;9999;0;0;1;9999;9999;9999;0;9999;1;1;9999;9999;1;1;9999;9999;0;9999;9999;1;0;9999;1;9999;9999;9999;9999;1;0;0;0;1;9999;9999;1;0;0;0;9999;9999;9999;9999;1;9999;9999;1;9999;1;9999;9999;9999;1;1;1;9999;9999;9999;0;0;0;9999;9999;9999;0;0;0;9999;0;9999;9999;1;1;9999;9999;1;1;9999;1;0;9999;9999;9999;0
2;2023;202317;2;2;9999;1;9999;0;0;9999;9999;1;9999;0;9999;0;0;0;9999;9999;9999;1;0;0;9999;9999;9999;0;9999;9999;1;9999;9999;0;0;0;9999;1;9999;1;9999;0;0;9999;9999;9999;0;0;9999;9999;9999;0;0;0;9999;9999;0;9999;0;0;0;9999;0;9999;9999;9999;0;9999;0;9999;9999;0;0;9999;666;9999;9999;9999;9999;1;0;666;9999;9999;9999;0;0;9999;666;1;9999;666;0;9999;9999;9999;0;9999;666;9999;0;9999;9999;666;1;0;9999;9999;0;0;666;9999;9999;9999;0;666;9999;0;9999;9999;9999;1;9999;666;0
2;2023;202318;1;1;1;9999;1;9999;0;9999;9999;9999;0;9999;9999;0;0;9999;9999;0;1;9999;9999;0;9999;0;1;9999;0;9999;9999;0;0;9999;1;9999;1;9999;1;1;9999;9999;9999;1;1;9999;0;0;0;9999;1;9999;9999;0;0;0;9999;9999;9999;1;9999;1;9999;9999;1;9999;9999;1;9999;1;9999;0;1;0;9999;0;9999;9999;0;1;9999;9999;1;1;9999;0;9999;0;9999;1;0;9999;9999;1;9999;1;9999;1;9999;9999;1;0;0;9999;9999;0;9999;9999;9999;0;9999;0;1;9999;9999;9999;0;0;1;9999;0;9999;0;9999;0
2;2023;202319;6;6;9999;9999;1;0;9999;0;0;1;0;9999;9999;9999;9999;0;0;9999;1;9999;9999;9999;9999;0;9999;1;666;1;9999;666;9999;0;9999;0;9999;9999;0;9999;0;0;9999;0;9999;0;9999;9999;9999;1;1;9999;1;9999;9999;666;0;1;9999;9999;0;9999;9999;9999;1;1;0;0;9999;9999;0;9999;9999;9999;9999;0;1;0;9999;9999;1;9999;1;0;1;9999;1;9999;9999;9999;1;9999;1;9999;1;9999;1;1;9999;1;9999;9999;0;9999;1;9999;0;0;1;9999;9999;1;9999;1;1;9999;9999;9999;0;0;9999;1;1;9999;9999
2;2023;202320;9999;1;9999;9999;9999;9999;9999;9999;9999;9999;9999;9999;9999;9999;9999;9999;9999;9999;9999;9999;9999;9999;9999;9999;9999;9999;9999;9999;9999;9999;9999;9999;9999;9999;9999;9999;9999;9999;9999;9999;9999;9999;9999;9999;9999;9999;9999;9999;9999;9999;9999;9999;9999;9999;9999;9999;9999;9999;9999;9999;9999;9999;9999;9999;9999;0;9999;0;9999;0;1;0;9999;0;9999;9999;0;1;9999;9999;1;1;9999;0;9999;0;9999;1;1;9999;9999;0;9999;0;9999;1;9999;9999;666;1;0;9999;9999;0;9999;9999;9999;666;9999;0;1;9999;9999;9999;0;0;1;9999;1;9999;0;9999;0
2;2023;202321;4;4;0;9999;9999;0;9999;0;1;1;9999;9999;9999;9999;9999;0;0;0;9999;9999;9999;9999;9999;0;1;0;9999;1;9999;9999;0;1;9999;0;0;9999;9999;9999;0;1;9999;9999;1;0;9999;9999;0;1;9999;9999;1;9999;0;9999;1;1;9999;9999;1;0;9999;9999;9999;0;9999;1;1;9999;0;9999;9999;9999;1;1;1;0;9999;9999;9999;0;0;0;1;9999;9999;9999;1;9999;1;1;9999;9999;0;9999;9999;1;0;0;9999;9999;0;1;9999;9999;0;1;9999;9999;0;1;9999;0;9999;1;9999;9999;0;0;9999;9999;0;1;9999
2;2023;202340;9999;1;9999;9999;9999;9999;9999;9999;9999;9999;9999;9999;9999;9999;9999;9999;9999;9999;9999;9999;9999;9999;9999;9999;9999;9999;9999;9999;9999;9999;9999;9999;9999;9999;9999;9999;9999;9999;9999;9999;9999;9999;9999;9999;9999;9999;9999;9999;9999;9999;9999;9999;9999;9999;9999;9999;9999;9999;9999;9999;9999;9999;9999;9999;9999;0;9999;0;9999;0;0;0;9999;0;9999;9999;0;1;9999;9999;1;0;9999;0;9999;0;9999;1;1;9999;9999;0;9999;0;9999;1;9999;9999;0;1;0;9999;9999;0;9999;9999;9999;1;9999;1;1;9999;9999;9999;0;0;0;9999;1;9999;0;9999;0
2;2024;202401;2;9999;9999;0;9999;0;0;9999;9999;1;9999;0;9999;0;0;1;9999;9999;9999;1;0;0;9999;9999;9999;0;9999;9999;9999;9999;9999;0;0;0;9999;1;9999;0;9999;0;0;9999;9999;9999;0;0;9999;9999;9999;1;1;0;9999;9999;0;9999;0;0;1;9999;0;9999;9999;9999;9999;9999;9999;9999;9999;9999;9999;9999;9999;9999;9999;9999;9999;9999;9999;9999;9999;9999;9999;9999;9999;9999;9999;9999;9999;9999;9999;9999;9999;9999;9999;9999;9999;9999;9999;9999;9999;9999;9999;9999;9999;9999;9999;9999;9999;9999;9999;9999;9999;9999;9999;9999;9999;9999;9999;9999;9999;9999;9999
2;2024;202402;1;1;0;9999;0;9999;0;9999;9999;9999;0;9999;9999;0;0;9999;9999;0;1;9999;9999;1;9999;9999;1;9999;0;9999;9999;0;0;9999;0;9999;0;9999;0;1;9999;9999;9999;0;1;9999;1;0;0;9999;1;9999;9999;0;0;0;9999;9999;9999;0;9999;0;9999;9999;1;9999;9999;0;9999;1;9999;1;0;1;9999;0;9999;9999;0;1;9999;9999;1;1;9999;0;9999;0;9999;0;1;9999;9999;1;9999;0;9999;1;9999;9999;0;0;0;9999;9999;0;9999;9999;9999;1;9999;0;1;9999;9999;9999;0;0;0;9999;0;9999;0;9999;0
2;2024;202403;6;6;9999;9999;0;0;9999;0;0;1;0;9999;9999;9999;9999;1;0;9999;1;9999;9999;9999;9999;0;9999;0;0;0;9999;0;9999;0;9999;0;9999;9999;0;9999;0;0;9999;0;9999;0;9999;9999;9999;1;1;9999;1;9999;9999;0;0;0;9999;9999;0;9999;9999;9999;1;0;1;0;9999;9999;0;9999;9999;9999;9999;0;1;1;9999;9999;0;9999;1;0;0;9999;1;9999;9999;9999;0;9999;1;9999;1;9999;0;0;9999;0;9999;9999;0;9999;1;9999;0;0;0;9999;9999;0;9999;1;0;9999;9999;9999;0;0;9999;0;0;9999;9999
2;2024;202404;5;5;9999;0;9999;9999;0;0;0;9999;9999;1;9999;1;0;9999;0;9999;9999;1;0;0;9999;0;9999;9999;9999;1;1;9999;9999;9999;0;9999;9999;1;9999;1;666;9999;0;9999;9999;1;0;1;9999;1;9999;0;9999;0;9999;9999;9999;0;1;1;9999;9999;1;9999;9999;1;1;9999;1;1;9999;9999;9999;1;1;9999;9999;9999;0;9999;0;0;9999;9999;9999;9999;1;1;1;9999;9999;1;0;1;9999;1;0;9999;0;9999;9999;1;9999;1;1;9999;9999;9999;1;9999;0;9999;1;9999;0;1;1;9999;9999;9999;1;1;9999;0;9999
2;2024;202405;4;4;0;9999;9999;0;9999;0;0;1;9999;9999;9999;9999;9999;0;0;0;9999;9999;9999;9999;9999;0;0;0;9999;0;9999;9999;0;0;9999;0;0;9999;9999;9999;0;0;9999;9999;1;0;9999;9999;0;1;9999;9999;0;9999;0;9999;0;0;9999;9999;1;0;9999;9999;9999;0;9999;1;1;9999;0;9999;9999;9999;0;0;1;0;9999;9999;9999;0;1;0;1;9999;9999;9999;0;9999;0;1;9999;9999;0;9999;9999;1;0;0;9999;9999;0;0;9999;9999;0;0;9999;9999;1;0;9999;0;9999;1;9999;9999;0;1;9999;9999;0;1;9999
2;2024;202406;3;3;0;1;0;9999;9999;9999;9999;9999;1;1;9999;9999;9999;9999;9999;0;1;1;1;9999;9999;0;1;9999;0;9999;1;0;0;9999;9999;9999;0;1;0;9999;9999;9999;0;1;0;9999;9999;9999;0;9999;0;0;9999;9999;0;0;9999;9999;1;9999;9999;1;0;9999;0;9999;9999;9999;9999;0;1;1;0;1;9999;9999;1;0;0;1;9999;9999;9999;9999;1;0;9999;0;9999;1;9999;9999;9999;1;1;1;9999;9999;9999;1;1;0;9999;9999;9999;0;1;0;9999;1;9999;9999;1;1;9999;9999;1;0;9999;0;0;9999;9999;9999;0
2;2024;202407;2;2;9999;0;9999;0;0;9999;9999;0;9999;0;9999;0;1;0;9999;9999;9999;1;1;1;9999;9999;9999;0;9999;9999;0;9999;9999;0;0;0;9999;1;9999;0;9999;0;0;9999;9999;9999;0;1;9999;9999;9999;1;0;0;9999;9999;0;9999;0;1;1;9999;0;9999;9999;9999;9999;9999;9999;9999;9999;9999;9999;9999;9999;9999;9999;9999;9999;9999;9999;9999;9999;9999;9999;9999;9999;9999;9999;9999;9999;9999;9999;9999;9999;9999;9999;9999;9999;9999;9999;9999;9999;9999;9999;9999;9999;9999;9999;9999;9999;9999;9999;9999;9999;9999;9999;9999;9999;9999;9999;9999;9999;9999;9999
2;2024;202408;1;1;0;9999;0;9999;666;9999;9999;9999;0;9999;9999;0;666;9999;9999;0;0;9999;9999;0;9999;0;1;9999;0;9999;9999;0;0;9999;0;9999;0;9999;0;666;9999;9999;9999;0;1;9999;0;0;0;9999;0;9999;9999;0;0;0;9999;9999;9999;0;9999;0;9999;9999;0;9999;9999;0;9999;1;9999;1;0;1;9999;0;9999;9999;0;0;9999;9999;0;0;9999;0;9999;0;9999;1;1;9999;9999;1;9999;0;9999;0;9999;9999;666;0;0;9999;9999;0;9999;9999;9999;666;9999;0;0;9999;9999;9999;0;0;0;9999;0;9999;0;9999;0
2;2024;202411;1;1;1;9999;0;9999;0;9999;9999;9999;0;9999;9999;0;1;9999;9999;0;0;9999;9999;1;9999;9999;0;9999;0;9999;9999;1;0;9999;0;9999;1;9999;0;0;9999;9999;9999;1;1;9999;0;0;0;9999;0;9999;9999;0;1;0;9999;9999;9999;0;9999;1;9999;9999;1;9999;9999;1;9999;1;9999;0;0;1;9999;0;9999;9999;0;1;9999;9999;0;0;9999;0;9999;0;9999;1;0;9999;9999;0;9999;0;9999;1;9999;9999;0;0;0;9999;9999;0;9999;9999;9999;1;9999;0;1;9999;9999;9999;1;0;0;9999;1;9999;0;9999;0
2;2024;202412;6;6;9999;9999;1;0;9999;0;1;1;0;9999;9999;9999;9999;0;1;9999;1;9999;9999;9999;9999;1;9999;0;0;1;9999;0;9999;0;9999;0;9999;9999;0;9999;0;0;9999;1;9999;0;9999;9999;9999;1;1;9999;1;9999;9999;0;1;0;9999;9999;0;9999;9999;9999;0;0;9999;9999;9999;9999;9999;9999;9999;9999;9999;9999;9999;9999;9999;9999;9999;9999;9999;9999;9999;9999;9999;9999;9999;9999;9999;9999;9999;9999;9999;9999;9999;9999;9999;9999;9999;9999;9999;9999;9999;9999;9999;9999;9999;9999;9999;9999;9999;9999;9999;9999;9999;9999;9999;9999;9999;9999;9999;9999;9999
2;2024;202413;5;5;9999;0;9999;9999;0;0;1;9999;9999;0;9999;0;0;9999;0;9999;9999;1;0;1;9999;0;9999;9999;9999;0;0;9999;9999;9999;0;9999;9999;1;9999;0;666;9999;0;9999;9999;0;0;1;9999;0;9999;1;9999;0;9999;9999;9999;0;0;0;9999;9999;0;9999;9999;0;1;9999;0;0;9999;9999;9999;0;0;9999;9999;9999;1;9999;0;0;9999;9999;9999;9999;1;0;1;9999;9999;0;1;0;9999;1;0;9999;0;9999;9999;0;9999;0;1;9999;9999;9999;1;9999;0;9999;1;9999;0;0;0;9999;9999;9999;0;1;9999;0;9999
2;2024;202415;3;3;1;1;0;9999;9999;9999;9999;9999;0;0;9999;9999;9999;9999;9999;0;0;1;1;9999;9999;0;0;9999;0;9999;1;0;0;9999;9999;9999;0;0;0;9999;9999;9999;0;1;1;9999;9999;9999;0;9999;0;0;9999;9999;0;0;9999;9999;0;9999;9999;0;0;9999;0;9999;9999;9999;9999;0;0;0;0;0;9999;9999;1;0;0;1;9999;9999;9999;9999;0;0;9999;1;9999;1;9999;9999;9999;0;1;0;9999;9999;9999;0;0;0;9999;9999;9999;1;0;0;9999;1;9999;9999;1;0;9999;9999;1;0;9999;0;0;9999;9999;9999;0
2;2024;202416;2;2;9999;0;9999;0;0;9999;9999;0;9999;1;9999;0;0;1;9999;9999;9999;1;1;0;9999;9999;9999;0;9999;9999;0;9999;9999;0;0;0;9999;1;9999;0;9999;0;0;9999;9999;9999;0;0;9999;9999;9999;0;0;0;9999;9999;0;9999;0;0;1;9999;0;9999;9999;9999;9999;9999;9999;9999;9999;9999;9999;9999;9999;9999;9999;9999;9999;9999;9999;9999;9999;9999;9999;9999;9999;9999;9999;9999;9999;9999;9999;9999;9999;9999;9999;9999;9999;9999;9999;9999;9999;9999;9999;9999;9999;9999;9999;9999;9999;9999;9999;9999;9999;9999;9999;9999;9999;9999;9999;9999;9999;9999;9999
2;2024;202417;1;1;0;9999;0;9999;0;9999;9999;9999;0;9999;9999;0;0;9999;9999;0;1;9999;9999;1;9999;9999;1;9999;0;9999;9999;1;0;9999;1;9999;0;9999;0;0;9999;9999;9999;0;0;9999;0;0;0;9999;0;9999;9999;0;1;1;9999;9999;9999;0;9999;1;9999;9999;0;9999;9999;9999;9999;9999;9999;9999;9999;9999;9999;9999;9999;9999;9999;9999;9999;9999;9999;9999;9999;9999;9999;9999;9999;9999;9999;9999;9999;9999;9999;9999;9999;9999;9999;9999;9999;9999;9999;9999;9999;9999;9999;9999;9999;9999;9999;9999;9999;9999;9999;9999;9999;9999;9999;9999;9999;9999;9999;9999;9999
2;2024;202418;6;6;9999;9999;0;0;9999;0;0;1;0;9999;9999;9999;9999;0;1;9999;0;9999;9999;9999;9999;0;9999;0;0;1;9999;1;9999;0;9999;1;9999;9999;0;9999;0;0;9999;0;9999;0;9999;9999;9999;1;1;9999;0;9999;9999;1;0;0;9999;9999;0;9999;9999;9999;0;0;0;1;9999;9999;1;9999;9999;9999;9999;0;1;0;9999;9999;0;9999;1;0;1;9999;0;9999;9999;9999;0;9999;1;9999;1;9999;0;1;9999;1;9999;9999;0;9999;1;9999;0;0;0;9999;9999;0;9999;0;0;9999;9999;9999;1;0;9999;1;0;9999;9999
2;2024;202419;5;5;9999;1;9999;9999;0;0;0;9999;9999;0;9999;0;0;9999;1;9999;9999;1;1;0;9999;9999;9999;9999;9999;1;1;9999;9999;9999;1;9999;9999;1;9999;0;666;9999;0;9999;9999;0;0;0;9999;0;9999;1;9999;0;9999;9999;9999;0;0;1;9999;9999;0;9999;9999;0;0;9999;0;0;9999;9999;9999;0;1;9999;9999;9999;1;9999;0;1;9999;9999;9999;0;1;0;0;9999;9999;0;1;0;9999;1;0;9999;0;9999;9999;0;9999;1;0;9999;9999;9999;0;9999;0;9999;1;9999;1;0;1;9999;9999;9999;0;0;9999;0;9999
2;2024;202420;4;4;1;9999;9999;0;9999;0;0;1;9999;9999;9999;9999;9999;0;1;0;9999;9999;9999;9999;9999;0;1;0;9999;1;9999;9999;0;1;9999;0;0;9999;9999;9999;0;0;9999;9999;0;1;9999;9999;0;1;9999;9999;0;9999;1;9999;0;0;9999;9999;0;0;9999;9999;9999;0;9999;1;1;9999;0;9999;9999;9999;0;0;1;0;9999;9999;9999;1;1;0;1;9999;9999;9999;0;9999;0;1;9999;9999;0;9999;9999;1;0;0;9999;9999;0;0;9999;9999;0;0;9999;9999;1;0;9999;0;9999;1;9999;9999;0;1;9999;9999;0;1;9999
2;2024;202422;2;2;9999;0;9999;0;0;9999;9999;1;9999;0;9999;0;0;0;9999;9999;9999;0;0;1;9999;9999;9999;0;9999;9999;0;9999;9999;0;1;0;9999;1;9999;1;9999;0;0;9999;9999;9999;1;1;9999;9999;9999;1;1;0;9999;9999;1;9999;0;1;1;9999;0;9999;9999;9999;1;9999;0;9999;9999;1;0;9999;0;9999;9999;9999;9999;1;0;1;9999;9999;9999;0;1;9999;1;1;9999;1;1;9999;9999;9999;0;9999;1;9999;1;9999;9999;1;1;0;9999;9999;0;1;0;9999;9999;9999;0;0;9999;0;9999;9999;9999;0;9999;0;0
2;2024;202424;6;6;9999;9999;0;0;9999;0;0;1;0;9999;9999;9999;9999;0;1;9999;0;9999;9999;9999;9999;0;9999;0;666;0;9999;0;9999;0;9999;0;9999;9999;0;9999;0;0;9999;1;9999;0;9999;9999;9999;1;0;9999;1;9999;9999;666;0;0;9999;9999;0;9999;9999;9999;0;0;0;0;9999;9999;1;9999;9999;9999;9999;0;0;1;9999;9999;0;9999;1;0;0;9999;1;9999;9999;9999;0;9999;0;9999;0;9999;0;1;9999;1;9999;9999;0;9999;0;9999;0;1;0;9999;9999;1;9999;0;0;9999;9999;9999;1;1;9999;0;1;9999;9999
2;2024;202425;5;5;9999;0;9999;9999;0;0;0;9999;9999;0;9999;0;1;9999;0;9999;9999;0;0;0;9999;0;9999;9999;9999;1;0;9999;9999;9999;0;9999;9999;1;9999;1;666;9999;0;9999;9999;0;0;1;9999;1;9999;0;9999;0;9999;9999;9999;0;0;1;9999;9999;0;9999;9999;0;0;9999;1;0;9999;9999;9999;1;0;9999;9999;9999;0;9999;0;1;9999;9999;9999;0;0;0;1;9999;9999;0;0;0;9999;0;0;9999;0;9999;9999;0;9999;1;1;9999;9999;9999;0;9999;1;9999;1;9999;0;0;0;9999;9999;9999;1;1;9999;1;9999
2;2024;202426;4;4;1;9999;9999;0;9999;1;0;1;9999;9999;9999;9999;9999;0;0;0;9999;9999;9999;9999;9999;0;1;0;9999;0;9999;9999;0;0;9999;0;0;9999;9999;9999;0;0;9999;9999;0;0;9999;9999;0;1;9999;9999;1;9999;1;9999;0;0;9999;9999;1;0;9999;9999;9999;0;9999;1;0;9999;0;9999;9999;9999;1;0;1;0;9999;9999;9999;1;0;0;0;9999;9999;9999;0;9999;1;1;9999;9999;1;9999;9999;1;0;1;9999;9999;0;0;9999;9999;0;0;9999;9999;1;0;9999;1;9999;1;9999;9999;1;1;9999;9999;0;0;9999
2;2025;202501;5;5;9999;0;9999;9999;0;666;0;9999;9999;1;9999;1;0;9999;0;9999;9999;0;0;0;9999;0;9999;9999;9999;0;0;9999;9999;9999;0;9999;9999;1;9999;1;666;9999;0;9999;9999;0;0;0;9999;666;9999;0;9999;1;9999;9999;9999;0;0;1;9999;9999;0;9999;9999;1;0;9999;0;0;9999;9999;9999;1;1;9999;9999;9999;0;9999;1;1;9999;9999;9999;9999;1;0;1;9999;9999;1;1;0;9999;0;0;9999;0;9999;9999;0;9999;1;1;9999;9999;9999;1;9999;0;9999;1;9999;0;0;0;9999;9999;9999;1;1;9999;0;9999
2;2025;202502;2;2;9999;666;9999;666;0;9999;9999;666;9999;1;9999;1;1;666;9999;9999;9999;666;666;1;9999;9999;9999;666;9999;9999;666;9999;9999;666;1;666;9999;1;9999;1;9999;666;666;9999;9999;9999;1;0;9999;9999;9999;1;666;0;9999;9999;666;9999;666;1;666;9999;0;9999;9999;9999;0;9999;0;9999;9999;1;0;9999;1;9999;9999;9999;9999;1;1;1;9999;9999;9999;0;1;9999;1;1;9999;1;1;9999;9999;9999;0;9999;1;9999;0;9999;9999;1;1;0;9999;9999;1;1;1;9999;9999;9999;1;0;9999;0;9999;9999;9999;1;9999;0;0
2;2025;202503;1;1;1;9999;0;9999;666;9999;9999;9999;0;9999;9999;666;666;9999;9999;0;1;9999;9999;666;9999;0;0;9999;666;9999;9999;0;0;9999;666;9999;0;9999;0;666;9999;9999;9999;1;0;9999;666;666;0;9999;1;9999;9999;666;0;666;9999;9999;9999;666;9999;1;9999;9999;0;9999;9999;1;9999;1;9999;1;0;1;9999;0;9999;9999;0;1;9999;9999;1;1;9999;9999;9999;1;9999;0;1;9999;9999;0;9999;1;9999;1;9999;9999;0;1;0;9999;9999;0;9999;9999;9999;0;9999;1;1;9999;9999;9999;1;0;1;9999;1;9999;0;9999;0
2;2025;202504;5;5;9999;0;9999;9999;0;0;0;9999;9999;0;9999;0;0;9999;0;9999;9999;1;0;0;9999;9999;9999;9999;9999;1;0;9999;9999;9999;0;9999;9999;0;9999;0;0;9999;0;9999;9999;0;1;1;9999;0;9999;1;9999;0;9999;9999;9999;0;0;0;9999;9999;0;9999;9999;0;1;9999;0;0;9999;9999;9999;0;1;9999;9999;9999;0;9999;0;0;9999;9999;9999;9999;1;0;1;9999;9999;1;1;1;9999;1;0;9999;0;9999;9999;0;9999;0;1;9999;9999;9999;1;9999;1;9999;0;9999;1;0;0;9999;9999;9999;1;0;9999;0;9999
2;2025;202505;4;4;1;9999;9999;0;9999;0;0;1;9999;9999;9999;9999;9999;0;0;0;9999;9999;9999;9999;9999;0;0;0;9999;0;9999;9999;0;0;9999;0;0;9999;9999;9999;0;0;9999;9999;0;0;9999;9999;0;0;9999;9999;1;9999;1;9999;0;0;9999;9999;0;0;9999;9999;9999;1;9999;1;0;9999;0;9999;9999;9999;0;0;0;0;9999;9999;9999;0;0;0;0;9999;9999;9999;1;9999;1;0;9999;9999;0;9999;9999;1;0;1;9999;9999;0;0;9999;9999;0;0;9999;9999;0;0;9999;1;9999;0;9999;9999;0;0;9999;9999;0;1;9999
2;2025;202506;3;3;0;0;1;9999;9999;9999;9999;9999;0;0;9999;9999;9999;9999;9999;0;0;1;0;9999;9999;9999;1;9999;0;9999;0;0;0;9999;9999;9999;1;0;0;9999;9999;9999;0;0;1;9999;9999;9999;0;9999;1;0;9999;9999;1;0;9999;9999;0;9999;9999;1;0;9999;1;9999;9999;9999;9999;0;0;0;0;1;9999;9999;0;0;0;0;9999;9999;9999;9999;1;0;9999;0;9999;0;9999;9999;9999;0;0;1;9999;9999;9999;0;0;0;9999;9999;9999;0;1;0;9999;0;9999;9999;1;0;9999;9999;1;0;9999;0;1;9999;9999;9999;0
2;2025;202507;6;6;9999;9999;0;0;9999;0;0;1;0;9999;9999;9999;9999;0;0;9999;0;9999;9999;9999;9999;0;9999;1;0;1;9999;0;9999;0;9999;0;9999;9999;1;9999;0;0;9999;1;9999;1;9999;9999;9999;0;0;9999;1;9999;9999;0;0;0;9999;9999;0;9999;9999;9999;0;0;0;1;9999;9999;0;9999;9999;9999;9999;1;1;0;9999;9999;1;9999;1;1;0;9999;1;9999;9999;9999;1;9999;1;9999;0;9999;0;1;9999;1;9999;9999;0;9999;1;9999;1;0;1;9999;9999;1;9999;0;0;9999;9999;9999;0;0;9999;0;0;9999;9999
2;2025;202508;5;5;9999;0;9999;9999;0;0;0;9999;9999;0;9999;0;0;9999;1;9999;9999;0;1;0;9999;0;9999;9999;9999;1;0;9999;9999;9999;0;9999;9999;1;9999;0;0;9999;0;9999;9999;0;0;1;9999;1;9999;1;9999;0;9999;9999;9999;0;0;1;9999;9999;0;9999;9999;0;0;9999;0;0;9999;9999;9999;1;0;9999;9999;9999;0;9999;1;1;9999;9999;9999;9999;0;0;1;9999;9999;1;1;0;9999;1;0;9999;0;9999;9999;0;9999;0;0;9999;9999;9999;1;9999;1;9999;1;9999;1;0;0;9999;9999;9999;0;0;9999;0;9999
2;2025;202509;4;4;666;9999;9999;0;9999;0;0;0;9999;9999;9999;9999;9999;0;1;666;9999;9999;9999;9999;9999;0;0;1;9999;1;9999;9999;666;0;9999;0;0;9999;9999;9999;0;0;9999;9999;1;0;9999;9999;0;0;9999;9999;1;9999;0;9999;1;0;9999;9999;1;666;9999;9999;9999;1;9999;0;1;9999;0;9999;9999;9999;1;0;1;1;9999;9999;9999;1;1;1;0;9999;9999;9999;1;9999;1;1;9999;9999;0;9999;9999;1;0;1;9999;9999;0;1;9999;9999;1;0;9999;9999;1;0;9999;0;9999;0;9999;9999;0;1;9999;9999;1;0;9999
2;2025;202510;3;3;0;0;1;9999;9999;9999;9999;9999;0;0;9999;9999;9999;9999;9999;0;1;1;1;9999;9999;9999;0;9999;0;9999;0;0;0;9999;9999;9999;0;1;0;9999;9999;9999;0;0;0;9999;9999;9999;0;9999;1;0;9999;9999;1;1;9999;9999;0;9999;9999;1;0;9999;1;9999;9999;9999;9999;0;0;0;0;1;9999;9999;1;0;1;0;9999;9999;9999;9999;0;0;9999;0;9999;0;9999;9999;9999;1;0;0;9999;9999;9999;0;1;1;9999;9999;9999;0;1;0;9999;0;9999;9999;1;1;9999;9999;0;0;9999;1;0;9999;9999;9999;0
2;2025;202511;2;2;9999;0;9999;0;0;9999;9999;1;9999;1;9999;0;0;0;9999;9999;9999;1;0;0;9999;9999;9999;1;9999;9999;0;9999;9999;0;1;0;9999;0;9999;1;9999;0;1;9999;9999;9999;0;0;9999;9999;9999;1;1;0;9999;9999;1;9999;1;1;0;9999;0;9999;9999;9999;9999;9999;9999;9999;9999;9999;9999;9999;9999;9999;9999;9999;9999;9999;9999;9999;9999;9999;9999;9999;9999;9999;9999;9999;9999;9999;9999;9999;9999;9999;9999;9999;9999;9999;9999;9999;9999;9999;9999;9999;9999;9999;9999;9999;9999;9999;9999;9999;9999;9999;9999;9999;9999;9999;9999;9999;9999;9999;9999
2;2025;202512;4;4;0;9999;9999;0;9999;0;0;1;9999;9999;9999;9999;9999;0;0;0;9999;9999;9999;9999;9999;0;0;0;9999;1;9999;9999;0;0;9999;0;0;9999;9999;9999;0;0;9999;9999;0;0;9999;9999;0;0;9999;9999;1;9999;1;9999;1;0;9999;9999;0;1;9999;9999;9999;0;9999;0;0;9999;0;9999;9999;9999;0;0;1;0;9999;9999;9999;1;0;0;0;9999;9999;9999;0;9999;0;0;9999;9999;0;9999;9999;1;0;1;9999;9999;0;0;9999;9999;0;0;9999;9999;1;0;9999;1;9999;1;9999;9999;0;0;9999;9999;0;0;9999
2;2025;202513;3;3;0;0;0;9999;9999;9999;9999;9999;0;0;9999;9999;9999;9999;9999;0;1;1;0;9999;9999;9999;0;9999;0;9999;0;1;0;9999;9999;9999;0;0;0;9999;9999;9999;0;0;0;9999;9999;9999;0;9999;0;1;9999;9999;0;0;9999;9999;0;9999;9999;1;0;9999;1;9999;9999;9999;9999;1;666;0;0;0;9999;9999;0;666;0;0;9999;9999;9999;9999;0;0;9999;0;9999;1;9999;9999;9999;0;0;1;9999;9999;9999;666;0;0;9999;9999;9999;0;0;0;9999;0;9999;9999;1;1;9999;9999;0;0;9999;0;1;9999;9999;9999;0
2;2025;202514;2;2;9999;0;9999;0;0;9999;9999;0;9999;0;9999;0;0;0;9999;9999;9999;0;0;0;9999;9999;9999;0;9999;9999;0;9999;9999;0;0;0;9999;1;9999;0;9999;0;0;9999;9999;9999;0;0;9999;9999;9999;0;1;0;9999;9999;1;9999;0;0;0;9999;0;9999;9999;9999;0;9999;0;9999;9999;1;1;9999;0;9999;9999;9999;9999;0;0;0;9999;9999;9999;0;1;9999;666;0;9999;0;0;9999;9999;9999;0;9999;0;9999;1;9999;9999;0;0;1;9999;9999;1;1;0;9999;9999;9999;0;666;9999;0;9999;9999;9999;0;9999;0;0
2;2025;202515;1;1;1;9999;0;9999;666;9999;9999;9999;0;9999;9999;0;666;9999;9999;0;1;9999;9999;0;9999;9999;1;9999;0;9999;9999;1;0;9999;1;9999;0;9999;0;666;9999;9999;9999;1;1;9999;0;0;0;9999;1;9999;9999;0;0;0;9999;9999;9999;0;9999;1;9999;9999;1;9999;9999;0;9999;1;9999;0;0;1;9999;0;9999;9999;0;0;9999;9999;1;0;9999;9999;9999;0;9999;1;0;9999;9999;0;9999;1;9999;1;9999;9999;1;0;0;9999;9999;0;9999;9999;9999;1;9999;1;0;9999;9999;9999;0;0;0;9999;1;9999;0;9999;0
2;2025;202516;6;6;9999;9999;0;0;9999;0;0;1;0;9999;9999;9999;9999;0;1;9999;0;9999;9999;9999;9999;1;9999;0;0;1;9999;1;9999;0;9999;0;9999;9999;0;9999;0;0;9999;1;9999;1;9999;9999;9999;0;1;9999;1;9999;9999;1;0;0;9999;9999;0;9999;9999;9999;0;0;1;1;9999;9999;0;9999;9999;9999;9999;0;1;0;9999;9999;1;9999;1;1;0;9999;1;9999;9999;9999;1;9999;0;9999;0;9999;0;1;9999;0;9999;9999;1;9999;1;9999;1;0;1;9999;9999;0;9999;1;0;9999;9999;9999;1;1;9999;1;1;9999;9999
2;2025;202517;5;5;9999;0;9999;9999;0;666;666;9999;9999;0;9999;0;0;9999;666;9999;9999;0;0;0;9999;9999;9999;9999;9999;1;0;9999;9999;9999;1;9999;9999;0;9999;1;666;9999;0;9999;9999;666;0;0;9999;666;9999;1;9999;0;9999;9999;9999;666;0;1;9999;9999;0;9999;9999;666;0;9999;1;0;9999;9999;9999;1;0;9999;9999;9999;0;9999;1;1;9999;9999;9999;0;1;0;1;9999;9999;0;1;1;9999;1;1;9999;1;9999;9999;0;9999;1;1;9999;9999;9999;1;9999;0;9999;1;9999;1;0;0;9999;9999;9999;0;1;9999;1;9999
2;2025;202518;1;1;0;9999;0;9999;0;9999;9999;9999;0;9999;9999;0;0;9999;9999;0;0;9999;9999;1;9999;9999;0;9999;0;9999;9999;0;0;9999;0;9999;0;9999;0;666;9999;9999;9999;0;1;9999;0;1;0;9999;0;9999;9999;0;1;0;9999;9999;9999;0;9999;0;9999;9999;0;9999;9999;1;9999;0;9999;0;0;0;9999;0;9999;9999;0;0;9999;9999;0;0;9999;0;9999;1;9999;0;0;9999;9999;0;9999;0;9999;1;9999;9999;1;1;0;9999;9999;0;9999;9999;9999;0;9999;1;1;9999;9999;9999;0;0;0;9999;1;9999;0;9999;0
2;2025;202540;9999;6;9999;9999;9999;9999;9999;9999;9999;9999;9999;9999;9999;9999;9999;9999;9999;9999;9999;9999;9999;9999;9999;9999;9999;9999;9999;9999;9999;9999;9999;9999;9999;9999;9999;9999;9999;9999;9999;9999;9999;9999;9999;9999;9999;9999;9999;9999;9999;9999;9999;9999;9999;9999;9999;9999;9999;9999;9999;9999;9999;9999;9999;9999;0;0;9999;9999;0;9999;9999;9999;9999;0;1;0;9999;9999;1;9999;1;1;0;9999;0;9999;9999;9999;0;9999;1;9999;0;9999;0;1;9999;1;9999;9999;0;9999;0;9999;1;0;1;9999;9999;0;9999;1;0;9999;9999;9999;0;1;9999;1;1;9999;9999
2;2031;203101;5;5;9999;0;9999;9999;0;0;0;9999;9999;0;9999;1;0;9999;1;9999;9999;0;0;0;9999;9999;9999;9999;9999;0;0;9999;9999;9999;0;9999;9999;1;9999;1;0;9999;0;9999;9999;0;0;0;9999;0;9999;0;9999;0;9999;9999;9999;0;0;1;9999;9999;0;9999;9999;0;9999;9999;9999;9999;9999;9999;9999;9999;9999;9999;9999;9999;9999;9999;9999;9999;9999;9999;9999;9999;9999;9999;9999;9999;9999;9999;9999;9999;9999;9999;9999;9999;9999;9999;9999;9999;9999;9999;9999;9999;9999;9999;9999;9999;9999;9999;9999;9999;9999;9999;9999;9999;9999;9999;9999;9999;9999;9999;9999
2;2031;203102;5;5;9999;0;9999;9999;0;0;1;9999;9999;0;9999;1;1;9999;0;9999;9999;1;0;0;9999;9999;9999;9999;9999;1;1;9999;9999;9999;1;9999;9999;1;9999;1;666;9999;0;9999;9999;1;0;0;9999;0;9999;0;9999;0;9999;9999;9999;1;1;1;9999;9999;0;9999;9999;1;0;9999;0;0;9999;9999;9999;1;1;9999;9999;9999;0;9999;1;0;9999;9999;9999;9999;1;1;0;9999;9999;1;1;1;9999;1;0;9999;0;9999;9999;1;9999;1;1;9999;9999;9999;1;9999;0;9999;1;9999;1;1;1;9999;9999;9999;1;1;9999;1;9999
2;2031;203103;5;5;9999;0;9999;9999;0;0;1;9999;9999;0;9999;1;1;9999;0;9999;9999;0;1;0;9999;9999;9999;9999;9999;1;1;9999;9999;9999;0;9999;9999;1;9999;1;0;9999;0;9999;9999;1;0;0;9999;0;9999;1;9999;0;9999;9999;9999;1;1;1;9999;9999;0;9999;9999;1;1;9999;1;0;9999;9999;9999;1;1;9999;9999;9999;0;9999;0;1;9999;9999;9999;9999;1;0;1;9999;9999;1;1;1;9999;1;1;9999;0;9999;9999;0;9999;1;1;9999;9999;9999;0;9999;1;9999;1;9999;0;1;1;9999;9999;9999;1;0;9999;1;9999
2;2031;203104;5;5;9999;1;9999;9999;0;0;0;9999;9999;0;9999;1;0;9999;0;9999;9999;0;0;0;9999;9999;9999;9999;9999;1;1;9999;9999;9999;1;9999;9999;1;9999;1;0;9999;0;9999;9999;1;0;1;9999;0;9999;1;9999;0;9999;9999;9999;0;1;1;9999;9999;0;9999;9999;0;1;9999;1;1;9999;9999;9999;1;1;9999;9999;9999;0;9999;1;1;9999;9999;9999;9999;1;0;1;9999;9999;1;1;1;9999;1;1;9999;1;9999;9999;0;9999;1;1;9999;9999;9999;0;9999;0;9999;1;9999;1;1;1;9999;9999;9999;1;1;9999;1;9999
2;2031;203105;1;9999;1;9999;1;9999;0;9999;9999;9999;1;9999;9999;1;1;9999;9999;0;1;9999;9999;1;9999;9999;1;9999;1;9999;9999;1;1;9999;1;9999;1;9999;0;1;9999;9999;9999;1;1;9999;1;1;1;9999;1;9999;9999;0;1;1;9999;9999;9999;1;9999;1;9999;9999;1;9999;9999;9999;9999;9999;9999;9999;9999;9999;9999;9999;9999;9999;9999;9999;9999;9999;9999;9999;9999;9999;9999;9999;9999;9999;9999;9999;9999;9999;9999;9999;9999;9999;9999;9999;9999;9999;9999;9999;9999;9999;9999;9999;9999;9999;9999;9999;9999;9999;9999;9999;9999;9999;9999;9999;9999;9999;9999;9999;9999
2;2031;203106;1;1;0;9999;1;9999;0;9999;9999;9999;0;9999;9999;0;1;9999;9999;0;1;9999;9999;0;9999;9999;0;9999;0;9999;9999;0;1;9999;0;9999;1;9999;0;1;9999;9999;9999;1;1;9999;0;0;0;9999;0;9999;9999;0;0;1;9999;9999;9999;1;9999;1;9999;9999;0;9999;9999;0;9999;0;9999;0;0;0;9999;1;9999;9999;0;0;9999;9999;0;0;9999;0;9999;0;9999;1;1;9999;9999;0;9999;0;9999;1;9999;9999;1;1;0;9999;9999;1;9999;9999;9999;0;9999;0;1;9999;9999;9999;1;1;1;9999;1;9999;0;9999;1
2;2031;203107;1;1;1;9999;1;9999;0;9999;9999;9999;1;9999;9999;1;1;9999;9999;0;0;9999;9999;0;9999;9999;1;9999;0;9999;9999;1;1;9999;0;9999;0;9999;1;1;9999;9999;9999;0;1;9999;1;1;0;9999;1;9999;9999;0;0;1;9999;9999;9999;1;9999;1;9999;9999;1;9999;9999;0;9999;1;9999;0;0;1;9999;0;9999;9999;0;1;9999;9999;0;1;9999;0;9999;0;9999;1;0;9999;9999;1;9999;1;9999;1;9999;9999;1;1;0;9999;9999;0;9999;9999;9999;0;9999;1;1;9999;9999;9999;0;0;1;9999;1;9999;0;9999;0
2;2031;203108;1;1;1;9999;0;9999;0;9999;9999;9999;1;9999;9999;1;1;9999;9999;0;0;9999;9999;0;9999;0;0;9999;0;9999;9999;0;0;9999;0;9999;0;9999;0;1;9999;9999;9999;0;1;9999;1;1;0;9999;1;9999;9999;0;0;1;9999;9999;9999;1;9999;1;9999;9999;0;9999;9999;1;9999;0;9999;0;0;1;9999;1;9999;9999;0;1;9999;9999;1;0;9999;0;9999;1;9999;0;0;9999;9999;1;9999;0;9999;1;9999;9999;666;0;0;9999;9999;0;9999;9999;9999;0;9999;1;1;9999;9999;9999;0;0;1;9999;0;9999;1;9999;0
2;2031;203109;4;4;0;9999;9999;0;9999;0;0;1;9999;9999;9999;9999;9999;0;0;0;9999;9999;9999;9999;9999;0;1;0;9999;0;9999;9999;0;0;9999;0;0;9999;9999;9999;0;0;9999;9999;0;0;9999;9999;0;1;9999;9999;1;9999;0;9999;1;0;9999;9999;1;1;9999;9999;9999;0;9999;1;1;9999;1;9999;9999;9999;1;0;1;1;9999;9999;9999;1;0;1;1;9999;9999;9999;0;9999;1;1;9999;9999;1;9999;9999;1;1;0;9999;9999;0;0;9999;9999;1;0;9999;9999;1;1;9999;0;9999;0;9999;9999;1;1;9999;9999;0;1;9999
2;2031;203110;4;4;0;9999;9999;0;9999;0;0;0;9999;9999;9999;9999;9999;0;0;0;9999;9999;9999;9999;9999;0;1;0;9999;0;9999;9999;0;0;9999;0;0;9999;9999;9999;0;0;9999;9999;0;0;9999;9999;0;1;9999;9999;1;9999;0;9999;1;0;9999;9999;0;1;9999;9999;9999;0;9999;0;0;9999;1;9999;9999;9999;0;0;0;0;9999;9999;9999;0;1;0;0;9999;9999;9999;0;9999;1;0;9999;9999;1;9999;9999;1;0;0;9999;9999;0;0;9999;9999;0;1;9999;9999;0;0;9999;1;9999;0;9999;9999;0;1;9999;9999;0;1;9999
2;2031;203111;4;4;1;9999;9999;0;9999;0;0;1;9999;9999;9999;9999;9999;0;0;0;9999;9999;9999;9999;9999;0;1;0;9999;1;9999;9999;1;0;9999;0;1;9999;9999;9999;0;0;9999;9999;1;0;9999;9999;0;1;9999;9999;1;9999;0;9999;1;0;9999;9999;0;1;9999;9999;9999;0;9999;0;1;9999;0;9999;9999;9999;0;0;1;1;9999;9999;9999;1;0;0;0;9999;9999;9999;0;9999;1;1;9999;9999;1;9999;9999;1;0;1;9999;9999;0;1;9999;9999;0;1;9999;9999;1;1;9999;0;9999;1;9999;9999;0;1;9999;9999;0;0;9999
2;2031;203112;1;1;1;9999;1;9999;0;9999;9999;9999;0;9999;9999;0;1;9999;9999;0;1;9999;9999;0;9999;9999;1;9999;0;9999;9999;1;0;9999;0;9999;1;9999;0;1;9999;9999;9999;0;1;9999;0;0;0;9999;1;9999;9999;0;0;0;9999;9999;9999;1;9999;1;9999;9999;1;9999;9999;1;9999;0;9999;1;1;1;9999;0;9999;9999;0;1;9999;9999;1;1;9999;9999;9999;1;9999;0;1;9999;9999;1;9999;1;9999;1;9999;9999;1;0;0;9999;9999;0;9999;9999;9999;1;9999;0;1;9999;9999;9999;1;1;1;9999;1;9999;1;9999;0
2;2031;203113;2;2;9999;0;9999;0;0;9999;9999;0;9999;0;9999;1;1;0;9999;9999;9999;0;0;1;9999;9999;9999;0;9999;9999;1;9999;9999;0;1;0;9999;1;9999;1;9999;0;0;9999;9999;9999;1;0;9999;9999;9999;0;0;0;9999;9999;0;9999;1;1;0;9999;0;9999;9999;9999;0;9999;1;9999;9999;0;0;9999;0;9999;9999;9999;9999;1;1;0;9999;9999;9999;0;1;9999;0;1;9999;0;1;9999;9999;9999;1;9999;0;9999;0;9999;9999;1;0;0;9999;9999;0;1;0;9999;9999;9999;0;1;9999;0;9999;9999;9999;0;9999;0;0
2;2031;203114;2;2;9999;0;9999;0;0;9999;9999;1;9999;0;9999;1;0;0;9999;9999;9999;1;1;1;9999;9999;9999;0;9999;9999;1;9999;9999;0;1;0;9999;1;9999;1;9999;0;0;9999;9999;9999;1;0;9999;9999;9999;0;1;1;9999;9999;0;9999;1;1;1;9999;0;9999;9999;9999;0;9999;1;9999;9999;1;1;9999;1;9999;9999;9999;9999;1;0;1;9999;9999;9999;0;1;9999;0;1;9999;1;1;9999;9999;9999;1;9999;1;9999;1;9999;9999;1;1;0;9999;9999;1;1;1;9999;9999;9999;9999;0;9999;1;9999;9999;9999;1;9999;1;0
2;2031;203115;2;2;9999;1;9999;0;0;9999;9999;0;9999;0;9999;1;0;0;9999;9999;9999;1;1;0;9999;9999;9999;1;9999;9999;1;9999;9999;0;1;0;9999;1;9999;1;9999;0;0;9999;9999;9999;0;0;9999;9999;9999;0;1;0;9999;9999;1;9999;0;1;1;9999;0;9999;9999;9999;1;9999;1;9999;9999;1;0;9999;1;9999;9999;9999;9999;1;0;0;9999;9999;9999;1;1;9999;1;1;9999;1;0;9999;9999;9999;1;9999;1;9999;1;9999;9999;1;1;1;9999;9999;0;1;0;9999;9999;9999;1;0;9999;0;9999;9999;9999;1;9999;0;0
2;2031;203116;2;2;9999;0;9999;0;0;9999;9999;0;9999;0;9999;1;0;0;9999;9999;9999;0;1;0;9999;9999;9999;0;9999;9999;0;9999;9999;0;0;0;9999;1;9999;1;9999;0;0;9999;9999;9999;0;0;9999;9999;9999;0;1;0;9999;9999;0;9999;0;1;0;9999;0;9999;9999;9999;0;9999;0;9999;9999;0;0;9999;0;9999;9999;9999;9999;0;0;0;9999;9999;9999;0;1;9999;1;0;9999;0;0;9999;9999;9999;1;9999;1;9999;1;9999;9999;1;1;0;9999;9999;1;0;1;9999;9999;9999;0;1;9999;0;9999;9999;9999;1;9999;0;0
2;2031;203117;3;3;1;1;1;9999;9999;9999;9999;9999;0;0;9999;9999;9999;9999;9999;0;1;0;0;9999;9999;0;0;9999;0;9999;1;0;0;9999;9999;9999;1;1;0;9999;9999;9999;0;0;1;9999;9999;9999;0;9999;1;1;9999;9999;0;0;9999;9999;0;9999;9999;1;0;9999;1;9999;9999;9999;9999;0;0;0;0;0;9999;9999;0;0;0;0;9999;9999;9999;9999;1;0;9999;0;9999;1;9999;9999;9999;0;0;0;9999;9999;9999;0;0;0;9999;9999;9999;0;0;0;9999;0;9999;9999;1;0;9999;9999;1;0;9999;1;0;9999;9999;9999;0
2;2031;203118;4;4;666;9999;9999;0;9999;0;0;1;9999;9999;9999;9999;9999;1;1;666;9999;9999;9999;9999;9999;0;1;0;9999;1;9999;9999;666;0;9999;0;666;9999;9999;9999;0;0;9999;9999;0;0;9999;9999;666;1;9999;9999;1;9999;0;9999;1;1;9999;9999;1;666;9999;9999;9999;0;9999;0;1;9999;0;9999;9999;9999;0;0;1;0;9999;9999;9999;0;0;0;0;9999;9999;9999;0;9999;1;1;9999;9999;1;9999;9999;0;0;1;9999;9999;0;1;9999;9999;0;1;9999;9999;0;0;9999;1;9999;1;9999;9999;0;1;9999;9999;0;1;9999
2;2031;203119;4;4;666;9999;9999;0;9999;0;0;0;9999;9999;9999;9999;9999;0;0;0;9999;9999;9999;9999;9999;9999;0;0;9999;1;9999;9999;666;0;9999;0;0;9999;9999;9999;0;0;9999;9999;0;0;9999;9999;0;0;9999;9999;1;9999;0;9999;0;1;9999;9999;1;666;9999;9999;9999;0;9999;1;1;9999;0;9999;9999;9999;0;0;0;0;9999;9999;9999;1;1;0;1;0;9999;9999;0;9999;0;0;9999;9999;0;9999;9999;0;0;0;9999;9999;0;1;9999;9999;0;0;9999;9999;1;0;9999;0;9999;1;9999;9999;0;0;9999;9999;0;1;9999
2;2031;203120;4;4;0;9999;9999;0;9999;0;1;1;9999;9999;9999;9999;9999;0;1;0;9999;9999;9999;9999;9999;9999;1;0;9999;1;9999;9999;0;0;9999;0;1;9999;9999;9999;0;0;9999;9999;1;0;9999;9999;0;1;9999;9999;1;9999;0;9999;1;0;9999;9999;1;1;9999;9999;9999;0;9999;0;1;9999;1;9999;9999;9999;0;0;1;1;9999;9999;9999;1;0;0;0;9999;9999;9999;1;9999;0;0;9999;9999;1;9999;9999;1;0;1;9999;9999;0;1;9999;9999;0;0;9999;9999;1;1;9999;1;9999;0;9999;9999;0;1;9999;9999;0;1;9999
2;2041;204102;6;6;9999;9999;1;0;9999;0;0;1;0;9999;9999;9999;9999;0;0;9999;0;9999;9999;9999;9999;1;9999;0;0;1;9999;0;9999;0;9999;0;9999;9999;0;9999;0;0;9999;1;9999;0;9999;9999;9999;0;0;9999;0;9999;9999;0;1;1;9999;9999;0;9999;9999;9999;0;0;0;0;9999;9999;0;9999;9999;9999;9999;0;0;1;9999;9999;0;9999;0;0;1;9999;1;9999;9999;9999;1;9999;1;9999;1;9999;1;1;9999;1;9999;9999;0;9999;1;9999;0;0;1;9999;9999;0;9999;0;0;9999;9999;9999;0;0;9999;0;0;9999;9999
2;2041;204103;6;9999;9999;9999;0;0;9999;0;0;0;0;9999;9999;9999;9999;0;0;9999;0;9999;9999;9999;9999;0;9999;0;0;1;9999;0;9999;0;9999;0;9999;9999;0;9999;0;0;9999;1;9999;0;9999;9999;9999;1;0;9999;0;9999;9999;0;1;0;9999;9999;0;9999;9999;9999;0;0;9999;9999;9999;9999;9999;9999;9999;9999;9999;9999;9999;9999;9999;9999;9999;9999;9999;9999;9999;9999;9999;9999;9999;9999;9999;9999;9999;9999;9999;9999;9999;9999;9999;9999;9999;9999;9999;9999;9999;9999;9999;9999;9999;9999;9999;9999;9999;9999;9999;9999;9999;9999;9999;9999;9999;9999;9999;9999;9999
2;2041;204104;5;9999;9999;0;9999;9999;0;0;0;9999;9999;0;9999;0;0;9999;0;9999;9999;0;1;0;9999;0;9999;9999;9999;1;0;9999;9999;9999;0;9999;9999;0;9999;0;666;9999;0;9999;9999;0;0;0;9999;1;9999;1;9999;0;9999;9999;9999;0;0;0;9999;9999;0;9999;9999;0;9999;9999;9999;9999;9999;9999;9999;9999;9999;9999;9999;9999;9999;9999;9999;9999;9999;9999;9999;9999;9999;9999;9999;9999;9999;9999;9999;9999;9999;9999;9999;9999;9999;9999;9999;9999;9999;9999;9999;9999;9999;9999;9999;9999;9999;9999;9999;9999;9999;9999;9999;9999;9999;9999;9999;9999;9999;9999;9999
2;2041;204105;5;5;9999;0;9999;9999;0;0;0;9999;9999;0;9999;0;0;9999;0;9999;9999;1;0;0;9999;0;9999;9999;9999;1;0;9999;9999;9999;0;9999;9999;0;9999;0;666;9999;0;9999;9999;0;0;0;9999;0;9999;0;9999;0;9999;9999;9999;0;0;0;9999;9999;0;9999;9999;0;0;9999;0;0;9999;9999;9999;1;0;9999;9999;9999;0;9999;0;0;9999;9999;9999;9999;1;0;1;9999;9999;0;0;0;9999;0;1;9999;0;9999;9999;0;9999;1;0;9999;9999;9999;0;9999;1;9999;1;9999;0;0;0;9999;9999;9999;0;1;9999;0;9999
2;2041;204106;5;5;9999;0;9999;9999;0;0;0;9999;9999;0;9999;0;0;9999;0;9999;9999;1;1;1;9999;0;9999;9999;9999;0;0;9999;9999;9999;0;9999;9999;0;9999;0;666;9999;1;9999;9999;0;0;0;9999;1;9999;1;9999;0;9999;9999;9999;0;0;0;9999;9999;0;9999;9999;0;0;9999;1;0;9999;9999;9999;1;0;9999;9999;9999;0;9999;0;1;9999;9999;9999;0;1;0;0;9999;9999;0;0;0;9999;1;0;9999;0;9999;9999;0;9999;0;1;9999;9999;9999;0;9999;0;9999;1;9999;0;0;1;9999;9999;9999;0;0;9999;1;9999
2;2041;204107;1;9999;0;9999;0;9999;0;9999;9999;9999;0;9999;9999;0;0;9999;9999;0;0;9999;9999;0;9999;9999;1;9999;0;9999;9999;1;0;9999;0;9999;0;9999;0;0;9999;9999;9999;0;0;9999;0;0;0;9999;1;9999;9999;0;0;0;9999;9999;9999;1;9999;1;9999;9999;0;9999;9999;9999;9999;9999;9999;9999;9999;9999;9999;9999;9999;9999;9999;9999;9999;9999;9999;9999;9999;9999;9999;9999;9999;9999;9999;9999;9999;9999;9999;9999;9999;9999;9999;9999;9999;9999;9999;9999;9999;9999;9999;9999;9999;9999;9999;9999;9999;9999;9999;9999;9999;9999;9999;9999;9999;9999;9999;9999;9999
2;2041;204108;1;9999;1;9999;0;9999;0;9999;9999;9999;1;9999;9999;0;1;9999;9999;0;0;9999;9999;0;9999;9999;1;9999;0;9999;9999;0;0;9999;0;9999;0;9999;0;1;9999;9999;9999;0;0;9999;0;0;0;9999;0;9999;9999;0;1;1;9999;9999;9999;0;9999;0;9999;9999;1;9999;9999;9999;9999;9999;9999;9999;9999;9999;9999;9999;9999;9999;9999;9999;9999;9999;9999;9999;9999;9999;9999;9999;9999;9999;9999;9999;9999;9999;9999;9999;9999;9999;9999;9999;9999;9999;9999;9999;9999;9999;9999;9999;9999;9999;9999;9999;9999;9999;9999;9999;9999;9999;9999;9999;9999;9999;9999;9999;9999
2;2041;204109;1;1;0;9999;1;9999;0;9999;9999;9999;0;9999;9999;0;0;9999;9999;0;1;9999;9999;0;9999;9999;1;9999;0;9999;9999;1;0;9999;0;9999;1;9999;0;0;9999;9999;9999;0;1;9999;0;0;0;9999;1;9999;9999;0;0;1;9999;9999;9999;0;9999;0;9999;9999;0;9999;9999;1;9999;1;9999;1;0;1;9999;0;9999;9999;0;1;9999;9999;1;0;9999;0;9999;0;9999;0;1;9999;9999;0;9999;0;9999;1;9999;9999;1;0;0;9999;9999;0;9999;9999;9999;0;9999;0;1;9999;9999;9999;1;1;0;9999;1;9999;1;9999;0
2;2041;204110;1;1;0;9999;0;9999;0;9999;9999;9999;0;9999;9999;0;0;9999;9999;0;0;9999;9999;0;9999;0;0;9999;0;9999;9999;0;0;9999;0;9999;1;9999;0;0;9999;9999;9999;0;0;9999;0;0;0;9999;0;9999;9999;0;1;1;9999;9999;9999;0;9999;0;9999;9999;0;9999;9999;1;9999;0;9999;0;0;0;9999;0;9999;9999;0;0;9999;9999;0;0;9999;0;9999;0;9999;1;1;9999;9999;0;9999;0;9999;0;9999;9999;666;0;0;9999;9999;0;9999;9999;9999;0;9999;0;0;9999;9999;9999;0;0;0;9999;0;9999;0;9999;0
2;2041;204111;2;2;9999;1;9999;0;0;9999;9999;1;9999;0;9999;0;0;0;9999;9999;9999;0;0;0;9999;9999;9999;0;9999;9999;1;9999;9999;1;1;0;9999;1;9999;1;9999;0;0;9999;9999;9999;0;0;9999;9999;9999;1;1;0;9999;9999;0;9999;0;0;0;9999;0;9999;9999;9999;0;9999;0;9999;9999;1;0;9999;0;9999;9999;9999;9999;1;0;0;9999;9999;9999;0;1;9999;0;0;9999;0;0;9999;9999;9999;0;9999;0;9999;0;9999;9999;0;0;0;9999;9999;0;0;0;9999;9999;9999;1;1;9999;0;9999;9999;9999;0;9999;1;0
2;2041;204112;2;2;9999;0;9999;666;0;9999;9999;1;9999;0;9999;1;1;666;9999;9999;9999;1;1;1;9999;9999;9999;0;9999;9999;1;9999;9999;0;0;0;9999;1;9999;0;9999;666;0;9999;9999;9999;0;1;9999;9999;9999;1;1;1;9999;9999;1;9999;0;1;0;9999;0;9999;9999;9999;1;9999;0;9999;9999;0;0;9999;0;9999;9999;9999;9999;1;0;1;9999;9999;9999;0;1;9999;1;1;9999;1;1;9999;9999;9999;1;9999;0;9999;0;9999;9999;1;1;0;9999;9999;1;1;1;9999;9999;9999;0;0;9999;1;9999;9999;9999;1;9999;1;0
2;2041;204113;2;2;9999;0;9999;0;0;9999;9999;1;9999;0;9999;1;1;666;9999;9999;9999;1;0;0;9999;9999;9999;0;9999;9999;0;9999;9999;0;0;0;9999;0;9999;1;9999;0;0;9999;9999;9999;0;0;9999;9999;9999;0;0;0;9999;9999;1;9999;0;1;0;9999;0;9999;9999;9999;1;9999;1;9999;9999;1;0;9999;1;9999;9999;9999;9999;1;0;1;9999;9999;9999;1;1;9999;1;1;9999;1;0;9999;9999;9999;0;9999;0;9999;0;9999;9999;0;1;0;9999;9999;0;1;0;9999;9999;9999;1;0;9999;1;9999;9999;9999;0;9999;1;1
2;2041;204114;3;3;1;1;1;9999;9999;9999;9999;9999;0;0;9999;9999;9999;9999;9999;0;1;0;0;9999;9999;9999;1;9999;0;9999;0;1;0;9999;9999;9999;1;1;1;9999;9999;9999;0;0;1;9999;9999;9999;0;9999;0;1;9999;9999;0;0;9999;9999;0;9999;9999;1;1;9999;0;9999;9999;9999;9999;1;0;1;0;1;9999;9999;0;0;0;1;9999;9999;9999;9999;0;0;9999;0;9999;1;9999;9999;9999;1;0;1;9999;9999;9999;0;1;0;9999;9999;9999;1;0;0;9999;1;9999;9999;1;0;9999;9999;1;0;9999;0;1;9999;9999;9999;0
2;2041;204115;9999;3;9999;9999;9999;9999;9999;9999;9999;9999;9999;9999;9999;9999;9999;9999;9999;9999;9999;9999;9999;9999;9999;9999;9999;9999;9999;9999;9999;9999;9999;9999;9999;9999;9999;9999;9999;9999;9999;9999;9999;9999;9999;9999;9999;9999;9999;9999;9999;9999;9999;9999;9999;9999;9999;9999;9999;9999;9999;9999;9999;9999;9999;9999;9999;9999;9999;0;0;0;0;0;9999;9999;0;0;0;1;9999;9999;9999;9999;1;0;9999;0;9999;1;9999;9999;9999;0;0;0;9999;9999;9999;666;0;0;9999;9999;9999;0;0;0;9999;1;9999;9999;1;0;9999;9999;1;0;9999;0;0;9999;9999;9999;0
2;2041;204116;3;3;0;0;0;9999;9999;9999;9999;9999;0;0;9999;9999;9999;9999;9999;0;0;0;0;9999;9999;9999;1;9999;0;9999;0;1;0;9999;9999;9999;0;1;0;9999;9999;9999;0;1;0;9999;9999;9999;0;9999;0;0;9999;9999;0;1;9999;9999;0;9999;9999;0;0;9999;0;9999;9999;9999;9999;0;0;0;1;1;9999;9999;0;0;0;1;9999;9999;9999;9999;0;9999;9999;0;9999;0;9999;9999;9999;1;0;1;9999;9999;9999;0;0;0;9999;9999;9999;0;0;0;9999;0;9999;9999;1;0;9999;9999;0;0;9999;0;0;9999;9999;9999;0
2;2041;204117;4;9999;0;9999;9999;0;9999;0;0;1;9999;9999;9999;9999;9999;0;0;0;9999;9999;9999;9999;9999;0;0;0;9999;0;9999;9999;0;0;9999;0;0;9999;9999;9999;0;0;9999;9999;0;0;9999;9999;0;0;9999;9999;0;9999;0;9999;0;0;9999;9999;1;1;9999;9999;9999;0;9999;9999;9999;9999;9999;9999;9999;9999;9999;9999;9999;9999;9999;9999;9999;9999;9999;9999;9999;9999;9999;9999;9999;9999;9999;9999;9999;9999;9999;9999;9999;9999;9999;9999;9999;9999;9999;9999;9999;9999;9999;9999;9999;9999;9999;9999;9999;9999;9999;9999;9999;9999;9999;9999;9999;9999;9999;9999;9999
2;2042;204201;9999;2;9999;9999;9999;9999;9999;9999;9999;9999;9999;9999;9999;9999;9999;9999;9999;9999;9999;9999;9999;9999;9999;9999;9999;9999;9999;9999;9999;9999;9999;9999;9999;9999;9999;9999;9999;9999;9999;9999;9999;9999;9999;9999;9999;9999;9999;9999;9999;9999;9999;9999;9999;9999;9999;9999;9999;9999;9999;9999;9999;9999;9999;9999;0;9999;0;9999;9999;0;0;9999;0;9999;9999;9999;9999;1;0;0;9999;9999;9999;0;0;9999;0;1;9999;0;0;9999;9999;9999;0;9999;0;9999;0;9999;9999;0;0;0;9999;9999;0;0;0;9999;9999;9999;1;0;9999;0;9999;9999;9999;0;9999;0;0
2;2042;204202;3;3;0;0;1;9999;9999;9999;9999;9999;0;0;9999;9999;9999;9999;9999;0;0;1;1;9999;9999;9999;0;9999;0;9999;0;1;0;9999;9999;9999;0;0;0;9999;9999;9999;0;1;1;9999;9999;9999;0;9999;1;0;9999;9999;0;0;9999;9999;0;9999;9999;0;0;9999;0;9999;9999;9999;9999;0;0;1;0;1;9999;9999;1;0;0;0;9999;9999;9999;9999;0;0;9999;0;9999;1;9999;9999;9999;1;0;1;9999;9999;9999;1;0;0;9999;9999;9999;0;1;0;9999;1;9999;9999;1;0;9999;9999;0;0;9999;0;0;9999;9999;9999;1
2;2042;204203;3;3;0;666;0;9999;9999;9999;9999;9999;0;0;9999;9999;9999;9999;9999;0;0;1;0;9999;9999;9999;0;9999;0;9999;0;0;1;9999;9999;9999;0;1;0;9999;9999;9999;0;1;1;9999;9999;9999;0;9999;1;0;9999;9999;1;0;9999;9999;0;9999;9999;0;0;9999;1;9999;9999;9999;9999;9999;9999;9999;9999;9999;9999;9999;9999;9999;9999;9999;9999;9999;9999;9999;9999;9999;9999;9999;9999;9999;9999;9999;9999;9999;9999;9999;9999;9999;9999;9999;9999;9999;9999;9999;9999;9999;9999;9999;9999;9999;9999;9999;9999;9999;9999;9999;9999;9999;9999;9999;9999;9999;9999;9999;9999
2;2042;204204;2;2;9999;0;9999;666;0;9999;9999;0;9999;0;9999;0;0;666;9999;9999;9999;0;1;1;9999;9999;9999;0;9999;9999;1;9999;9999;666;1;0;9999;0;9999;1;9999;666;0;9999;9999;9999;0;0;9999;9999;9999;1;0;0;9999;9999;0;9999;0;0;666;9999;0;9999;9999;9999;1;9999;1;9999;9999;0;0;9999;0;9999;9999;9999;9999;1;1;1;9999;9999;9999;0;0;9999;0;1;9999;0;0;9999;9999;9999;0;9999;0;9999;0;9999;9999;0;1;0;9999;9999;0;0;0;9999;9999;9999;0;0;9999;1;9999;9999;9999;0;9999;1;0
2;2042;204205;2;9999;9999;1;9999;666;0;9999;9999;666;9999;1;9999;1;1;666;9999;9999;9999;1;0;0;9999;9999;9999;666;9999;9999;1;9999;9999;666;1;0;9999;0;9999;1;9999;666;1;9999;9999;9999;0;0;9999;9999;9999;1;1;1;9999;9999;666;9999;0;1;666;9999;1;9999;9999;9999;9999;9999;9999;9999;9999;9999;9999;9999;9999;9999;9999;9999;9999;9999;9999;9999;9999;9999;9999;9999;9999;9999;9999;9999;9999;9999;9999;9999;9999;9999;9999;9999;9999;9999;9999;9999;9999;9999;9999;9999;9999;9999;9999;9999;9999;9999;9999;9999;9999;9999;9999;9999;9999;9999;9999;9999;9999;9999;9999
2;2042;204206;4;4;0;9999;9999;0;9999;0;0;1;9999;9999;9999;9999;9999;0;0;0;9999;9999;9999;9999;9999;0;1;0;9999;0;9999;9999;0;0;9999;0;0;9999;9999;9999;0;0;9999;9999;1;0;9999;9999;0;1;9999;9999;1;9999;1;9999;0;1;9999;9999;0;1;9999;9999;9999;0;9999;0;0;9999;0;9999;9999;9999;0;0;1;1;9999;9999;9999;0;0;0;0;0;9999;9999;0;9999;1;0;9999;9999;0;9999;9999;0;0;0;9999;9999;0;1;9999;9999;0;0;9999;9999;0;0;9999;0;9999;1;9999;9999;0;1;9999;9999;0;0;9999
2;2042;204207;4;4;1;9999;9999;0;9999;0;0;0;9999;9999;9999;9999;9999;0;0;0;9999;9999;9999;9999;9999;0;1;0;9999;1;9999;9999;0;0;9999;0;1;9999;9999;9999;0;0;9999;9999;1;0;9999;9999;0;1;9999;9999;0;9999;1;9999;0;1;9999;9999;1;1;9999;9999;9999;0;9999;0;1;9999;0;9999;9999;9999;0;0;0;0;9999;9999;9999;0;1;0;1;9999;9999;9999;0;9999;1;0;9999;9999;0;9999;9999;1;0;1;9999;9999;0;1;9999;9999;1;1;9999;9999;0;0;9999;0;9999;0;9999;9999;1;0;9999;9999;0;1;9999
2;2042;204208;4;4;0;9999;9999;0;9999;0;1;1;9999;9999;9999;9999;9999;0;0;0;9999;9999;9999;9999;9999;0;0;0;9999;1;9999;9999;1;0;9999;0;0;9999;9999;9999;0;0;9999;9999;1;0;9999;9999;0;1;9999;9999;1;9999;0;9999;0;1;9999;9999;0;1;9999;9999;9999;0;9999;0;0;9999;0;9999;9999;9999;0;0;1;0;9999;9999;9999;0;1;1;1;9999;9999;9999;1;9999;1;0;9999;9999;0;9999;9999;0;0;0;9999;9999;0;0;9999;9999;1;0;9999;9999;1;0;9999;0;9999;0;9999;9999;0;0;9999;9999;0;1;9999
2;2042;204209;6;6;9999;9999;0;0;9999;0;1;0;0;9999;9999;9999;9999;0;0;9999;0;9999;9999;9999;9999;0;9999;0;1;0;9999;0;9999;0;9999;1;9999;9999;0;9999;0;0;9999;0;9999;0;9999;9999;9999;1;0;9999;1;9999;9999;0;1;0;9999;9999;0;9999;9999;9999;0;0;1;0;9999;9999;0;9999;9999;9999;9999;0;1;1;9999;9999;0;9999;0;0;0;9999;1;9999;9999;9999;0;9999;0;9999;1;9999;0;0;9999;1;9999;9999;0;9999;0;9999;1;1;0;9999;9999;0;9999;1;0;9999;9999;9999;0;0;9999;0;0;9999;9999
2;2042;204210;6;6;9999;9999;0;0;9999;0;0;1;0;9999;9999;9999;9999;0;1;9999;0;9999;9999;9999;9999;0;9999;0;0;1;9999;1;9999;0;9999;0;9999;9999;0;9999;0;0;9999;1;9999;0;9999;9999;9999;1;0;9999;1;9999;9999;1;0;0;9999;9999;0;9999;9999;9999;0;0;666;0;9999;9999;0;9999;9999;9999;9999;0;1;1;9999;9999;1;9999;1;1;0;9999;1;9999;9999;9999;1;9999;1;9999;1;9999;1;1;9999;1;9999;9999;0;9999;1;9999;1;0;1;9999;9999;0;9999;0;1;9999;9999;9999;1;1;9999;1;0;9999;9999
2;2042;204211;5;5;9999;0;9999;9999;0;0;0;9999;9999;0;9999;0;1;9999;1;9999;9999;1;1;0;9999;0;9999;9999;9999;0;1;9999;9999;9999;1;9999;9999;1;9999;0;666;9999;0;9999;9999;0;0;1;9999;1;9999;0;9999;0;9999;9999;9999;0;0;1;9999;9999;0;9999;9999;0;0;9999;1;0;9999;9999;9999;0;0;9999;9999;9999;0;9999;1;0;9999;9999;9999;9999;1;0;1;9999;9999;0;0;1;9999;1;0;9999;0;9999;9999;0;9999;0;1;9999;9999;9999;0;9999;0;9999;0;9999;1;0;0;9999;9999;9999;0;0;9999;1;9999
2;2042;204212;5;5;9999;1;9999;9999;0;0;0;9999;9999;0;9999;0;0;9999;0;9999;9999;0;1;0;9999;0;9999;9999;9999;0;1;9999;9999;9999;0;9999;9999;0;9999;0;666;9999;0;9999;9999;0;0;0;9999;0;9999;0;9999;0;9999;9999;9999;0;0;1;9999;9999;0;9999;9999;0;9999;9999;9999;9999;9999;9999;9999;9999;9999;9999;9999;9999;9999;9999;9999;9999;9999;9999;9999;9999;9999;9999;9999;9999;9999;9999;9999;9999;9999;9999;9999;9999;9999;9999;9999;9999;9999;9999;9999;9999;9999;9999;9999;9999;9999;9999;9999;9999;9999;9999;9999;9999;9999;9999;9999;9999;9999;9999;9999
2;2042;204213;5;5;9999;1;9999;9999;0;666;0;9999;9999;1;9999;1;1;9999;0;9999;9999;1;1;0;9999;0;9999;9999;9999;0;1;9999;9999;9999;0;9999;9999;1;9999;1;666;9999;0;9999;9999;0;0;0;9999;666;9999;0;9999;0;9999;9999;9999;0;1;0;9999;9999;1;9999;9999;0;9999;9999;9999;9999;9999;9999;9999;9999;9999;9999;9999;9999;9999;9999;9999;9999;9999;9999;9999;9999;9999;9999;9999;9999;9999;9999;9999;9999;9999;9999;9999;9999;9999;9999;9999;9999;9999;9999;9999;9999;9999;9999;9999;9999;9999;9999;9999;9999;9999;9999;9999;9999;9999;9999;9999;9999;9999;9999;9999
2;2042;204214;6;6;9999;9999;1;0;9999;0;1;1;0;9999;9999;9999;9999;0;0;9999;0;9999;9999;9999;9999;0;9999;0;0;0;9999;1;9999;0;9999;0;9999;9999;0;9999;0;1;9999;1;9999;0;9999;9999;9999;0;1;9999;1;9999;9999;1;1;0;9999;9999;0;9999;9999;9999;0;0;9999;9999;9999;9999;9999;9999;9999;9999;9999;9999;9999;9999;9999;9999;9999;9999;9999;9999;9999;9999;9999;9999;9999;9999;9999;9999;9999;9999;9999;9999;9999;9999;9999;9999;9999;9999;9999;9999;9999;9999;9999;9999;9999;9999;9999;9999;9999;9999;9999;9999;9999;9999;9999;9999;9999;9999;9999;9999;9999
2;2042;204215;2;2;9999;0;9999;0;0;9999;9999;0;9999;0;9999;0;0;0;9999;9999;9999;0;0;0;9999;9999;9999;1;9999;9999;0;9999;9999;0;1;0;9999;0;9999;1;9999;0;0;9999;9999;9999;0;1;9999;9999;9999;1;0;0;9999;9999;0;9999;0;0;0;9999;0;9999;9999;9999;9999;9999;9999;9999;9999;9999;9999;9999;9999;9999;9999;9999;9999;9999;9999;9999;9999;9999;9999;9999;9999;9999;9999;9999;9999;9999;9999;9999;9999;9999;9999;9999;9999;9999;9999;9999;9999;9999;9999;9999;9999;9999;9999;9999;9999;9999;9999;9999;9999;9999;9999;9999;9999;9999;9999;9999;9999;9999;9999
2;2042;204216;2;2;9999;0;9999;0;0;9999;9999;0;9999;0;9999;0;0;0;9999;9999;9999;1;0;0;9999;9999;9999;0;9999;9999;0;9999;9999;0;0;0;9999;1;9999;0;9999;0;0;9999;9999;9999;0;1;9999;9999;9999;0;1;0;9999;9999;0;9999;0;1;1;9999;0;9999;9999;9999;1;9999;0;9999;9999;0;1;9999;0;9999;9999;9999;9999;0;0;1;9999;9999;9999;0;1;9999;1;1;9999;0;0;9999;9999;9999;0;9999;0;9999;0;9999;9999;1;0;0;9999;9999;0;1;1;9999;9999;9999;0;0;9999;0;9999;9999;9999;1;9999;1;0
2;2042;204217;1;1;0;9999;1;9999;0;9999;9999;9999;0;9999;9999;0;1;9999;9999;0;1;9999;9999;1;9999;9999;1;9999;0;9999;9999;1;0;9999;1;9999;0;9999;0;1;9999;9999;9999;1;0;9999;0;1;0;9999;1;9999;9999;1;1;0;9999;9999;9999;1;9999;0;9999;9999;0;9999;9999;9999;9999;9999;9999;9999;9999;9999;9999;9999;9999;9999;9999;9999;9999;9999;9999;9999;9999;9999;9999;9999;9999;9999;9999;9999;9999;9999;9999;9999;9999;9999;9999;9999;9999;9999;9999;9999;9999;9999;9999;9999;9999;9999;9999;9999;9999;9999;9999;9999;9999;9999;9999;9999;9999;9999;9999;9999;9999
2;2042;204219;1;1;0;9999;0;9999;0;9999;9999;9999;0;9999;9999;0;1;9999;9999;0;0;9999;9999;1;9999;9999;1;9999;0;9999;9999;0;0;9999;0;9999;1;9999;0;1;9999;9999;9999;0;1;9999;0;1;0;9999;0;9999;9999;0;0;0;9999;9999;9999;0;9999;0;9999;9999;0;9999;9999;0;9999;1;9999;1;0;1;9999;0;9999;9999;0;1;9999;9999;1;1;9999;0;9999;0;9999;1;1;9999;9999;1;9999;1;9999;1;9999;9999;1;1;0;9999;9999;0;9999;9999;9999;1;9999;0;1;9999;9999;9999;1;0;0;9999;1;9999;0;9999;0
2;2042;204220;6;6;9999;9999;0;0;9999;0;0;0;0;9999;9999;9999;9999;0;1;9999;0;9999;9999;9999;9999;0;9999;0;666;1;9999;666;9999;0;9999;0;9999;9999;0;9999;0;0;9999;1;9999;0;9999;9999;9999;1;1;9999;1;9999;9999;666;0;0;9999;9999;0;9999;9999;9999;1;0;666;0;9999;9999;0;9999;9999;9999;9999;0;0;0;9999;9999;0;9999;0;0;0;9999;0;9999;9999;9999;0;9999;666;9999;0;9999;0;1;9999;1;9999;9999;0;9999;0;9999;0;0;0;9999;9999;0;9999;0;0;9999;9999;9999;0;0;9999;1;0;9999;9999
2;2042;204221;1;1;0;9999;0;9999;0;9999;9999;9999;0;9999;9999;0;1;9999;9999;0;0;9999;9999;1;9999;9999;1;9999;0;9999;9999;0;0;9999;1;9999;0;9999;0;666;9999;9999;9999;0;0;9999;0;0;0;9999;1;9999;9999;0;0;0;9999;9999;9999;0;9999;1;9999;9999;0;9999;9999;0;9999;0;9999;0;0;1;9999;0;9999;9999;0;0;9999;9999;1;1;9999;0;9999;0;9999;0;0;9999;9999;0;9999;0;9999;0;9999;9999;0;1;0;9999;9999;0;9999;9999;9999;1;9999;0;1;9999;9999;9999;0;0;0;9999;0;9999;0;9999;0
2;2042;204222;4;4;1;9999;9999;0;9999;0;0;1;9999;9999;9999;9999;9999;0;1;0;9999;9999;9999;9999;9999;9999;1;0;9999;1;9999;9999;1;1;9999;1;0;9999;9999;9999;1;0;9999;9999;1;0;9999;9999;0;1;9999;9999;0;9999;1;9999;1;1;9999;9999;0;1;9999;9999;9999;0;9999;0;1;9999;0;9999;9999;9999;1;1;0;1;9999;9999;9999;0;1;1;1;9999;9999;9999;1;9999;1;0;9999;9999;1;9999;9999;1;1;1;9999;9999;0;1;9999;9999;0;1;9999;9999;0;1;9999;0;9999;0;9999;9999;1;0;9999;9999;0;0;9999
2;2042;204224;3;3;0;1;1;9999;9999;9999;9999;9999;0;0;9999;9999;9999;9999;9999;0;1;0;0;9999;9999;0;0;9999;0;9999;0;0;0;9999;9999;9999;0;1;0;9999;9999;9999;0;1;0;9999;9999;9999;0;9999;0;0;9999;9999;0;1;9999;9999;0;9999;9999;0;0;9999;1;9999;9999;9999;9999;0;666;0;0;1;9999;9999;1;666;0;0;9999;9999;9999;9999;1;0;9999;1;9999;0;9999;9999;9999;1;666;0;9999;9999;9999;666;0;0;9999;9999;9999;0;1;0;9999;1;9999;9999;0;0;9999;9999;1;0;9999;1;1;9999;9999;9999;0
2;2042;204225;5;5;9999;1;9999;9999;0;0;0;9999;9999;0;9999;0;1;9999;0;9999;9999;0;0;0;9999;0;9999;9999;9999;1;1;9999;9999;9999;0;9999;9999;1;9999;1;666;9999;0;9999;9999;0;0;0;9999;0;9999;0;9999;0;9999;9999;9999;1;0;0;9999;9999;0;9999;9999;0;1;9999;1;0;9999;9999;9999;1;1;9999;9999;9999;0;9999;1;0;9999;9999;9999;9999;0;0;0;9999;9999;1;0;0;9999;1;0;9999;1;9999;9999;0;9999;1;0;9999;9999;9999;0;9999;0;9999;0;9999;0;0;1;9999;9999;9999;1;1;9999;0;9999
2;2043;204301;2;2;9999;1;9999;0;0;9999;9999;0;9999;0;9999;0;1;0;9999;9999;9999;1;1;1;9999;9999;9999;0;9999;9999;1;9999;9999;0;1;0;9999;1;9999;0;9999;0;0;9999;9999;9999;0;0;9999;9999;9999;0;0;0;9999;9999;0;9999;0;1;0;9999;0;9999;9999;9999;0;9999;1;9999;9999;1;0;9999;0;9999;9999;9999;9999;1;1;1;9999;9999;9999;0;0;9999;1;1;9999;0;1;9999;9999;9999;0;9999;0;9999;0;9999;9999;1;1;0;9999;9999;0;1;1;9999;9999;9999;0;0;9999;1;9999;9999;9999;0;9999;0;0
2;2043;204302;2;2;9999;0;9999;666;0;9999;9999;1;9999;0;9999;1;0;666;9999;9999;9999;0;1;0;9999;9999;9999;0;9999;9999;0;9999;9999;0;0;0;9999;1;9999;1;9999;0;0;9999;9999;9999;0;0;9999;9999;9999;0;1;1;9999;9999;0;9999;0;1;0;9999;0;9999;9999;9999;0;9999;1;9999;9999;0;0;9999;0;9999;9999;9999;9999;0;0;1;9999;9999;9999;0;1;9999;1;1;9999;0;1;9999;9999;9999;0;9999;0;9999;0;9999;9999;1;1;0;9999;9999;0;0;1;9999;9999;9999;0;0;9999;1;9999;9999;9999;1;9999;1;0
2;2043;204304;4;4;666;9999;9999;0;9999;0;0;1;9999;9999;9999;9999;9999;0;0;666;9999;9999;9999;9999;9999;0;0;1;9999;1;9999;9999;666;1;9999;1;0;9999;9999;9999;0;0;9999;9999;0;1;9999;9999;666;1;9999;9999;1;9999;0;9999;1;0;9999;9999;1;666;9999;9999;9999;1;9999;0;1;9999;1;9999;9999;9999;0;0;1;1;9999;9999;9999;1;1;1;1;9999;9999;9999;1;9999;1;1;9999;9999;0;9999;9999;1;0;1;9999;9999;1;1;9999;9999;1;1;9999;9999;1;1;9999;0;9999;1;9999;9999;1;1;9999;9999;0;1;9999
2;2043;204305;3;3;0;666;0;9999;9999;9999;9999;9999;0;0;9999;9999;9999;9999;9999;0;1;666;666;9999;9999;9999;1;9999;0;9999;666;1;0;9999;9999;9999;0;666;1;9999;9999;9999;666;1;1;9999;9999;9999;0;9999;1;666;9999;9999;0;0;9999;9999;666;9999;9999;1;0;9999;0;9999;9999;9999;9999;1;1;1;0;1;9999;9999;1;0;0;1;9999;9999;9999;9999;1;9999;9999;1;9999;1;9999;9999;9999;1;0;1;9999;9999;9999;0;1;1;9999;9999;9999;1;1;1;9999;1;9999;9999;1;1;9999;9999;1;1;9999;1;1;9999;9999;9999;1
2;2043;204306;2;2;9999;1;9999;0;0;9999;9999;0;9999;0;9999;0;1;0;9999;9999;9999;1;1;1;9999;9999;9999;0;9999;9999;1;9999;9999;0;1;0;9999;0;9999;1;9999;0;0;9999;9999;9999;0;0;9999;9999;9999;0;1;0;9999;9999;1;9999;0;1;1;9999;0;9999;9999;9999;0;9999;1;9999;9999;1;1;9999;0;9999;9999;9999;9999;1;0;1;9999;9999;9999;0;0;9999;1;1;9999;0;1;9999;9999;9999;0;9999;0;9999;1;9999;9999;1;1;1;9999;9999;1;1;0;9999;9999;9999;1;1;9999;0;9999;9999;9999;0;9999;1;1
2;2043;204307;6;6;9999;9999;0;0;9999;0;0;0;0;9999;9999;9999;9999;0;0;9999;0;9999;9999;9999;9999;1;9999;0;0;0;9999;0;9999;0;9999;0;9999;9999;0;9999;0;0;9999;0;9999;0;9999;9999;9999;1;0;9999;0;9999;9999;0;1;0;9999;9999;1;9999;9999;9999;0;0;0;0;9999;9999;0;9999;9999;9999;9999;0;0;0;9999;9999;0;9999;1;0;0;9999;0;9999;9999;9999;0;9999;0;9999;0;9999;0;0;9999;0;9999;9999;0;9999;1;9999;0;1;0;9999;9999;1;9999;0;0;9999;9999;9999;0;0;9999;0;0;9999;9999
2;2043;204308;6;6;9999;9999;666;666;9999;0;0;1;666;9999;9999;9999;9999;666;1;9999;666;9999;9999;9999;9999;9999;9999;0;666;1;9999;666;9999;666;9999;0;9999;9999;666;9999;0;666;9999;666;9999;0;9999;9999;9999;1;666;9999;1;9999;9999;666;0;1;9999;9999;666;9999;9999;9999;666;0;666;0;9999;9999;1;9999;9999;9999;9999;0;1;1;9999;9999;1;9999;0;0;1;9999;0;9999;9999;9999;1;9999;1;9999;1;9999;0;1;9999;1;9999;9999;0;9999;0;9999;0;0;0;9999;9999;1;9999;0;0;9999;9999;9999;1;0;9999;0;0;9999;9999
2;2043;204310;6;6;9999;9999;1;0;9999;0;0;1;0;9999;9999;9999;9999;0;1;9999;1;9999;9999;9999;9999;0;9999;0;666;1;9999;666;9999;1;9999;1;9999;9999;1;9999;0;0;9999;1;9999;0;9999;9999;9999;1;666;9999;1;9999;9999;666;1;1;9999;9999;0;9999;9999;9999;1;1;0;0;9999;9999;1;9999;9999;9999;9999;0;0;1;9999;9999;1;9999;0;0;0;9999;1;9999;9999;9999;1;9999;0;9999;1;9999;0;1;9999;1;9999;9999;1;9999;1;9999;0;0;1;9999;9999;0;9999;0;0;9999;9999;9999;0;0;9999;1;0;9999;9999
2;2043;204311;6;6;9999;9999;1;0;9999;0;0;1;0;9999;9999;9999;9999;0;0;9999;1;9999;9999;9999;9999;0;9999;0;666;0;9999;666;9999;0;9999;1;9999;9999;666;9999;0;0;9999;0;9999;0;9999;9999;9999;0;666;9999;1;9999;9999;666;0;0;9999;9999;1;9999;9999;9999;1;0;1;0;9999;9999;1;9999;9999;9999;9999;0;0;1;9999;9999;0;9999;1;1;0;9999;1;9999;9999;9999;1;9999;0;9999;0;9999;0;1;9999;0;9999;9999;1;9999;1;9999;0;0;0;9999;9999;0;9999;0;0;9999;9999;9999;0;1;9999;0;0;9999;9999
2;2043;204313;5;5;9999;1;9999;9999;0;666;1;9999;9999;1;9999;0;1;9999;666;9999;9999;0;1;1;9999;0;9999;9999;9999;1;1;9999;9999;9999;0;9999;9999;0;9999;1;666;9999;0;9999;9999;0;0;0;9999;666;9999;1;9999;0;9999;9999;9999;1;1;1;9999;9999;0;9999;9999;1;0;9999;0;1;9999;9999;9999;1;1;9999;9999;9999;0;9999;0;0;9999;9999;9999;9999;1;0;1;9999;9999;1;1;1;9999;1;0;9999;1;9999;9999;0;9999;1;1;9999;9999;9999;1;9999;1;9999;1;9999;1;0;1;9999;9999;9999;0;0;9999;1;9999
2;2043;204314;5;5;9999;0;9999;9999;0;0;1;9999;9999;0;9999;0;0;9999;0;9999;9999;1;0;0;9999;0;9999;9999;9999;0;1;9999;9999;9999;1;9999;9999;1;9999;0;0;9999;0;9999;9999;0;1;0;9999;1;9999;1;9999;0;9999;9999;9999;0;0;0;9999;9999;0;9999;9999;0;0;9999;0;0;9999;9999;9999;1;1;9999;9999;9999;0;9999;0;0;9999;9999;9999;0;1;0;1;9999;9999;0;1;1;9999;1;0;9999;1;9999;9999;0;9999;1;1;9999;9999;9999;1;9999;0;9999;0;9999;0;0;1;9999;9999;9999;0;0;9999;1;9999
2;2043;204315;5;5;9999;0;9999;9999;0;0;1;9999;9999;0;9999;1;0;9999;0;9999;9999;0;0;0;9999;0;9999;9999;9999;0;1;9999;9999;9999;0;9999;9999;1;9999;0;666;9999;0;9999;9999;0;0;1;9999;0;9999;0;9999;0;9999;9999;9999;0;0;0;9999;9999;0;9999;9999;1;0;9999;1;1;9999;9999;9999;0;0;9999;9999;9999;0;9999;0;0;9999;9999;9999;9999;1;0;1;9999;9999;1;0;1;9999;1;0;9999;0;9999;9999;1;9999;0;1;9999;9999;9999;0;9999;0;9999;1;9999;0;0;1;9999;9999;9999;1;0;9999;1;9999
2;2043;204316;1;1;1;9999;1;9999;0;9999;9999;9999;0;9999;9999;1;0;9999;9999;0;0;9999;9999;0;9999;9999;0;9999;0;9999;9999;0;0;9999;0;9999;0;9999;1;0;9999;9999;9999;1;1;9999;0;0;0;9999;1;9999;9999;0;0;1;9999;9999;9999;1;9999;1;9999;9999;1;9999;9999;0;9999;1;9999;1;0;1;9999;1;9999;9999;1;1;9999;9999;1;1;9999;0;9999;0;9999;1;1;9999;9999;1;9999;1;9999;0;9999;9999;0;0;0;9999;9999;0;9999;9999;9999;1;9999;1;1;9999;9999;9999;0;0;1;9999;0;9999;1;9999;0
2;2043;204317;1;1;0;9999;0;9999;0;9999;9999;9999;0;9999;9999;0;1;9999;9999;1;1;9999;9999;1;9999;9999;1;9999;0;9999;9999;0;0;9999;0;9999;1;9999;0;1;9999;9999;9999;0;1;9999;1;0;0;9999;1;9999;9999;0;0;1;9999;9999;9999;0;9999;1;9999;9999;0;9999;9999;0;9999;0;9999;1;0;1;9999;0;9999;9999;0;0;9999;9999;1;1;9999;0;9999;0;9999;1;1;9999;9999;0;9999;1;9999;0;9999;9999;0;0;0;9999;9999;0;9999;9999;9999;1;9999;0;0;9999;9999;9999;0;0;1;9999;1;9999;0;9999;1
2;2043;204318;5;5;9999;0;9999;9999;0;0;0;9999;9999;0;9999;0;0;9999;1;9999;9999;1;1;0;9999;0;9999;9999;9999;1;0;9999;9999;9999;0;9999;9999;0;9999;1;666;9999;0;9999;9999;0;0;0;9999;1;9999;0;9999;0;9999;9999;9999;1;0;0;9999;9999;0;9999;9999;0;0;9999;0;0;9999;9999;9999;0;0;9999;9999;9999;0;9999;0;1;9999;9999;9999;9999;0;0;1;9999;9999;1;0;0;9999;1;0;9999;1;9999;9999;0;9999;0;1;9999;9999;9999;0;9999;1;9999;0;9999;0;0;0;9999;9999;9999;1;1;9999;0;9999
2;2043;204319;4;4;0;9999;9999;0;9999;0;0;0;9999;9999;9999;9999;9999;0;0;0;9999;9999;9999;9999;9999;9999;1;0;9999;0;9999;9999;0;0;9999;0;0;9999;9999;9999;0;0;9999;9999;0;0;9999;9999;0;0;9999;9999;1;9999;0;9999;0;1;9999;9999;0;1;9999;9999;9999;0;9999;1;1;9999;0;9999;9999;9999;0;0;0;0;9999;9999;9999;0;0;1;0;9999;9999;9999;1;9999;0;0;9999;9999;0;9999;9999;1;0;0;9999;9999;0;0;9999;9999;0;0;9999;9999;0;0;9999;1;9999;0;9999;9999;0;0;9999;9999;0;0;9999
2;2043;204320;4;4;1;9999;9999;0;9999;0;0;1;9999;9999;9999;9999;9999;0;0;0;9999;9999;9999;9999;9999;0;0;0;9999;1;9999;9999;0;0;9999;0;0;9999;9999;9999;0;0;9999;9999;0;0;9999;9999;0;0;9999;9999;1;9999;0;9999;1;1;9999;9999;1;1;9999;9999;9999;0;9999;0;1;9999;0;9999;9999;9999;0;0;0;1;9999;9999;9999;1;0;0;1;9999;9999;9999;1;9999;0;1;9999;9999;0;9999;9999;1;0;0;9999;9999;0;0;9999;9999;0;0;9999;9999;0;0;9999;0;9999;0;9999;9999;0;0;9999;9999;0;1;9999
2;2043;204321;3;3;1;666;0;9999;9999;9999;9999;9999;0;0;9999;9999;9999;9999;9999;0;0;666;666;9999;9999;9999;1;9999;0;9999;666;1;1;9999;9999;9999;0;1;0;9999;9999;9999;666;0;0;9999;9999;9999;0;9999;1;1;9999;9999;1;0;9999;9999;666;9999;9999;1;1;9999;1;9999;9999;9999;9999;0;1;0;0;1;9999;9999;0;1;0;1;9999;9999;9999;9999;0;9999;9999;0;9999;1;9999;9999;9999;1;0;1;9999;9999;9999;0;0;0;9999;9999;9999;0;1;1;9999;0;9999;9999;0;0;9999;9999;1;1;9999;1;1;9999;9999;9999;0
2;2043;204322;3;3;0;666;1;9999;9999;9999;9999;9999;0;1;9999;9999;9999;9999;9999;0;1;666;666;9999;9999;9999;1;9999;0;9999;666;1;0;9999;9999;9999;1;666;0;9999;9999;9999;666;0;1;9999;9999;9999;0;9999;1;666;9999;9999;0;0;9999;9999;666;9999;9999;1;0;0;0;9999;9999;9999;9999;1;1;1;0;0;9999;9999;1;0;0;0;9999;9999;9999;9999;0;0;9999;0;9999;1;9999;9999;9999;1;0;1;9999;9999;9999;0;0;1;9999;9999;9999;1;1;1;9999;1;9999;9999;1;0;9999;9999;1;0;9999;1;1;9999;9999;9999;0
2;2043;204323;1;1;0;9999;1;9999;0;9999;9999;9999;0;9999;9999;0;1;9999;9999;0;1;9999;9999;0;9999;9999;1;9999;0;9999;9999;0;0;9999;1;9999;0;9999;0;1;9999;9999;9999;1;0;9999;0;0;0;9999;1;9999;9999;0;1;0;9999;9999;9999;0;9999;1;9999;9999;0;9999;9999;0;9999;1;9999;1;0;1;9999;0;9999;9999;0;1;9999;9999;1;0;9999;0;9999;0;9999;1;1;9999;9999;1;9999;1;9999;1;9999;9999;0;1;0;9999;9999;0;9999;9999;9999;0;9999;1;1;9999;9999;9999;0;0;1;9999;0;9999;0;9999;0
2;2043;204324;3;3;1;1;1;9999;9999;9999;9999;9999;1;1;9999;9999;9999;9999;9999;1;1;1;1;9999;9999;9999;1;9999;0;9999;1;1;1;9999;9999;9999;1;1;1;9999;9999;9999;0;1;1;9999;9999;9999;0;9999;1;0;9999;9999;0;1;9999;9999;0;9999;9999;1;1;9999;1;9999;9999;9999;9999;1;1;1;0;1;9999;9999;1;1;0;1;9999;9999;9999;9999;1;0;9999;1;9999;1;9999;9999;9999;1;1;1;9999;9999;9999;1;1;1;9999;9999;9999;1;1;0;9999;1;9999;9999;1;1;9999;9999;1;1;9999;1;1;9999;9999;9999;1
2;2051;205101;1;1;0;9999;0;9999;0;9999;9999;9999;0;9999;9999;0;0;9999;9999;0;1;9999;9999;0;9999;0;0;9999;0;9999;9999;0;0;9999;0;9999;1;9999;0;0;9999;9999;9999;1;1;9999;0;0;0;9999;0;9999;9999;0;0;0;9999;9999;9999;0;9999;0;9999;9999;0;9999;9999;0;9999;0;9999;1;0;0;9999;0;9999;9999;0;1;9999;9999;1;0;9999;0;9999;1;9999;0;0;9999;9999;0;9999;1;9999;0;9999;9999;0;1;0;9999;9999;0;9999;9999;9999;0;9999;0;1;9999;9999;9999;0;1;0;9999;0;9999;0;9999;0
2;2051;205102;1;1;0;9999;0;9999;0;9999;9999;9999;0;9999;9999;0;0;9999;9999;0;1;9999;9999;0;9999;9999;0;9999;0;9999;9999;0;0;9999;0;9999;1;9999;0;0;9999;9999;9999;1;1;9999;0;1;0;9999;0;9999;9999;0;0;0;9999;9999;9999;1;9999;0;9999;9999;0;9999;9999;0;9999;0;9999;0;0;1;9999;0;9999;9999;0;1;9999;9999;1;0;9999;0;9999;0;9999;1;1;9999;9999;0;9999;1;9999;1;9999;9999;666;0;0;9999;9999;0;9999;9999;9999;0;9999;0;1;9999;9999;9999;0;0;0;9999;1;9999;0;9999;0
2;2051;205103;1;1;0;9999;0;9999;0;9999;9999;9999;0;9999;9999;0;0;9999;9999;0;0;9999;9999;0;9999;9999;0;9999;0;9999;9999;0;0;9999;1;9999;0;9999;0;0;9999;9999;9999;1;1;9999;0;0;0;9999;1;9999;9999;1;0;0;9999;9999;9999;0;9999;1;9999;9999;1;9999;9999;0;9999;0;9999;1;0;1;9999;0;9999;9999;0;1;9999;9999;0;0;9999;0;9999;0;9999;1;1;9999;9999;1;9999;1;9999;1;9999;9999;0;0;0;9999;9999;0;9999;9999;9999;0;9999;1;0;9999;9999;9999;0;1;0;9999;1;9999;1;9999;0
2;2051;205104;1;1;0;9999;0;9999;0;9999;9999;9999;0;9999;9999;0;0;9999;9999;0;0;9999;9999;0;9999;9999;1;9999;0;9999;9999;0;0;9999;0;9999;1;9999;0;0;9999;9999;9999;0;1;9999;0;0;0;9999;1;9999;9999;1;0;0;9999;9999;9999;0;9999;0;9999;9999;1;9999;9999;0;9999;1;9999;1;0;1;9999;0;9999;9999;0;1;9999;9999;0;0;9999;0;9999;0;9999;1;1;9999;9999;0;9999;1;9999;0;9999;9999;0;0;0;9999;9999;0;9999;9999;9999;1;9999;1;1;9999;9999;9999;0;1;0;9999;1;9999;0;9999;0
2;2051;205105;3;3;0;1;0;9999;9999;9999;9999;9999;0;0;9999;9999;9999;9999;9999;0;0;0;0;9999;9999;9999;1;9999;0;9999;0;0;0;9999;9999;9999;1;0;0;9999;9999;9999;0;0;0;9999;9999;9999;0;9999;0;0;9999;9999;1;0;9999;9999;0;9999;9999;1;0;9999;1;9999;9999;9999;9999;0;0;0;1;0;9999;9999;0;1;0;0;9999;9999;9999;9999;1;0;9999;0;9999;1;9999;9999;9999;0;1;1;9999;9999;9999;0;0;1;9999;9999;9999;0;0;0;9999;0;9999;9999;1;0;9999;9999;0;0;9999;0;0;9999;9999;9999;1
2;2051;205106;3;3;0;1;0;9999;9999;9999;9999;9999;0;0;9999;9999;9999;9999;9999;0;0;1;0;9999;9999;9999;1;9999;0;9999;0;1;0;9999;9999;9999;1;0;0;9999;9999;9999;0;0;0;9999;9999;9999;0;9999;0;0;9999;9999;0;0;9999;9999;0;9999;9999;1;0;9999;1;9999;9999;9999;9999;0;0;0;1;0;9999;9999;1;1;1;1;9999;9999;9999;9999;0;0;9999;0;9999;1;9999;9999;9999;0;0;1;9999;9999;9999;0;1;0;9999;9999;9999;0;0;0;9999;0;9999;9999;0;0;9999;9999;0;0;9999;1;1;9999;9999;9999;0
2;2051;205107;3;3;0;0;0;9999;9999;9999;9999;9999;0;0;9999;9999;9999;9999;9999;0;0;0;0;9999;9999;0;0;9999;0;9999;1;0;0;9999;9999;9999;0;0;0;9999;9999;9999;0;1;0;9999;9999;9999;0;9999;1;0;9999;9999;0;0;9999;9999;0;9999;9999;0;0;9999;0;9999;9999;9999;9999;0;0;1;0;0;9999;9999;0;0;0;0;9999;9999;9999;9999;0;9999;9999;0;9999;0;9999;9999;9999;0;1;0;9999;9999;9999;0;0;0;9999;9999;9999;0;0;0;9999;1;9999;9999;1;0;9999;9999;1;1;9999;0;1;9999;9999;9999;0
2;2051;205108;3;3;0;0;0;9999;9999;9999;9999;9999;0;0;9999;9999;9999;9999;9999;0;0;1;1;9999;9999;9999;0;9999;0;9999;1;0;0;9999;9999;9999;0;0;0;9999;9999;9999;0;0;0;9999;9999;9999;0;9999;1;0;9999;9999;0;0;9999;9999;0;9999;9999;0;0;9999;0;9999;9999;9999;9999;0;0;0;1;0;9999;9999;0;0;0;0;9999;9999;9999;9999;0;0;9999;0;9999;0;9999;9999;9999;0;0;0;9999;9999;9999;0;0;1;9999;9999;9999;0;0;0;9999;0;9999;9999;0;0;9999;9999;0;0;9999;0;0;9999;9999;9999;0
2;2051;205109;4;4;666;9999;9999;1;9999;1;1;1;9999;9999;9999;9999;9999;0;1;0;9999;9999;9999;9999;9999;0;1;1;9999;1;9999;9999;666;1;9999;1;0;9999;9999;9999;1;1;9999;9999;1;1;9999;9999;1;1;9999;9999;1;9999;0;9999;1;0;9999;9999;1;1;9999;9999;9999;1;9999;1;1;9999;1;9999;9999;9999;1;1;1;1;9999;9999;9999;1;1;1;1;9999;9999;9999;1;9999;1;1;9999;9999;1;9999;9999;1;1;1;9999;9999;1;1;9999;9999;0;1;9999;9999;1;0;9999;1;9999;1;9999;9999;1;0;9999;9999;1;1;9999
2;2051;205110;4;4;1;9999;9999;0;9999;0;0;0;9999;9999;9999;9999;9999;1;0;0;9999;9999;9999;9999;9999;0;0;0;9999;0;9999;9999;0;0;9999;1;0;9999;9999;9999;0;0;9999;9999;0;0;9999;9999;0;1;9999;9999;1;9999;0;9999;0;0;9999;9999;1;1;9999;9999;9999;0;9999;1;1;9999;0;9999;9999;9999;0;0;1;1;9999;9999;9999;0;1;1;1;9999;9999;9999;1;9999;1;0;9999;9999;1;9999;9999;0;0;1;9999;9999;0;1;9999;9999;0;1;9999;9999;1;0;9999;0;9999;0;9999;9999;0;0;9999;9999;0;1;9999
2;2051;205111;4;4;666;9999;9999;0;9999;0;0;1;9999;9999;9999;9999;9999;0;0;0;9999;9999;9999;9999;9999;0;0;0;9999;0;9999;9999;666;0;9999;0;0;9999;9999;9999;0;0;9999;9999;1;0;9999;9999;0;1;9999;9999;0;9999;0;9999;0;0;9999;9999;0;1;9999;9999;9999;0;9999;9999;9999;9999;9999;9999;9999;9999;9999;9999;9999;9999;9999;9999;9999;9999;9999;9999;9999;9999;9999;9999;9999;9999;9999;9999;9999;9999;9999;9999;9999;9999;9999;9999;9999;9999;9999;9999;9999;9999;9999;9999;9999;9999;9999;9999;9999;9999;9999;9999;9999;9999;9999;9999;9999;9999;9999;9999;9999
2;2051;205112;5;5;9999;0;9999;9999;0;666;666;9999;9999;0;9999;0;0;9999;666;9999;9999;1;0;0;9999;9999;9999;9999;9999;0;0;9999;9999;9999;0;9999;9999;0;9999;1;666;9999;0;9999;9999;666;0;0;9999;666;9999;1;9999;0;9999;9999;9999;666;0;0;9999;9999;0;9999;9999;666;0;9999;0;0;9999;9999;9999;1;0;9999;9999;9999;0;9999;0;0;9999;9999;9999;9999;1;0;1;9999;9999;1;0;0;9999;0;1;9999;0;9999;9999;0;9999;1;0;9999;9999;9999;0;9999;1;9999;1;9999;0;0;0;9999;9999;9999;1;1;9999;0;9999
2;2051;205114;6;6;9999;9999;0;0;9999;0;1;0;0;9999;9999;9999;9999;0;0;9999;0;9999;9999;9999;9999;0;9999;0;0;1;9999;0;9999;0;9999;0;9999;9999;0;9999;0;0;9999;0;9999;0;9999;9999;9999;1;0;9999;0;9999;9999;1;0;0;9999;9999;0;9999;9999;9999;0;0;666;0;9999;9999;0;9999;9999;9999;9999;0;0;1;9999;9999;666;9999;1;0;0;9999;0;9999;9999;9999;0;9999;666;9999;0;9999;0;0;9999;0;9999;9999;0;9999;0;9999;0;0;0;9999;9999;0;9999;0;1;9999;9999;9999;1;0;9999;666;0;9999;9999
2;2051;205115;9999;5;9999;9999;9999;9999;9999;9999;9999;9999;9999;9999;9999;9999;9999;9999;9999;9999;9999;9999;9999;9999;9999;9999;9999;9999;9999;9999;9999;9999;9999;9999;9999;9999;9999;9999;9999;9999;9999;9999;9999;9999;9999;9999;9999;9999;9999;9999;9999;9999;9999;9999;9999;9999;9999;9999;9999;9999;9999;9999;9999;9999;9999;9999;0;9999;0;0;9999;9999;9999;0;0;9999;9999;9999;0;9999;1;0;9999;9999;9999;0;0;0;0;9999;9999;0;0;0;9999;0;0;9999;0;9999;9999;0;9999;0;0;9999;9999;9999;0;9999;0;9999;0;9999;0;0;0;9999;9999;9999;0;0;9999;1;9999
2;2051;205116;5;5;9999;0;9999;9999;0;0;0;9999;9999;0;9999;1;1;9999;0;9999;9999;1;0;0;9999;0;9999;9999;9999;1;1;9999;9999;9999;0;9999;9999;1;9999;1;666;9999;0;9999;9999;0;0;0;9999;1;9999;1;9999;0;9999;9999;9999;0;0;0;9999;9999;0;9999;9999;0;1;9999;1;1;9999;9999;9999;1;1;9999;9999;9999;1;9999;1;0;9999;9999;9999;0;1;0;0;9999;9999;0;0;0;9999;0;0;9999;0;9999;9999;1;9999;1;1;9999;9999;9999;1;9999;0;9999;1;9999;0;0;0;9999;9999;9999;1;1;9999;1;9999
2;2051;205117;5;5;9999;0;9999;9999;666;666;666;9999;9999;0;9999;0;666;9999;666;9999;9999;0;0;666;9999;9999;9999;9999;9999;666;0;9999;9999;9999;666;9999;9999;0;9999;666;666;9999;0;9999;9999;666;0;666;9999;666;9999;0;9999;666;9999;9999;9999;666;0;0;9999;9999;0;9999;9999;666;0;9999;1;1;9999;9999;9999;1;0;9999;9999;9999;0;9999;1;1;9999;9999;9999;9999;1;0;0;9999;9999;1;0;0;9999;0;0;9999;1;9999;9999;1;9999;1;1;9999;9999;9999;1;9999;1;9999;1;9999;0;1;0;9999;9999;9999;1;0;9999;0;9999
2;2051;205118;9999;6;9999;9999;9999;9999;9999;9999;9999;9999;9999;9999;9999;9999;9999;9999;9999;9999;9999;9999;9999;9999;9999;9999;9999;9999;9999;9999;9999;9999;9999;9999;9999;9999;9999;9999;9999;9999;9999;9999;9999;9999;9999;9999;9999;9999;9999;9999;9999;9999;9999;9999;9999;9999;9999;9999;9999;9999;9999;9999;9999;9999;9999;9999;1;1;9999;9999;0;9999;9999;9999;9999;0;1;0;9999;9999;1;9999;1;0;0;9999;1;9999;9999;9999;0;9999;0;9999;0;9999;0;0;9999;0;9999;9999;0;9999;0;9999;0;0;0;9999;9999;0;9999;0;0;9999;9999;9999;0;0;9999;1;1;9999;9999
2;2051;205119;6;6;9999;9999;1;0;9999;0;0;1;0;9999;9999;9999;9999;0;0;9999;1;9999;9999;9999;9999;0;9999;1;0;1;9999;0;9999;0;9999;0;9999;9999;0;9999;0;1;9999;1;9999;1;9999;9999;9999;1;0;9999;1;9999;9999;0;0;0;9999;9999;1;9999;9999;9999;0;0;0;1;9999;9999;0;9999;9999;9999;9999;0;1;0;9999;9999;1;9999;1;1;1;9999;1;9999;9999;9999;1;9999;1;9999;0;9999;0;1;9999;0;9999;9999;0;9999;1;9999;1;1;1;9999;9999;0;9999;1;1;9999;9999;9999;1;0;9999;1;1;9999;9999
2;2051;205120;2;2;9999;0;9999;0;0;9999;9999;0;9999;0;9999;1;1;0;9999;9999;9999;1;1;1;9999;9999;9999;0;9999;9999;1;9999;9999;0;0;0;9999;0;9999;0;9999;1;0;9999;9999;9999;0;0;9999;9999;9999;0;1;1;9999;9999;0;9999;0;0;1;9999;0;9999;9999;9999;9999;9999;9999;9999;9999;9999;9999;9999;9999;9999;9999;9999;9999;9999;9999;9999;9999;9999;9999;9999;9999;9999;9999;9999;9999;9999;9999;9999;9999;9999;9999;9999;9999;9999;9999;9999;9999;9999;9999;9999;9999;9999;9999;9999;9999;9999;9999;9999;9999;9999;9999;9999;9999;9999;9999;9999;9999;9999;9999
2;2051;205121;9999;2;9999;9999;9999;9999;9999;9999;9999;9999;9999;9999;9999;9999;9999;9999;9999;9999;9999;9999;9999;9999;9999;9999;9999;9999;9999;9999;9999;9999;9999;9999;9999;9999;9999;9999;9999;9999;9999;9999;9999;9999;9999;9999;9999;9999;9999;9999;9999;9999;9999;9999;9999;9999;9999;9999;9999;9999;9999;9999;9999;9999;9999;9999;1;9999;1;9999;9999;0;1;9999;0;9999;9999;9999;9999;1;1;0;9999;9999;9999;0;0;9999;0;1;9999;1;0;9999;9999;9999;0;9999;0;9999;1;9999;9999;0;1;0;9999;9999;1;1;0;9999;9999;9999;0;0;9999;1;9999;9999;9999;0;9999;0;0
2;2052;205201;1;1;0;9999;0;9999;0;9999;9999;9999;0;9999;9999;0;0;9999;9999;0;1;9999;9999;0;9999;9999;0;9999;0;9999;9999;0;0;9999;0;9999;0;9999;1;0;9999;9999;9999;0;1;9999;0;1;0;9999;1;9999;9999;0;1;0;9999;9999;9999;0;9999;0;9999;9999;1;9999;9999;0;9999;1;9999;0;0;0;9999;0;9999;9999;0;0;9999;9999;0;0;9999;0;9999;1;9999;1;0;9999;9999;1;9999;1;9999;0;9999;9999;0;0;0;9999;9999;0;9999;9999;9999;1;9999;0;1;9999;9999;9999;1;1;1;9999;1;9999;0;9999;1
2;2052;205202;1;1;0;9999;0;9999;0;9999;9999;9999;0;9999;9999;1;1;9999;9999;0;1;9999;9999;0;9999;9999;1;9999;0;9999;9999;0;0;9999;0;9999;0;9999;0;666;9999;9999;9999;0;1;9999;0;0;0;9999;1;9999;9999;0;0;0;9999;9999;9999;1;9999;0;9999;9999;1;9999;9999;0;9999;0;9999;0;1;1;9999;0;9999;9999;0;0;9999;9999;1;1;9999;0;9999;0;9999;0;1;9999;9999;0;9999;1;9999;0;9999;9999;666;0;0;9999;9999;0;9999;9999;9999;1;9999;0;1;9999;9999;9999;0;0;0;9999;0;9999;0;9999;0
2;2052;205203;1;1;0;9999;0;9999;0;9999;9999;9999;0;9999;9999;0;1;9999;9999;0;1;9999;9999;1;9999;0;0;9999;0;9999;9999;0;0;9999;0;9999;0;9999;0;0;9999;9999;9999;1;1;9999;0;0;0;9999;0;9999;9999;0;1;0;9999;9999;9999;0;9999;1;9999;9999;1;9999;9999;1;9999;1;9999;1;0;1;9999;0;9999;9999;0;1;9999;9999;0;1;9999;0;9999;1;9999;1;0;9999;9999;0;9999;1;9999;1;9999;9999;0;1;0;9999;9999;0;9999;9999;9999;1;9999;0;1;9999;9999;9999;1;0;0;9999;1;9999;0;9999;0
2;2052;205204;1;1;0;9999;0;9999;666;9999;9999;9999;0;9999;9999;0;666;9999;9999;0;0;9999;9999;666;9999;0;1;9999;0;9999;9999;0;0;9999;666;9999;0;9999;0;666;9999;9999;9999;0;0;9999;0;666;0;9999;0;9999;9999;666;0;0;9999;9999;9999;0;9999;1;9999;9999;1;9999;9999;666;9999;0;9999;666;666;0;9999;0;9999;9999;0;666;9999;9999;1;666;9999;9999;9999;0;9999;666;666;9999;9999;0;9999;0;9999;0;9999;9999;666;0;0;9999;9999;666;9999;9999;9999;666;9999;0;0;9999;9999;9999;0;666;666;9999;0;9999;0;9999;666
2;2052;205205;2;2;9999;0;9999;0;0;9999;9999;0;9999;0;9999;0;0;0;9999;9999;9999;0;0;0;9999;9999;9999;0;9999;9999;0;9999;9999;0;0;0;9999;0;9999;0;9999;0;0;9999;9999;9999;0;1;9999;9999;9999;0;0;1;9999;9999;0;9999;0;0;1;9999;0;9999;9999;9999;0;9999;0;9999;9999;0;0;9999;1;9999;9999;9999;9999;0;0;0;9999;9999;9999;1;0;9999;1;1;9999;0;1;9999;9999;9999;0;9999;0;9999;0;9999;9999;0;0;0;9999;9999;0;1;0;9999;9999;9999;0;0;9999;1;9999;9999;9999;0;9999;1;0
2;2052;205206;2;2;9999;0;9999;0;0;9999;9999;1;9999;0;9999;0;0;0;9999;9999;9999;0;0;0;9999;9999;9999;0;9999;9999;0;9999;9999;0;0;0;9999;0;9999;0;9999;1;1;9999;9999;9999;0;1;9999;9999;9999;0;0;0;9999;9999;0;9999;0;0;0;9999;0;9999;9999;9999;0;9999;1;9999;9999;0;1;9999;1;9999;9999;9999;9999;0;0;0;9999;9999;9999;0;0;9999;0;0;9999;0;0;9999;9999;9999;0;9999;0;9999;0;9999;9999;0;0;0;9999;9999;0;1;0;9999;9999;9999;0;1;9999;0;9999;9999;9999;0;9999;1;0
2;2052;205207;2;2;9999;0;9999;0;0;9999;9999;0;9999;0;9999;0;0;0;9999;9999;9999;1;0;0;9999;9999;9999;0;9999;9999;1;9999;9999;0;1;0;9999;0;9999;1;9999;0;0;9999;9999;9999;0;0;9999;9999;9999;0;1;1;9999;9999;1;9999;0;0;0;9999;0;9999;9999;9999;0;9999;0;9999;9999;1;0;9999;0;9999;9999;9999;9999;1;0;0;9999;9999;9999;0;1;9999;0;1;9999;1;0;9999;9999;9999;0;9999;0;9999;1;9999;9999;0;0;0;9999;9999;0;0;0;9999;9999;9999;0;1;9999;1;9999;9999;9999;1;9999;0;0
2;2052;205208;2;2;9999;0;9999;0;0;9999;9999;0;9999;0;9999;0;0;0;9999;9999;9999;0;0;1;9999;9999;9999;0;9999;9999;1;9999;9999;0;1;0;9999;0;9999;0;9999;0;0;9999;9999;9999;0;0;9999;9999;9999;1;1;0;9999;9999;0;9999;0;0;1;9999;0;9999;9999;9999;0;9999;0;9999;9999;0;0;9999;0;9999;9999;9999;9999;1;0;0;9999;9999;9999;0;1;9999;0;1;9999;1;1;9999;9999;9999;0;9999;0;9999;0;9999;9999;1;1;0;9999;9999;0;0;0;9999;9999;9999;0;1;9999;0;9999;9999;9999;0;9999;1;1
2;2052;205209;1;1;0;9999;0;9999;0;9999;9999;9999;0;9999;9999;0;1;9999;9999;0;0;9999;9999;1;9999;9999;0;9999;0;9999;9999;1;0;9999;0;9999;0;9999;0;666;9999;9999;9999;0;1;9999;0;1;0;9999;0;9999;9999;0;0;0;9999;9999;9999;1;9999;1;9999;9999;0;9999;9999;1;9999;0;9999;1;1;0;9999;0;9999;9999;0;1;9999;9999;1;1;9999;0;9999;1;9999;0;0;9999;9999;1;9999;0;9999;1;9999;9999;0;0;0;9999;9999;0;9999;9999;9999;0;9999;0;1;9999;9999;9999;0;1;0;9999;0;9999;0;9999;0
2;2052;205210;3;3;0;1;0;9999;9999;9999;9999;9999;0;0;9999;9999;9999;9999;9999;0;1;1;0;9999;9999;9999;1;9999;0;9999;1;0;0;9999;9999;9999;0;0;0;9999;9999;9999;0;0;0;9999;9999;9999;0;9999;0;1;9999;9999;1;0;9999;9999;0;9999;9999;0;0;9999;1;9999;9999;9999;9999;0;0;0;0;0;9999;9999;1;0;0;0;9999;9999;9999;9999;0;9999;9999;0;9999;1;9999;9999;9999;1;1;0;9999;9999;9999;666;1;0;9999;9999;9999;0;1;1;9999;1;9999;9999;1;0;9999;9999;1;0;9999;0;1;9999;9999;9999;0
2;2052;205211;3;3;0;666;0;9999;9999;9999;9999;9999;0;0;9999;9999;9999;9999;9999;0;1;1;0;9999;9999;9999;0;9999;0;9999;1;0;1;9999;9999;9999;0;0;0;9999;9999;9999;0;1;1;9999;9999;9999;0;9999;1;0;9999;9999;0;0;9999;9999;1;9999;9999;0;0;9999;0;9999;9999;9999;9999;9999;9999;9999;9999;9999;9999;9999;9999;9999;9999;9999;9999;9999;9999;9999;9999;9999;9999;9999;9999;9999;9999;9999;9999;9999;9999;9999;9999;9999;9999;9999;9999;9999;9999;9999;9999;9999;9999;9999;9999;9999;9999;9999;9999;9999;9999;9999;9999;9999;9999;9999;9999;9999;9999;9999;9999
2;2052;205212;3;3;0;0;0;9999;9999;9999;9999;9999;0;1;9999;9999;9999;9999;9999;1;0;0;0;9999;9999;9999;0;9999;0;9999;1;1;1;9999;9999;9999;0;1;0;9999;9999;9999;0;0;0;9999;9999;9999;0;9999;1;0;9999;9999;1;0;9999;9999;0;9999;9999;1;1;9999;0;9999;9999;9999;9999;0;0;0;0;0;9999;9999;0;0;0;0;9999;9999;9999;9999;0;9999;9999;0;9999;0;9999;9999;9999;0;0;0;9999;9999;9999;0;0;1;9999;9999;9999;0;0;0;9999;0;9999;9999;0;0;9999;9999;0;0;9999;0;1;9999;9999;9999;0
2;2052;205213;3;3;0;0;0;9999;9999;9999;9999;9999;0;1;9999;9999;9999;9999;9999;1;0;0;0;9999;9999;9999;0;9999;0;9999;1;1;1;9999;9999;9999;0;1;0;9999;9999;9999;0;0;0;9999;9999;9999;0;9999;1;0;9999;9999;1;0;9999;9999;0;9999;9999;1;1;9999;0;9999;9999;9999;9999;0;0;1;0;1;9999;9999;1;1;0;0;9999;9999;9999;9999;0;0;9999;0;9999;1;9999;9999;9999;1;1;1;9999;9999;9999;1;0;0;9999;9999;9999;0;0;0;9999;1;9999;9999;1;0;9999;9999;1;1;9999;1;1;9999;9999;9999;0
2;2052;205214;4;4;0;9999;9999;0;9999;0;0;0;9999;9999;9999;9999;9999;0;0;0;9999;9999;9999;9999;9999;0;0;1;9999;0;9999;9999;0;1;9999;0;1;9999;9999;9999;0;0;9999;9999;0;0;9999;9999;0;1;9999;9999;1;9999;1;9999;0;0;9999;9999;1;0;9999;9999;9999;0;9999;9999;9999;9999;9999;9999;9999;9999;9999;9999;9999;9999;9999;9999;9999;9999;9999;9999;9999;9999;9999;9999;9999;9999;9999;9999;9999;9999;9999;9999;9999;9999;9999;9999;9999;9999;9999;9999;9999;9999;9999;9999;9999;9999;9999;9999;9999;9999;9999;9999;9999;9999;9999;9999;9999;9999;9999;9999;9999
2;2052;205215;4;4;0;9999;9999;0;9999;0;0;1;9999;9999;9999;9999;9999;0;1;0;9999;9999;9999;9999;9999;9999;1;1;9999;1;9999;9999;0;0;9999;0;0;9999;9999;9999;0;0;9999;9999;0;0;9999;9999;0;0;9999;9999;1;9999;0;9999;0;0;9999;9999;1;0;9999;9999;9999;0;9999;0;0;9999;0;9999;9999;9999;0;0;1;1;9999;9999;9999;1;1;0;1;9999;9999;9999;0;9999;1;1;9999;9999;0;9999;9999;1;1;1;9999;9999;0;0;9999;9999;0;0;9999;9999;0;1;9999;0;9999;0;9999;9999;0;1;9999;9999;0;1;9999
2;2052;205216;9999;4;9999;9999;9999;9999;9999;9999;9999;9999;9999;9999;9999;9999;9999;9999;9999;9999;9999;9999;9999;9999;9999;9999;9999;9999;9999;9999;9999;9999;9999;9999;9999;9999;9999;9999;9999;9999;9999;9999;9999;9999;9999;9999;9999;9999;9999;9999;9999;9999;9999;9999;9999;9999;9999;9999;9999;9999;9999;9999;9999;9999;9999;9999;9999;0;0;9999;0;9999;9999;9999;0;0;1;1;9999;9999;9999;0;1;1;0;9999;9999;9999;0;9999;0;0;9999;9999;0;9999;9999;1;1;1;9999;9999;0;1;9999;9999;0;0;9999;9999;1;1;9999;0;9999;1;9999;9999;0;0;9999;9999;0;1;9999
2;2052;205217;4;4;666;9999;9999;0;9999;0;0;1;9999;9999;9999;9999;9999;0;0;666;9999;9999;9999;9999;9999;0;0;9999;9999;0;9999;9999;666;0;9999;0;0;9999;9999;9999;0;0;9999;9999;0;0;9999;9999;666;0;9999;9999;1;9999;0;9999;1;0;9999;9999;0;666;9999;9999;9999;0;9999;0;1;9999;0;9999;9999;9999;0;0;0;0;9999;9999;9999;0;1;0;1;9999;9999;9999;0;9999;1;0;9999;9999;0;9999;9999;1;0;0;9999;9999;0;0;9999;9999;0;1;9999;9999;0;0;9999;0;9999;1;9999;9999;0;0;9999;9999;0;0;9999
2;2052;205218;5;5;9999;0;9999;9999;0;0;0;9999;9999;1;9999;1;1;9999;0;9999;9999;1;1;0;9999;0;9999;9999;9999;1;1;9999;9999;9999;1;9999;9999;1;9999;1;666;9999;0;9999;9999;0;1;0;9999;1;9999;0;9999;0;9999;9999;9999;0;0;0;9999;9999;0;9999;9999;0;0;9999;1;0;9999;9999;9999;0;0;9999;9999;9999;0;9999;1;1;9999;9999;9999;9999;1;1;1;9999;9999;0;1;1;9999;1;0;9999;1;9999;9999;0;9999;1;1;9999;9999;9999;0;9999;0;9999;1;9999;1;1;1;9999;9999;9999;1;1;9999;1;9999
2;2052;205219;5;5;9999;0;9999;9999;0;0;0;9999;9999;0;9999;0;1;9999;0;9999;9999;1;1;0;9999;0;9999;9999;9999;0;0;9999;9999;9999;0;9999;9999;1;9999;1;666;9999;1;9999;9999;0;1;1;9999;1;9999;0;9999;0;9999;9999;9999;0;0;0;9999;9999;0;9999;9999;0;0;9999;1;0;9999;9999;9999;0;0;9999;9999;9999;0;9999;1;1;9999;9999;9999;9999;1;1;1;9999;9999;1;1;1;9999;1;0;9999;0;9999;9999;0;9999;0;1;9999;9999;9999;0;9999;0;9999;1;9999;1;1;1;9999;9999;9999;1;1;9999;1;9999
2;2052;205220;5;5;9999;0;9999;9999;0;0;0;9999;9999;0;9999;0;1;9999;0;9999;9999;1;0;0;9999;0;9999;9999;9999;0;1;9999;9999;9999;1;9999;9999;0;9999;1;666;9999;0;9999;9999;0;1;1;9999;1;9999;0;9999;0;9999;9999;9999;0;0;0;9999;9999;0;9999;9999;0;9999;9999;9999;9999;9999;9999;9999;9999;9999;9999;9999;9999;9999;9999;9999;9999;9999;9999;9999;9999;9999;9999;9999;9999;9999;9999;9999;9999;9999;9999;9999;9999;9999;9999;9999;9999;9999;9999;9999;9999;9999;9999;9999;9999;9999;9999;9999;9999;9999;9999;9999;9999;9999;9999;9999;9999;9999;9999;9999
2;2052;205221;5;5;9999;1;9999;9999;0;0;0;9999;9999;0;9999;1;0;9999;0;9999;9999;1;0;0;9999;0;9999;9999;9999;0;1;9999;9999;9999;0;9999;9999;1;9999;1;0;9999;0;9999;9999;0;1;0;9999;1;9999;0;9999;0;9999;9999;9999;1;0;1;9999;9999;0;9999;9999;1;1;9999;1;1;9999;9999;9999;1;1;9999;9999;9999;0;9999;1;1;9999;9999;9999;9999;1;1;0;9999;9999;1;1;1;9999;1;1;9999;1;9999;9999;0;9999;1;1;9999;9999;9999;1;9999;0;9999;1;9999;1;0;1;9999;9999;9999;1;1;9999;1;9999
2;2052;205222;6;6;9999;9999;0;0;9999;0;0;1;0;9999;9999;9999;9999;0;0;9999;0;9999;9999;9999;9999;0;9999;0;0;1;9999;0;9999;1;9999;1;9999;9999;0;9999;0;0;9999;1;9999;1;9999;9999;9999;0;0;9999;1;9999;9999;0;0;0;9999;9999;0;9999;9999;9999;0;0;0;1;9999;9999;0;9999;9999;9999;9999;0;0;0;9999;9999;0;9999;0;1;0;9999;0;9999;9999;9999;1;9999;0;9999;1;9999;0;0;9999;1;9999;9999;0;9999;0;9999;0;0;0;9999;9999;1;9999;0;0;9999;9999;9999;0;0;9999;1;0;9999;9999
2;2052;205223;6;6;9999;9999;0;0;9999;0;0;0;0;9999;9999;9999;9999;0;1;9999;0;9999;9999;9999;9999;0;9999;0;0;1;9999;0;9999;1;9999;0;9999;9999;0;9999;0;0;9999;1;9999;1;9999;9999;9999;1;0;9999;1;9999;9999;0;0;0;9999;9999;0;9999;9999;9999;0;0;0;1;9999;9999;0;9999;9999;9999;9999;0;1;0;9999;9999;0;9999;1;1;1;9999;1;9999;9999;9999;1;9999;1;9999;1;9999;0;0;9999;0;9999;9999;0;9999;1;9999;0;0;0;9999;9999;0;9999;1;0;9999;9999;9999;0;0;9999;1;0;9999;9999
2;2052;205224;6;6;9999;9999;0;0;9999;0;0;0;0;9999;9999;9999;9999;0;0;9999;0;9999;9999;9999;9999;0;9999;0;0;1;9999;0;9999;0;9999;0;9999;9999;0;9999;0;0;9999;0;9999;0;9999;9999;9999;1;0;9999;0;9999;9999;0;0;0;9999;9999;1;9999;9999;9999;0;0;0;0;9999;9999;0;9999;9999;9999;9999;0;0;0;9999;9999;0;9999;1;1;1;9999;1;9999;9999;9999;0;9999;0;9999;1;9999;0;1;9999;1;9999;9999;1;9999;0;9999;0;1;0;9999;9999;1;9999;0;0;9999;9999;9999;0;1;9999;0;0;9999;9999
2;2052;205225;6;6;9999;9999;1;0;9999;0;0;1;0;9999;9999;9999;9999;0;0;9999;0;9999;9999;9999;9999;9999;9999;1;666;1;9999;666;9999;0;9999;1;9999;9999;0;9999;0;0;9999;0;9999;1;9999;9999;9999;1;666;9999;1;9999;9999;666;1;0;9999;9999;1;9999;9999;9999;0;0;0;1;9999;9999;0;9999;9999;9999;9999;0;1;1;9999;9999;1;9999;0;1;1;9999;1;9999;9999;9999;1;9999;1;9999;0;9999;0;1;9999;0;9999;9999;1;9999;1;9999;1;1;0;9999;9999;0;9999;0;1;9999;9999;9999;1;1;9999;1;0;9999;9999
2;2052;205240;9999;6;9999;9999;9999;9999;9999;9999;9999;9999;9999;9999;9999;9999;9999;9999;9999;9999;9999;9999;9999;9999;9999;9999;9999;9999;9999;9999;9999;9999;9999;9999;9999;9999;9999;9999;9999;9999;9999;9999;9999;9999;9999;9999;9999;9999;9999;9999;9999;9999;9999;9999;9999;9999;9999;9999;9999;9999;9999;9999;9999;9999;9999;9999;666;0;9999;9999;0;9999;9999;9999;9999;0;0;0;9999;9999;0;9999;1;0;0;9999;1;9999;9999;9999;1;9999;666;9999;0;9999;0;0;9999;0;9999;9999;0;9999;1;9999;0;0;0;9999;9999;1;9999;0;0;9999;9999;9999;0;1;9999;0;0;9999;9999
2;2061;206101;4;9999;666;9999;9999;0;9999;0;0;0;9999;9999;9999;9999;9999;1;0;666;9999;9999;9999;9999;9999;0;0;0;9999;1;9999;9999;666;0;9999;0;0;9999;9999;9999;0;1;9999;9999;0;0;9999;9999;666;0;9999;9999;1;9999;0;9999;0;0;9999;9999;0;666;9999;9999;9999;1;9999;9999;9999;9999;9999;9999;9999;9999;9999;9999;9999;9999;9999;9999;9999;9999;9999;9999;9999;9999;9999;9999;9999;9999;9999;9999;9999;9999;9999;9999;9999;9999;9999;9999;9999;9999;9999;9999;9999;9999;9999;9999;9999;9999;9999;9999;9999;9999;9999;9999;9999;9999;9999;9999;9999;9999;9999;9999;9999
2;2061;206102;5;9999;9999;0;9999;9999;0;0;0;9999;9999;0;9999;1;0;9999;0;9999;9999;0;0;0;9999;0;9999;9999;9999;1;1;9999;9999;9999;1;9999;9999;0;9999;0;0;9999;0;9999;9999;0;0;0;9999;0;9999;1;9999;0;9999;9999;9999;0;0;0;9999;9999;0;9999;9999;0;9999;9999;9999;9999;9999;9999;9999;9999;9999;9999;9999;9999;9999;9999;9999;9999;9999;9999;9999;9999;9999;9999;9999;9999;9999;9999;9999;9999;9999;9999;9999;9999;9999;9999;9999;9999;9999;9999;9999;9999;9999;9999;9999;9999;9999;9999;9999;9999;9999;9999;9999;9999;9999;9999;9999;9999;9999;9999;9999
2;2061;206103;6;9999;9999;9999;0;0;9999;0;0;1;0;9999;9999;9999;9999;1;0;9999;0;9999;9999;9999;9999;0;9999;0;0;0;9999;0;9999;0;9999;0;9999;9999;0;9999;0;0;9999;0;9999;1;9999;9999;9999;1;0;9999;0;9999;9999;0;0;0;9999;9999;1;9999;9999;9999;0;0;9999;9999;9999;9999;9999;9999;9999;9999;9999;9999;9999;9999;9999;9999;9999;9999;9999;9999;9999;9999;9999;9999;9999;9999;9999;9999;9999;9999;9999;9999;9999;9999;9999;9999;9999;9999;9999;9999;9999;9999;9999;9999;9999;9999;9999;9999;9999;9999;9999;9999;9999;9999;9999;9999;9999;9999;9999;9999;9999
2;2061;206104;5;9999;9999;0;9999;9999;0;0;0;9999;9999;0;9999;0;1;9999;0;9999;9999;1;1;0;9999;9999;9999;9999;9999;1;0;9999;9999;9999;0;9999;9999;1;9999;0;666;9999;0;9999;9999;0;0;0;9999;1;9999;1;9999;0;9999;9999;9999;0;0;0;9999;9999;0;9999;9999;0;9999;9999;9999;9999;9999;9999;9999;9999;9999;9999;9999;9999;9999;9999;9999;9999;9999;9999;9999;9999;9999;9999;9999;9999;9999;9999;9999;9999;9999;9999;9999;9999;9999;9999;9999;9999;9999;9999;9999;9999;9999;9999;9999;9999;9999;9999;9999;9999;9999;9999;9999;9999;9999;9999;9999;9999;9999;9999;9999
2;2061;206105;4;9999;0;9999;9999;0;9999;0;0;1;9999;9999;9999;9999;9999;0;0;0;9999;9999;9999;9999;9999;0;1;0;9999;1;9999;9999;0;0;9999;0;0;9999;9999;9999;0;0;9999;9999;1;1;9999;9999;0;0;9999;9999;0;9999;0;9999;0;0;9999;9999;0;1;9999;9999;9999;0;9999;9999;9999;9999;9999;9999;9999;9999;9999;9999;9999;9999;9999;9999;9999;9999;9999;9999;9999;9999;9999;9999;9999;9999;9999;9999;9999;9999;9999;9999;9999;9999;9999;9999;9999;9999;9999;9999;9999;9999;9999;9999;9999;9999;9999;9999;9999;9999;9999;9999;9999;9999;9999;9999;9999;9999;9999;9999;9999
2;2061;206106;4;9999;1;9999;9999;0;9999;0;0;1;9999;9999;9999;9999;9999;1;0;0;9999;9999;9999;9999;9999;0;1;0;9999;1;9999;9999;0;0;9999;0;0;9999;9999;9999;0;0;9999;9999;1;1;9999;9999;0;1;9999;9999;0;9999;0;9999;1;0;9999;9999;0;1;9999;9999;9999;0;9999;9999;9999;9999;9999;9999;9999;9999;9999;9999;9999;9999;9999;9999;9999;9999;9999;9999;9999;9999;9999;9999;9999;9999;9999;9999;9999;9999;9999;9999;9999;9999;9999;9999;9999;9999;9999;9999;9999;9999;9999;9999;9999;9999;9999;9999;9999;9999;9999;9999;9999;9999;9999;9999;9999;9999;9999;9999;9999
2;2061;206107;4;9999;0;9999;9999;0;9999;0;0;1;9999;9999;9999;9999;9999;0;0;0;9999;9999;9999;9999;9999;0;1;0;9999;1;9999;9999;0;0;9999;0;0;9999;9999;9999;0;0;9999;9999;1;0;9999;9999;0;1;9999;9999;1;9999;0;9999;0;0;9999;9999;0;0;9999;9999;9999;0;9999;9999;9999;9999;9999;9999;9999;9999;9999;9999;9999;9999;9999;9999;9999;9999;9999;9999;9999;9999;9999;9999;9999;9999;9999;9999;9999;9999;9999;9999;9999;9999;9999;9999;9999;9999;9999;9999;9999;9999;9999;9999;9999;9999;9999;9999;9999;9999;9999;9999;9999;9999;9999;9999;9999;9999;9999;9999;9999
2;2061;206108;6;9999;9999;9999;1;0;9999;0;1;0;0;9999;9999;9999;9999;0;0;9999;1;9999;9999;9999;9999;0;9999;0;0;0;9999;0;9999;0;9999;0;9999;9999;0;9999;0;0;9999;1;9999;0;9999;9999;9999;1;1;9999;1;9999;9999;1;0;0;9999;9999;1;9999;9999;9999;1;0;9999;9999;9999;9999;9999;9999;9999;9999;9999;9999;9999;9999;9999;9999;9999;9999;9999;9999;9999;9999;9999;9999;9999;9999;9999;9999;9999;9999;9999;9999;9999;9999;9999;9999;9999;9999;9999;9999;9999;9999;9999;9999;9999;9999;9999;9999;9999;9999;9999;9999;9999;9999;9999;9999;9999;9999;9999;9999;9999
2;2061;206109;6;9999;9999;9999;1;0;9999;0;0;1;0;9999;9999;9999;9999;0;0;9999;0;9999;9999;9999;9999;0;9999;0;0;1;9999;1;9999;1;9999;0;9999;9999;0;9999;0;0;9999;1;9999;1;9999;9999;9999;1;1;9999;1;9999;9999;0;1;1;9999;9999;1;9999;9999;9999;1;1;9999;9999;9999;9999;9999;9999;9999;9999;9999;9999;9999;9999;9999;9999;9999;9999;9999;9999;9999;9999;9999;9999;9999;9999;9999;9999;9999;9999;9999;9999;9999;9999;9999;9999;9999;9999;9999;9999;9999;9999;9999;9999;9999;9999;9999;9999;9999;9999;9999;9999;9999;9999;9999;9999;9999;9999;9999;9999;9999
2;2061;206112;1;9999;0;9999;0;9999;0;9999;9999;9999;0;9999;9999;0;0;9999;9999;0;0;9999;9999;0;9999;9999;0;9999;0;9999;9999;0;0;9999;0;9999;1;9999;0;666;9999;9999;9999;0;0;9999;0;0;0;9999;0;9999;9999;0;0;0;9999;9999;9999;0;9999;0;9999;9999;0;9999;9999;9999;9999;9999;9999;9999;9999;9999;9999;9999;9999;9999;9999;9999;9999;9999;9999;9999;9999;9999;9999;9999;9999;9999;9999;9999;9999;9999;9999;9999;9999;9999;9999;9999;9999;9999;9999;9999;9999;9999;9999;9999;9999;9999;9999;9999;9999;9999;9999;9999;9999;9999;9999;9999;9999;9999;9999;9999;9999
2;2061;206113;5;9999;9999;0;9999;9999;0;666;666;9999;9999;0;9999;0;0;9999;666;9999;9999;1;1;0;9999;0;9999;9999;9999;1;1;9999;9999;9999;0;9999;9999;0;9999;0;666;9999;0;9999;9999;0;0;1;9999;666;9999;0;9999;1;9999;9999;9999;666;0;0;9999;9999;0;9999;9999;0;9999;9999;9999;9999;9999;9999;9999;9999;9999;9999;9999;9999;9999;9999;9999;9999;9999;9999;9999;9999;9999;9999;9999;9999;9999;9999;9999;9999;9999;9999;9999;9999;9999;9999;9999;9999;9999;9999;9999;9999;9999;9999;9999;9999;9999;9999;9999;9999;9999;9999;9999;9999;9999;9999;9999;9999;9999;9999;9999
2;2061;206114;3;9999;0;666;0;9999;9999;9999;9999;9999;0;0;9999;9999;9999;9999;9999;0;1;666;666;9999;9999;0;1;9999;0;9999;666;0;0;9999;9999;9999;1;666;0;9999;9999;9999;666;0;0;9999;9999;9999;0;9999;1;666;9999;9999;1;0;9999;9999;666;9999;9999;0;0;9999;1;9999;9999;9999;9999;9999;9999;9999;9999;9999;9999;9999;9999;9999;9999;9999;9999;9999;9999;9999;9999;9999;9999;9999;9999;9999;9999;9999;9999;9999;9999;9999;9999;9999;9999;9999;9999;9999;9999;9999;9999;9999;9999;9999;9999;9999;9999;9999;9999;9999;9999;9999;9999;9999;9999;9999;9999;9999;9999;9999;9999
2;2061;206115;1;9999;1;9999;0;9999;0;9999;9999;9999;0;9999;9999;0;0;9999;9999;0;0;9999;9999;1;9999;9999;0;9999;0;9999;9999;0;0;9999;0;9999;0;9999;0;0;9999;9999;9999;0;0;9999;0;1;0;9999;0;9999;9999;1;0;0;9999;9999;9999;0;9999;0;9999;9999;0;9999;9999;9999;9999;9999;9999;9999;9999;9999;9999;9999;9999;9999;9999;9999;9999;9999;9999;9999;9999;9999;9999;9999;9999;9999;9999;9999;9999;9999;9999;9999;9999;9999;9999;9999;9999;9999;9999;9999;9999;9999;9999;9999;9999;9999;9999;9999;9999;9999;9999;9999;9999;9999;9999;9999;9999;9999;9999;9999;9999
2;2061;206116;1;9999;1;9999;0;9999;0;9999;9999;9999;0;9999;9999;0;0;9999;9999;0;0;9999;9999;1;9999;0;1;9999;0;9999;9999;0;0;9999;1;9999;0;9999;0;0;9999;9999;9999;0;0;9999;0;0;0;9999;0;9999;9999;0;1;1;9999;9999;9999;0;9999;0;9999;9999;0;9999;9999;9999;9999;9999;9999;9999;9999;9999;9999;9999;9999;9999;9999;9999;9999;9999;9999;9999;9999;9999;9999;9999;9999;9999;9999;9999;9999;9999;9999;9999;9999;9999;9999;9999;9999;9999;9999;9999;9999;9999;9999;9999;9999;9999;9999;9999;9999;9999;9999;9999;9999;9999;9999;9999;9999;9999;9999;9999;9999
2;2061;206117;1;9999;1;9999;0;9999;0;9999;9999;9999;0;9999;9999;0;0;9999;9999;0;0;9999;9999;1;9999;9999;0;9999;0;9999;9999;0;0;9999;0;9999;0;9999;0;666;9999;9999;9999;0;0;9999;0;1;0;9999;0;9999;9999;0;1;1;9999;9999;9999;0;9999;0;9999;9999;0;9999;9999;9999;9999;9999;9999;9999;9999;9999;9999;9999;9999;9999;9999;9999;9999;9999;9999;9999;9999;9999;9999;9999;9999;9999;9999;9999;9999;9999;9999;9999;9999;9999;9999;9999;9999;9999;9999;9999;9999;9999;9999;9999;9999;9999;9999;9999;9999;9999;9999;9999;9999;9999;9999;9999;9999;9999;9999;9999;9999
2;2061;206118;5;9999;9999;0;9999;9999;0;0;1;9999;9999;0;9999;0;0;9999;0;9999;9999;0;0;0;9999;0;9999;9999;9999;1;0;9999;9999;9999;0;9999;9999;0;9999;0;666;9999;0;9999;9999;0;0;0;9999;0;9999;1;9999;0;9999;9999;9999;0;0;0;9999;9999;0;9999;9999;0;9999;9999;9999;9999;9999;9999;9999;9999;9999;9999;9999;9999;9999;9999;9999;9999;9999;9999;9999;9999;9999;9999;9999;9999;9999;9999;9999;9999;9999;9999;9999;9999;9999;9999;9999;9999;9999;9999;9999;9999;9999;9999;9999;9999;9999;9999;9999;9999;9999;9999;9999;9999;9999;9999;9999;9999;9999;9999;9999
2;2061;206120;3;9999;1;1;0;9999;9999;9999;9999;9999;0;0;9999;9999;9999;9999;9999;0;0;1;1;9999;9999;9999;0;9999;0;9999;0;0;0;9999;9999;9999;0;0;0;9999;9999;9999;0;1;0;9999;9999;9999;0;9999;1;0;9999;9999;1;1;9999;9999;0;9999;9999;0;0;9999;0;9999;9999;9999;9999;9999;9999;9999;9999;9999;9999;9999;9999;9999;9999;9999;9999;9999;9999;9999;9999;9999;9999;9999;9999;9999;9999;9999;9999;9999;9999;9999;9999;9999;9999;9999;9999;9999;9999;9999;9999;9999;9999;9999;9999;9999;9999;9999;9999;9999;9999;9999;9999;9999;9999;9999;9999;9999;9999;9999;9999
2;2061;206121;3;9999;1;0;0;9999;9999;9999;9999;9999;0;0;9999;9999;9999;9999;9999;0;1;1;1;9999;9999;9999;1;9999;0;9999;0;0;0;9999;9999;9999;0;0;0;9999;9999;9999;0;1;1;9999;9999;9999;0;9999;1;0;9999;9999;1;1;9999;9999;0;9999;9999;0;1;9999;1;9999;9999;9999;9999;9999;9999;9999;9999;9999;9999;9999;9999;9999;9999;9999;9999;9999;9999;9999;9999;9999;9999;9999;9999;9999;9999;9999;9999;9999;9999;9999;9999;9999;9999;9999;9999;9999;9999;9999;9999;9999;9999;9999;9999;9999;9999;9999;9999;9999;9999;9999;9999;9999;9999;9999;9999;9999;9999;9999;9999
2;2062;206201;1;9999;0;9999;0;9999;0;9999;9999;9999;0;9999;9999;0;0;9999;9999;0;0;9999;9999;0;9999;9999;0;9999;0;9999;9999;0;0;9999;1;9999;0;9999;1;0;9999;9999;9999;1;0;9999;0;0;0;9999;0;9999;9999;0;0;0;9999;9999;9999;0;9999;1;9999;9999;1;9999;9999;9999;9999;9999;9999;9999;9999;9999;9999;9999;9999;9999;9999;9999;9999;9999;9999;9999;9999;9999;9999;9999;9999;9999;9999;9999;9999;9999;9999;9999;9999;9999;9999;9999;9999;9999;9999;9999;9999;9999;9999;9999;9999;9999;9999;9999;9999;9999;9999;9999;9999;9999;9999;9999;9999;9999;9999;9999;9999
2;2062;206202;1;9999;0;9999;0;9999;0;9999;9999;9999;0;9999;9999;0;1;9999;9999;0;1;9999;9999;0;9999;9999;0;9999;0;9999;9999;1;1;9999;0;9999;0;9999;0;666;9999;9999;9999;0;0;9999;0;0;0;9999;0;9999;9999;0;0;0;9999;9999;9999;0;9999;1;9999;9999;1;9999;9999;9999;9999;9999;9999;9999;9999;9999;9999;9999;9999;9999;9999;9999;9999;9999;9999;9999;9999;9999;9999;9999;9999;9999;9999;9999;9999;9999;9999;9999;9999;9999;9999;9999;9999;9999;9999;9999;9999;9999;9999;9999;9999;9999;9999;9999;9999;9999;9999;9999;9999;9999;9999;9999;9999;9999;9999;9999;9999
2;2062;206203;1;9999;1;9999;0;9999;0;9999;9999;9999;0;9999;9999;0;0;9999;9999;0;0;9999;9999;0;9999;0;0;9999;0;9999;9999;0;0;9999;0;9999;0;9999;0;666;9999;9999;9999;1;0;9999;0;0;0;9999;0;9999;9999;1;0;0;9999;9999;9999;0;9999;0;9999;9999;0;9999;9999;9999;9999;9999;9999;9999;9999;9999;9999;9999;9999;9999;9999;9999;9999;9999;9999;9999;9999;9999;9999;9999;9999;9999;9999;9999;9999;9999;9999;9999;9999;9999;9999;9999;9999;9999;9999;9999;9999;9999;9999;9999;9999;9999;9999;9999;9999;9999;9999;9999;9999;9999;9999;9999;9999;9999;9999;9999;9999
2;2062;206204;2;9999;9999;0;9999;666;0;9999;9999;0;9999;0;9999;0;0;666;9999;9999;9999;1;0;0;9999;9999;9999;0;9999;9999;0;9999;9999;0;0;0;9999;0;9999;0;9999;0;0;9999;9999;9999;0;0;9999;9999;9999;0;1;0;9999;9999;0;9999;0;1;0;9999;0;9999;9999;9999;9999;9999;9999;9999;9999;9999;9999;9999;9999;9999;9999;9999;9999;9999;9999;9999;9999;9999;9999;9999;9999;9999;9999;9999;9999;9999;9999;9999;9999;9999;9999;9999;9999;9999;9999;9999;9999;9999;9999;9999;9999;9999;9999;9999;9999;9999;9999;9999;9999;9999;9999;9999;9999;9999;9999;9999;9999;9999;9999
2;2062;206205;2;9999;9999;0;9999;0;0;9999;9999;0;9999;0;9999;0;0;0;9999;9999;9999;1;0;1;9999;9999;9999;0;9999;9999;0;9999;9999;0;0;0;9999;0;9999;0;9999;0;1;9999;9999;9999;0;0;9999;9999;9999;0;0;0;9999;9999;0;9999;0;0;0;9999;0;9999;9999;9999;9999;9999;9999;9999;9999;9999;9999;9999;9999;9999;9999;9999;9999;9999;9999;9999;9999;9999;9999;9999;9999;9999;9999;9999;9999;9999;9999;9999;9999;9999;9999;9999;9999;9999;9999;9999;9999;9999;9999;9999;9999;9999;9999;9999;9999;9999;9999;9999;9999;9999;9999;9999;9999;9999;9999;9999;9999;9999;9999
2;2062;206206;2;9999;9999;1;9999;0;0;9999;9999;1;9999;0;9999;0;0;0;9999;9999;9999;1;0;1;9999;9999;9999;0;9999;9999;0;9999;9999;0;0;0;9999;1;9999;0;9999;1;0;9999;9999;9999;0;0;9999;9999;9999;0;1;0;9999;9999;0;9999;0;1;0;9999;0;9999;9999;9999;9999;9999;9999;9999;9999;9999;9999;9999;9999;9999;9999;9999;9999;9999;9999;9999;9999;9999;9999;9999;9999;9999;9999;9999;9999;9999;9999;9999;9999;9999;9999;9999;9999;9999;9999;9999;9999;9999;9999;9999;9999;9999;9999;9999;9999;9999;9999;9999;9999;9999;9999;9999;9999;9999;9999;9999;9999;9999;9999
2;2062;206207;2;9999;9999;1;9999;0;0;9999;9999;0;9999;0;9999;0;0;0;9999;9999;9999;1;0;1;9999;9999;9999;0;9999;9999;0;9999;9999;0;1;0;9999;0;9999;0;9999;0;0;9999;9999;9999;0;0;9999;9999;9999;1;1;0;9999;9999;1;9999;0;0;0;9999;0;9999;9999;9999;9999;9999;9999;9999;9999;9999;9999;9999;9999;9999;9999;9999;9999;9999;9999;9999;9999;9999;9999;9999;9999;9999;9999;9999;9999;9999;9999;9999;9999;9999;9999;9999;9999;9999;9999;9999;9999;9999;9999;9999;9999;9999;9999;9999;9999;9999;9999;9999;9999;9999;9999;9999;9999;9999;9999;9999;9999;9999;9999
2;2062;206208;5;9999;9999;0;9999;9999;0;0;0;9999;9999;1;9999;0;0;9999;0;9999;9999;0;0;0;9999;0;9999;9999;9999;1;1;9999;9999;9999;0;9999;9999;0;9999;0;0;9999;0;9999;9999;0;0;0;9999;1;9999;1;9999;0;9999;9999;9999;0;0;0;9999;9999;0;9999;9999;0;9999;9999;9999;9999;9999;9999;9999;9999;9999;9999;9999;9999;9999;9999;9999;9999;9999;9999;9999;9999;9999;9999;9999;9999;9999;9999;9999;9999;9999;9999;9999;9999;9999;9999;9999;9999;9999;9999;9999;9999;9999;9999;9999;9999;9999;9999;9999;9999;9999;9999;9999;9999;9999;9999;9999;9999;9999;9999;9999
2;2062;206209;4;9999;1;9999;9999;0;9999;0;0;0;9999;9999;9999;9999;9999;0;0;0;9999;9999;9999;9999;9999;9999;1;0;9999;0;9999;9999;0;0;9999;0;0;9999;9999;9999;0;0;9999;9999;1;0;9999;9999;0;1;9999;9999;1;9999;0;9999;1;0;9999;9999;0;1;9999;9999;9999;0;9999;9999;9999;9999;9999;9999;9999;9999;9999;9999;9999;9999;9999;9999;9999;9999;9999;9999;9999;9999;9999;9999;9999;9999;9999;9999;9999;9999;9999;9999;9999;9999;9999;9999;9999;9999;9999;9999;9999;9999;9999;9999;9999;9999;9999;9999;9999;9999;9999;9999;9999;9999;9999;9999;9999;9999;9999;9999;9999
2;2062;206211;4;9999;0;9999;9999;0;9999;0;0;0;9999;9999;9999;9999;9999;0;0;0;9999;9999;9999;9999;9999;0;1;0;9999;0;9999;9999;0;0;9999;0;0;9999;9999;9999;0;0;9999;9999;0;0;9999;9999;0;1;9999;9999;1;9999;0;9999;0;0;9999;9999;0;1;9999;9999;9999;1;9999;9999;9999;9999;9999;9999;9999;9999;9999;9999;9999;9999;9999;9999;9999;9999;9999;9999;9999;9999;9999;9999;9999;9999;9999;9999;9999;9999;9999;9999;9999;9999;9999;9999;9999;9999;9999;9999;9999;9999;9999;9999;9999;9999;9999;9999;9999;9999;9999;9999;9999;9999;9999;9999;9999;9999;9999;9999;9999
2;2062;206212;3;9999;0;0;0;9999;9999;9999;9999;9999;0;0;9999;9999;9999;9999;9999;0;0;0;0;9999;9999;9999;1;9999;0;9999;1;1;0;9999;9999;9999;0;1;0;9999;9999;9999;0;0;0;9999;9999;9999;0;9999;1;1;9999;9999;1;0;9999;9999;0;9999;9999;0;0;9999;0;9999;9999;9999;9999;9999;9999;9999;9999;9999;9999;9999;9999;9999;9999;9999;9999;9999;9999;9999;9999;9999;9999;9999;9999;9999;9999;9999;9999;9999;9999;9999;9999;9999;9999;9999;9999;9999;9999;9999;9999;9999;9999;9999;9999;9999;9999;9999;9999;9999;9999;9999;9999;9999;9999;9999;9999;9999;9999;9999;9999
2;2062;206213;6;9999;9999;9999;1;0;9999;0;0;1;0;9999;9999;9999;9999;0;0;9999;0;9999;9999;9999;9999;0;9999;0;0;1;9999;1;9999;0;9999;0;9999;9999;0;9999;0;1;9999;0;9999;0;9999;9999;9999;0;0;9999;0;9999;9999;0;0;0;9999;9999;1;9999;9999;9999;0;0;9999;9999;9999;9999;9999;9999;9999;9999;9999;9999;9999;9999;9999;9999;9999;9999;9999;9999;9999;9999;9999;9999;9999;9999;9999;9999;9999;9999;9999;9999;9999;9999;9999;9999;9999;9999;9999;9999;9999;9999;9999;9999;9999;9999;9999;9999;9999;9999;9999;9999;9999;9999;9999;9999;9999;9999;9999;9999;9999
2;2062;206214;6;9999;9999;9999;1;0;9999;0;0;1;0;9999;9999;9999;9999;0;1;9999;1;9999;9999;9999;9999;0;9999;1;0;1;9999;1;9999;0;9999;0;9999;9999;0;9999;0;0;9999;0;9999;0;9999;9999;9999;1;1;9999;1;9999;9999;0;0;0;9999;9999;0;9999;9999;9999;0;1;9999;9999;9999;9999;9999;9999;9999;9999;9999;9999;9999;9999;9999;9999;9999;9999;9999;9999;9999;9999;9999;9999;9999;9999;9999;9999;9999;9999;9999;9999;9999;9999;9999;9999;9999;9999;9999;9999;9999;9999;9999;9999;9999;9999;9999;9999;9999;9999;9999;9999;9999;9999;9999;9999;9999;9999;9999;9999;9999
2;2062;206215;6;9999;9999;9999;1;0;9999;0;0;0;0;9999;9999;9999;9999;0;0;9999;0;9999;9999;9999;9999;0;9999;0;0;1;9999;1;9999;0;9999;0;9999;9999;0;9999;0;0;9999;0;9999;0;9999;9999;9999;0;1;9999;0;9999;9999;0;0;0;9999;9999;0;9999;9999;9999;0;0;9999;9999;9999;9999;9999;9999;9999;9999;9999;9999;9999;9999;9999;9999;9999;9999;9999;9999;9999;9999;9999;9999;9999;9999;9999;9999;9999;9999;9999;9999;9999;9999;9999;9999;9999;9999;9999;9999;9999;9999;9999;9999;9999;9999;9999;9999;9999;9999;9999;9999;9999;9999;9999;9999;9999;9999;9999;9999;9999
2;2062;206216;5;9999;9999;1;9999;9999;0;0;0;9999;9999;1;9999;0;0;9999;0;9999;9999;0;0;0;9999;0;9999;9999;9999;1;0;9999;9999;9999;0;9999;9999;1;9999;0;0;9999;0;9999;9999;0;0;1;9999;0;9999;1;9999;0;9999;9999;9999;0;0;0;9999;9999;0;9999;9999;0;9999;9999;9999;9999;9999;9999;9999;9999;9999;9999;9999;9999;9999;9999;9999;9999;9999;9999;9999;9999;9999;9999;9999;9999;9999;9999;9999;9999;9999;9999;9999;9999;9999;9999;9999;9999;9999;9999;9999;9999;9999;9999;9999;9999;9999;9999;9999;9999;9999;9999;9999;9999;9999;9999;9999;9999;9999;9999;9999
2;2062;206217;5;9999;9999;1;9999;9999;0;0;0;9999;9999;0;9999;0;0;9999;0;9999;9999;0;1;0;9999;0;9999;9999;9999;1;1;9999;9999;9999;0;9999;9999;1;9999;1;666;9999;0;9999;9999;0;0;1;9999;0;9999;1;9999;0;9999;9999;9999;1;0;0;9999;9999;0;9999;9999;0;9999;9999;9999;9999;9999;9999;9999;9999;9999;9999;9999;9999;9999;9999;9999;9999;9999;9999;9999;9999;9999;9999;9999;9999;9999;9999;9999;9999;9999;9999;9999;9999;9999;9999;9999;9999;9999;9999;9999;9999;9999;9999;9999;9999;9999;9999;9999;9999;9999;9999;9999;9999;9999;9999;9999;9999;9999;9999;9999
2;2062;206218;5;9999;9999;0;9999;9999;0;0;0;9999;9999;0;9999;1;0;9999;0;9999;9999;1;0;0;9999;9999;9999;9999;9999;0;0;9999;9999;9999;0;9999;9999;1;9999;0;666;9999;0;9999;9999;0;0;0;9999;1;9999;0;9999;0;9999;9999;9999;0;0;0;9999;9999;0;9999;9999;0;9999;9999;9999;9999;9999;9999;9999;9999;9999;9999;9999;9999;9999;9999;9999;9999;9999;9999;9999;9999;9999;9999;9999;9999;9999;9999;9999;9999;9999;9999;9999;9999;9999;9999;9999;9999;9999;9999;9999;9999;9999;9999;9999;9999;9999;9999;9999;9999;9999;9999;9999;9999;9999;9999;9999;9999;9999;9999;9999
2;2062;206219;3;9999;0;0;0;9999;9999;9999;9999;9999;0;0;9999;9999;9999;9999;9999;0;0;0;0;9999;9999;0;1;9999;0;9999;0;0;0;9999;9999;9999;1;0;0;9999;9999;9999;0;0;1;9999;9999;9999;0;9999;1;0;9999;9999;1;0;9999;9999;0;9999;9999;1;0;9999;1;9999;9999;9999;9999;9999;9999;9999;9999;9999;9999;9999;9999;9999;9999;9999;9999;9999;9999;9999;9999;9999;9999;9999;9999;9999;9999;9999;9999;9999;9999;9999;9999;9999;9999;9999;9999;9999;9999;9999;9999;9999;9999;9999;9999;9999;9999;9999;9999;9999;9999;9999;9999;9999;9999;9999;9999;9999;9999;9999;9999
2;2062;206220;3;9999;1;1;0;9999;9999;9999;9999;9999;0;0;9999;9999;9999;9999;9999;0;0;0;1;9999;9999;0;1;9999;0;9999;0;0;0;9999;9999;9999;0;0;0;9999;9999;9999;0;0;0;9999;9999;9999;0;9999;1;0;9999;9999;0;0;9999;9999;0;9999;9999;0;0;9999;1;9999;9999;9999;9999;9999;9999;9999;9999;9999;9999;9999;9999;9999;9999;9999;9999;9999;9999;9999;9999;9999;9999;9999;9999;9999;9999;9999;9999;9999;9999;9999;9999;9999;9999;9999;9999;9999;9999;9999;9999;9999;9999;9999;9999;9999;9999;9999;9999;9999;9999;9999;9999;9999;9999;9999;9999;9999;9999;9999;9999
2;2062;206221;3;9999;0;1;0;9999;9999;9999;9999;9999;0;0;9999;9999;9999;9999;9999;0;0;1;0;9999;9999;9999;0;9999;0;9999;0;0;0;9999;9999;9999;0;1;0;9999;9999;9999;0;0;1;9999;9999;9999;0;9999;0;0;9999;9999;0;1;9999;9999;0;9999;9999;0;0;9999;0;9999;9999;9999;9999;9999;9999;9999;9999;9999;9999;9999;9999;9999;9999;9999;9999;9999;9999;9999;9999;9999;9999;9999;9999;9999;9999;9999;9999;9999;9999;9999;9999;9999;9999;9999;9999;9999;9999;9999;9999;9999;9999;9999;9999;9999;9999;9999;9999;9999;9999;9999;9999;9999;9999;9999;9999;9999;9999;9999;9999
2;2071;207103;5;5;9999;0;9999;9999;0;0;0;9999;9999;0;9999;1;1;9999;0;9999;9999;0;0;1;9999;0;9999;9999;9999;1;0;9999;9999;9999;1;9999;9999;0;9999;1;666;9999;0;9999;9999;0;0;0;9999;1;9999;0;9999;0;9999;9999;9999;0;0;0;9999;9999;0;9999;9999;0;666;9999;1;666;9999;9999;9999;666;0;9999;9999;9999;666;9999;666;0;9999;9999;9999;9999;0;666;1;9999;9999;0;666;666;9999;666;666;9999;1;9999;9999;666;9999;1;0;9999;9999;9999;666;9999;1;9999;666;9999;0;0;666;9999;9999;9999;666;666;9999;0;9999
2;2071;207104;6;6;9999;9999;0;0;9999;0;0;1;1;9999;9999;9999;9999;0;0;9999;0;9999;9999;9999;9999;0;9999;0;0;1;9999;1;9999;0;9999;0;9999;9999;0;9999;0;0;9999;1;9999;0;9999;9999;9999;1;1;9999;1;9999;9999;666;0;0;9999;9999;1;9999;9999;9999;0;0;0;0;9999;9999;0;9999;9999;9999;9999;0;0;0;9999;9999;0;9999;0;0;0;9999;0;9999;9999;9999;0;9999;0;9999;0;9999;0;0;9999;0;9999;9999;0;9999;0;9999;0;0;0;9999;9999;1;9999;0;0;9999;9999;9999;0;0;9999;0;1;9999;9999
2;2071;207107;6;6;9999;9999;0;0;9999;0;0;1;0;9999;9999;9999;9999;0;0;9999;0;9999;9999;9999;9999;0;9999;0;0;1;9999;0;9999;0;9999;0;9999;9999;9999;9999;0;0;9999;0;9999;0;9999;9999;9999;1;9999;9999;0;9999;9999;0;0;0;9999;9999;0;9999;9999;9999;0;0;0;0;9999;9999;0;9999;9999;9999;9999;0;0;0;9999;9999;0;9999;0;0;0;9999;0;9999;9999;9999;0;9999;0;9999;0;9999;0;0;9999;0;9999;9999;0;9999;0;9999;0;0;0;9999;9999;0;9999;0;0;9999;9999;9999;0;0;9999;0;0;9999;9999
2;2071;207108;2;2;9999;1;9999;0;0;9999;9999;0;9999;0;9999;0;0;0;9999;9999;9999;0;0;0;9999;9999;9999;0;9999;9999;0;9999;9999;0;0;0;9999;0;9999;0;9999;0;0;9999;9999;9999;0;1;9999;9999;9999;0;1;1;9999;9999;0;9999;0;0;0;9999;0;9999;9999;9999;9999;9999;9999;9999;9999;9999;9999;9999;9999;9999;9999;9999;9999;9999;9999;9999;9999;9999;9999;9999;9999;9999;9999;9999;9999;9999;9999;9999;9999;9999;9999;9999;9999;9999;9999;9999;9999;9999;9999;9999;9999;9999;9999;9999;9999;9999;9999;9999;9999;9999;9999;9999;9999;9999;9999;9999;9999;9999;9999
2;2071;207109;2;2;9999;0;9999;0;0;9999;9999;0;9999;0;9999;0;0;666;9999;9999;9999;0;0;1;9999;9999;9999;0;9999;9999;1;9999;9999;0;0;0;9999;0;9999;0;9999;0;0;9999;9999;9999;0;0;9999;9999;9999;0;1;0;9999;9999;0;9999;0;0;1;9999;0;9999;9999;9999;9999;9999;9999;9999;9999;9999;9999;9999;9999;9999;9999;9999;9999;9999;9999;9999;9999;9999;9999;9999;9999;9999;9999;9999;9999;9999;9999;9999;9999;9999;9999;9999;9999;9999;9999;9999;9999;9999;9999;9999;9999;9999;9999;9999;9999;9999;9999;9999;9999;9999;9999;9999;9999;9999;9999;9999;9999;9999;9999
2;2071;207110;1;1;0;9999;1;9999;0;9999;9999;9999;0;9999;9999;0;1;9999;9999;0;1;9999;9999;0;9999;0;1;9999;0;9999;9999;0;0;9999;1;9999;0;9999;0;1;9999;9999;9999;0;1;9999;0;0;0;9999;1;9999;9999;0;0;1;9999;9999;9999;0;9999;1;9999;9999;1;9999;9999;0;9999;0;9999;1;0;0;9999;0;9999;9999;0;0;9999;9999;1;0;9999;0;9999;0;9999;1;0;9999;9999;1;9999;1;9999;1;9999;9999;1;0;0;9999;9999;0;9999;9999;9999;0;9999;0;1;9999;9999;9999;0;0;0;9999;1;9999;0;9999;0
2;2071;207111;1;1;0;9999;0;9999;0;9999;9999;9999;0;9999;9999;0;1;9999;9999;0;0;9999;9999;0;9999;9999;0;9999;0;9999;9999;1;0;9999;0;9999;0;9999;0;0;9999;9999;9999;1;1;9999;0;1;0;9999;0;9999;9999;0;1;0;9999;9999;9999;1;9999;0;9999;9999;0;9999;9999;0;9999;1;9999;0;0;1;9999;0;9999;9999;0;1;9999;9999;0;0;9999;0;9999;0;9999;0;0;9999;9999;1;9999;1;9999;0;9999;9999;0;1;1;9999;9999;0;9999;9999;9999;0;9999;1;0;9999;9999;9999;0;1;0;9999;1;9999;0;9999;0
2;2071;207112;2;2;9999;0;9999;0;0;9999;9999;1;9999;0;9999;0;0;0;9999;9999;9999;1;1;0;9999;9999;9999;0;9999;9999;1;9999;9999;0;1;0;9999;1;9999;1;9999;1;0;9999;9999;9999;0;1;9999;9999;9999;0;0;0;9999;9999;0;9999;0;0;1;9999;0;9999;9999;9999;1;9999;1;9999;9999;0;0;9999;0;9999;9999;9999;9999;0;0;0;9999;9999;9999;0;1;9999;1;1;9999;0;0;9999;9999;9999;1;9999;0;9999;0;9999;9999;1;1;1;9999;9999;0;1;0;9999;9999;9999;1;0;9999;0;9999;9999;9999;1;9999;0;0
2;2071;207113;2;2;9999;0;9999;0;0;9999;9999;0;9999;1;9999;0;0;0;9999;9999;9999;1;0;0;9999;9999;9999;0;9999;9999;1;9999;9999;0;0;0;9999;1;9999;1;9999;1;0;9999;9999;9999;0;0;9999;9999;9999;1;1;0;9999;9999;1;9999;0;0;1;9999;0;9999;9999;9999;1;9999;0;9999;9999;0;1;9999;0;9999;9999;9999;9999;1;1;0;9999;9999;9999;0;1;9999;0;1;9999;0;0;9999;9999;9999;1;9999;0;9999;0;9999;9999;0;1;0;9999;9999;0;1;0;9999;9999;9999;1;1;9999;0;9999;9999;9999;1;9999;1;0
2;2071;207114;2;2;9999;0;9999;666;0;9999;9999;0;9999;0;9999;1;1;666;9999;9999;9999;1;1;0;9999;9999;9999;0;9999;9999;0;9999;9999;0;0;0;9999;1;9999;1;9999;666;0;9999;9999;9999;1;0;9999;9999;9999;0;0;0;9999;9999;0;9999;0;0;1;9999;0;9999;9999;9999;1;9999;0;9999;9999;0;0;9999;0;9999;9999;9999;9999;1;0;0;9999;9999;9999;0;1;9999;0;1;9999;0;0;9999;9999;9999;1;9999;0;9999;1;9999;9999;0;1;0;9999;9999;0;0;0;9999;9999;9999;0;0;9999;0;9999;9999;9999;1;9999;0;0
2;2071;207115;1;1;0;9999;0;9999;0;9999;9999;9999;0;9999;9999;0;0;9999;9999;0;0;9999;9999;0;9999;9999;0;9999;0;9999;9999;0;0;9999;1;9999;0;9999;1;666;9999;9999;9999;0;1;9999;0;0;0;9999;1;9999;9999;0;0;0;9999;9999;9999;1;9999;0;9999;9999;0;9999;9999;1;9999;0;9999;0;0;0;9999;0;9999;9999;0;1;9999;9999;0;0;9999;0;9999;0;9999;1;0;9999;9999;0;9999;0;9999;0;9999;9999;666;0;0;9999;9999;0;9999;9999;9999;1;9999;0;1;9999;9999;9999;1;0;0;9999;1;9999;0;9999;0
2;2071;207116;3;3;0;1;1;9999;9999;9999;9999;9999;0;0;9999;9999;9999;9999;9999;0;0;1;0;9999;9999;0;1;9999;0;9999;1;0;0;9999;9999;9999;0;1;0;9999;9999;9999;0;1;1;9999;9999;9999;0;9999;0;0;9999;9999;1;0;9999;9999;0;9999;9999;1;0;9999;0;9999;9999;9999;9999;1;0;1;0;1;9999;9999;1;1;0;0;9999;9999;9999;9999;0;0;9999;1;9999;0;9999;9999;9999;0;0;1;9999;9999;9999;1;0;0;9999;9999;9999;0;0;0;9999;0;9999;9999;1;0;9999;9999;0;0;9999;1;1;9999;9999;9999;0
2;2071;207117;3;3;0;1;1;9999;9999;9999;9999;9999;0;0;9999;9999;9999;9999;9999;0;0;1;0;9999;9999;0;1;9999;0;9999;1;0;0;9999;9999;9999;0;1;0;9999;9999;9999;0;1;1;9999;9999;9999;0;9999;0;0;9999;9999;0;0;9999;9999;0;9999;9999;1;0;9999;0;9999;9999;9999;9999;1;0;1;0;1;9999;9999;0;0;0;0;9999;9999;9999;9999;0;0;9999;0;9999;0;9999;9999;9999;0;0;1;9999;9999;9999;0;0;0;9999;9999;9999;0;0;0;9999;0;9999;9999;0;0;9999;9999;0;0;9999;1;1;9999;9999;9999;0
2;2071;207118;3;3;1;0;1;9999;9999;9999;9999;9999;0;0;9999;9999;9999;9999;9999;0;0;0;0;9999;9999;9999;1;9999;0;9999;0;1;0;9999;9999;9999;0;0;0;9999;9999;9999;0;0;0;9999;9999;9999;0;9999;0;0;9999;9999;1;0;9999;9999;0;9999;9999;0;0;9999;0;9999;9999;9999;9999;1;1;1;0;0;9999;9999;0;0;0;1;9999;9999;9999;9999;0;0;9999;0;9999;1;9999;9999;9999;0;1;1;9999;9999;9999;666;1;0;9999;9999;9999;0;0;0;9999;1;9999;9999;1;0;9999;9999;0;0;9999;0;0;9999;9999;9999;0
2;2071;207119;9999;1;9999;9999;9999;9999;9999;9999;9999;9999;9999;9999;9999;9999;9999;9999;9999;9999;9999;9999;9999;9999;9999;9999;9999;9999;9999;9999;9999;9999;9999;9999;9999;9999;9999;9999;9999;9999;9999;9999;9999;9999;9999;9999;9999;9999;9999;9999;9999;9999;9999;9999;9999;9999;9999;9999;9999;9999;9999;9999;9999;9999;9999;9999;9999;1;9999;1;9999;0;0;1;9999;0;9999;9999;0;1;9999;9999;0;0;9999;0;9999;0;9999;1;0;9999;9999;0;9999;1;9999;1;9999;9999;0;1;0;9999;9999;0;9999;9999;9999;1;9999;0;1;9999;9999;9999;0;0;0;9999;0;9999;0;9999;0
2;2071;207121;3;3;1;1;1;9999;9999;9999;9999;9999;0;0;0;9999;9999;9999;9999;0;0;0;0;9999;9999;0;1;9999;0;9999;1;0;0;9999;9999;9999;0;1;0;9999;9999;9999;0;1;1;9999;9999;9999;0;9999;0;0;9999;9999;0;0;9999;9999;0;9999;9999;1;0;9999;0;9999;9999;9999;9999;0;0;0;0;1;9999;9999;1;1;0;0;9999;9999;9999;9999;0;0;9999;0;9999;1;9999;9999;9999;1;0;1;9999;9999;9999;0;1;0;9999;9999;9999;0;0;0;9999;0;9999;9999;1;0;9999;9999;0;0;9999;1;1;9999;9999;9999;0
2;2071;207122;4;4;1;9999;9999;0;9999;0;0;0;9999;9999;9999;9999;9999;0;0;0;9999;9999;9999;9999;9999;0;1;0;9999;1;9999;9999;0;0;9999;0;0;9999;9999;9999;0;0;9999;9999;1;0;9999;9999;0;0;9999;9999;1;9999;0;9999;1;0;9999;9999;0;1;9999;9999;9999;0;9999;0;1;9999;1;9999;9999;9999;0;0;1;1;9999;9999;9999;1;0;0;0;9999;9999;9999;0;9999;1;0;9999;9999;1;9999;9999;1;0;0;9999;9999;0;1;9999;9999;0;0;9999;9999;0;0;9999;1;9999;0;9999;9999;0;0;9999;9999;0;0;9999
2;2071;207123;4;4;1;9999;9999;0;9999;0;0;0;9999;9999;9999;9999;9999;0;0;0;9999;9999;9999;9999;9999;0;1;0;9999;0;9999;9999;0;0;9999;0;0;9999;9999;9999;0;1;9999;9999;0;0;9999;9999;0;0;9999;9999;1;9999;0;9999;0;1;9999;9999;0;0;9999;9999;9999;0;9999;666;0;9999;0;9999;9999;9999;0;0;1;0;9999;9999;9999;0;0;666;1;0;9999;9999;0;9999;666;0;9999;9999;0;9999;9999;9999;0;0;9999;9999;0;0;9999;9999;0;1;9999;9999;0;0;9999;1;9999;0;9999;9999;666;0;9999;9999;0;0;9999
2;2071;207124;5;5;9999;0;9999;9999;0;0;0;9999;9999;0;9999;0;0;9999;0;9999;9999;0;0;0;9999;0;9999;9999;9999;0;1;9999;9999;9999;0;9999;9999;1;9999;0;0;9999;0;9999;9999;0;0;0;9999;0;9999;0;9999;0;9999;9999;9999;0;0;0;9999;9999;0;9999;9999;0;0;9999;0;0;9999;9999;9999;0;0;9999;9999;9999;0;9999;1;0;9999;9999;9999;9999;1;0;0;9999;9999;0;0;0;9999;0;0;9999;0;9999;9999;0;9999;1;0;9999;9999;9999;0;9999;0;9999;0;9999;0;1;0;9999;9999;9999;1;0;9999;1;9999
2;2071;207125;5;5;9999;0;9999;9999;0;0;0;9999;9999;0;9999;0;0;9999;0;9999;9999;1;1;0;9999;0;9999;9999;9999;1;1;9999;9999;9999;1;9999;9999;1;9999;1;666;9999;0;9999;9999;0;0;0;9999;1;9999;0;9999;0;9999;9999;9999;0;0;1;9999;9999;0;9999;9999;0;9999;9999;9999;9999;9999;9999;9999;9999;9999;9999;9999;9999;9999;9999;9999;9999;9999;9999;9999;9999;9999;9999;9999;9999;9999;9999;9999;9999;9999;9999;9999;9999;9999;9999;9999;9999;9999;9999;9999;9999;9999;9999;9999;9999;9999;9999;9999;9999;9999;9999;9999;9999;9999;9999;9999;9999;9999;9999;9999
2;2071;207126;4;4;0;9999;9999;0;9999;0;0;1;9999;9999;9999;9999;9999;0;0;0;9999;9999;9999;9999;9999;0;0;0;9999;1;9999;9999;0;0;9999;0;0;9999;9999;9999;0;0;9999;9999;0;0;9999;9999;0;1;9999;9999;1;9999;0;9999;1;0;9999;9999;1;1;9999;9999;9999;0;9999;0;1;9999;1;9999;9999;9999;0;0;1;1;9999;9999;9999;1;1;0;0;0;9999;9999;1;9999;1;0;9999;9999;0;9999;9999;1;0;1;9999;9999;1;1;9999;9999;0;0;9999;9999;0;0;9999;0;9999;0;9999;9999;1;1;9999;9999;0;1;9999
2;2071;207127;4;4;1;9999;9999;0;9999;0;1;1;9999;9999;9999;9999;9999;0;0;0;9999;9999;9999;9999;9999;0;0;0;9999;1;9999;9999;0;0;9999;0;0;9999;9999;9999;0;0;9999;9999;0;0;9999;9999;0;1;9999;9999;1;9999;0;9999;0;0;9999;9999;0;0;9999;9999;9999;0;9999;0;0;9999;0;9999;9999;9999;0;0;1;1;9999;9999;9999;1;1;0;0;0;9999;9999;0;9999;1;0;9999;9999;0;9999;9999;1;0;0;9999;9999;0;0;9999;9999;0;0;9999;9999;1;1;9999;1;9999;0;9999;9999;0;0;9999;9999;0;0;9999
2;2072;207203;3;3;0;666;1;9999;9999;9999;9999;9999;0;0;9999;9999;9999;9999;9999;0;0;1;666;9999;9999;9999;1;9999;0;9999;666;1;0;9999;9999;9999;0;1;0;9999;9999;9999;0;0;1;9999;9999;9999;0;9999;0;0;9999;9999;0;0;9999;9999;666;9999;9999;1;0;9999;1;9999;9999;9999;9999;0;1;1;1;1;9999;9999;1;0;0;1;9999;9999;9999;9999;0;0;9999;0;9999;1;9999;9999;9999;1;1;0;9999;9999;9999;1;0;1;9999;9999;9999;1;0;0;9999;0;9999;9999;1;0;9999;9999;1;1;9999;0;0;9999;9999;9999;1
2;2072;207204;2;2;9999;0;9999;666;0;9999;9999;0;9999;0;9999;1;0;666;9999;9999;9999;1;0;0;9999;9999;9999;0;9999;9999;0;9999;9999;666;1;0;9999;1;9999;0;9999;666;0;9999;9999;9999;0;0;9999;9999;9999;0;0;0;9999;9999;0;9999;0;1;666;9999;0;9999;9999;9999;0;9999;0;9999;9999;0;0;9999;0;9999;9999;9999;9999;0;0;0;9999;9999;9999;0;0;9999;1;1;9999;0;1;9999;9999;9999;1;9999;0;9999;1;9999;9999;0;1;0;9999;9999;1;0;0;9999;9999;9999;0;666;9999;0;9999;9999;9999;0;9999;1;0
2;2072;207206;1;1;0;9999;1;9999;666;9999;9999;9999;0;9999;9999;0;666;9999;9999;0;0;9999;9999;1;9999;0;0;9999;0;9999;9999;0;0;9999;666;9999;0;9999;0;666;9999;9999;9999;0;0;9999;0;0;0;9999;1;9999;9999;0;0;1;9999;9999;9999;0;9999;0;9999;9999;1;9999;9999;0;9999;0;9999;0;0;0;9999;0;9999;9999;0;1;9999;9999;0;0;9999;0;9999;0;9999;0;0;9999;9999;0;9999;1;9999;1;9999;9999;0;0;0;9999;9999;0;9999;9999;9999;0;9999;0;1;9999;9999;9999;0;0;0;9999;1;9999;0;9999;0
2;2072;207207;2;9999;9999;0;9999;0;0;9999;9999;0;9999;0;9999;0;0;0;9999;9999;9999;1;0;0;9999;9999;9999;0;9999;9999;1;9999;9999;0;1;0;9999;1;9999;0;9999;1;1;9999;9999;9999;1;0;9999;9999;9999;0;1;0;9999;9999;0;9999;1;0;1;9999;0;9999;9999;9999;9999;9999;9999;9999;9999;9999;9999;9999;9999;9999;9999;9999;9999;9999;9999;9999;9999;9999;9999;9999;9999;9999;9999;9999;9999;9999;9999;9999;9999;9999;9999;9999;9999;9999;9999;9999;9999;9999;9999;9999;9999;9999;9999;9999;9999;9999;9999;9999;9999;9999;9999;9999;9999;9999;9999;9999;9999;9999;9999
2;2072;207208;1;9999;1;9999;1;9999;0;9999;9999;9999;0;9999;9999;0;1;9999;9999;0;1;9999;9999;0;9999;9999;1;9999;0;9999;9999;0;1;9999;1;9999;0;9999;0;1;9999;9999;9999;1;1;9999;0;1;0;9999;1;9999;9999;0;0;1;9999;9999;9999;0;9999;0;9999;9999;1;9999;9999;9999;9999;9999;9999;9999;9999;9999;9999;9999;9999;9999;9999;9999;9999;9999;9999;9999;9999;9999;9999;9999;9999;9999;9999;9999;9999;9999;9999;9999;9999;9999;9999;9999;9999;9999;9999;9999;9999;9999;9999;9999;9999;9999;9999;9999;9999;9999;9999;9999;9999;9999;9999;9999;9999;9999;9999;9999;9999
2;2072;207209;1;1;1;9999;0;9999;0;9999;9999;9999;0;9999;9999;0;1;9999;9999;0;1;9999;9999;0;9999;0;1;9999;0;9999;9999;0;0;9999;0;9999;0;9999;0;1;9999;9999;9999;1;1;9999;0;0;0;9999;0;9999;9999;0;0;0;9999;9999;9999;1;9999;0;9999;9999;0;9999;9999;0;9999;0;9999;0;0;0;9999;0;9999;9999;0;1;9999;9999;1;0;9999;0;9999;0;9999;1;0;9999;9999;0;9999;0;9999;1;9999;9999;1;0;0;9999;9999;0;9999;9999;9999;1;9999;0;1;9999;9999;9999;0;0;1;9999;0;9999;0;9999;0
2;2072;207210;5;9999;9999;1;9999;9999;0;666;0;9999;9999;1;9999;0;0;9999;0;9999;9999;1;1;0;9999;0;9999;9999;9999;1;1;9999;9999;9999;0;9999;9999;1;9999;1;666;9999;0;9999;9999;0;0;0;9999;666;9999;0;9999;0;9999;9999;9999;0;0;1;9999;9999;1;9999;9999;0;9999;9999;9999;9999;9999;9999;9999;9999;9999;9999;9999;9999;9999;9999;9999;9999;9999;9999;9999;9999;9999;9999;9999;9999;9999;9999;9999;9999;9999;9999;9999;9999;9999;9999;9999;9999;9999;9999;9999;9999;9999;9999;9999;9999;9999;9999;9999;9999;9999;9999;9999;9999;9999;9999;9999;9999;9999;9999;9999
2;2072;207211;6;9999;9999;9999;1;0;9999;0;0;0;0;9999;9999;9999;9999;0;0;9999;0;9999;9999;9999;9999;0;9999;0;0;0;9999;0;9999;0;9999;0;9999;9999;0;9999;0;0;9999;1;9999;0;9999;9999;9999;0;0;9999;0;9999;9999;0;0;0;9999;9999;0;9999;9999;9999;0;0;9999;9999;9999;9999;9999;9999;9999;9999;9999;9999;9999;9999;9999;9999;9999;9999;9999;9999;9999;9999;9999;9999;9999;9999;9999;9999;9999;9999;9999;9999;9999;9999;9999;9999;9999;9999;9999;9999;9999;9999;9999;9999;9999;9999;9999;9999;9999;9999;9999;9999;9999;9999;9999;9999;9999;9999;9999;9999;9999
2;2072;207212;6;9999;9999;9999;1;0;9999;0;1;1;0;9999;9999;9999;9999;0;0;9999;1;9999;9999;9999;9999;9999;9999;1;666;1;9999;666;9999;0;9999;0;9999;9999;1;9999;0;0;9999;1;9999;0;9999;9999;9999;1;666;9999;1;9999;9999;666;0;1;9999;9999;1;9999;9999;9999;1;0;9999;9999;9999;9999;9999;9999;9999;9999;9999;9999;9999;9999;9999;9999;9999;9999;9999;9999;9999;9999;9999;9999;9999;9999;9999;9999;9999;9999;9999;9999;9999;9999;9999;9999;9999;9999;9999;9999;9999;9999;9999;9999;9999;9999;9999;9999;9999;9999;9999;9999;9999;9999;9999;9999;9999;9999;9999;9999;9999
2;2072;207213;5;5;9999;0;9999;9999;0;0;0;9999;9999;1;9999;0;1;9999;1;9999;9999;1;1;0;9999;0;9999;9999;9999;0;1;9999;9999;9999;1;9999;9999;1;9999;1;666;9999;0;9999;9999;0;1;0;9999;1;9999;1;9999;0;9999;9999;9999;1;1;1;9999;9999;0;9999;9999;0;1;9999;1;1;9999;9999;9999;1;1;9999;9999;9999;0;9999;0;1;9999;9999;9999;9999;1;1;1;9999;9999;0;1;1;9999;1;0;9999;1;9999;9999;0;9999;1;1;9999;9999;9999;1;9999;1;9999;1;9999;1;0;1;9999;9999;9999;1;1;9999;1;9999
2;2072;207214;5;9999;9999;0;9999;9999;0;666;666;9999;9999;0;9999;0;0;9999;666;9999;9999;0;0;0;9999;0;9999;9999;9999;0;0;9999;9999;9999;0;9999;9999;1;9999;0;666;9999;0;9999;9999;0;0;0;9999;666;9999;1;9999;0;9999;9999;9999;666;0;0;9999;9999;0;9999;9999;0;9999;9999;9999;9999;9999;9999;9999;9999;9999;9999;9999;9999;9999;9999;9999;9999;9999;9999;9999;9999;9999;9999;9999;9999;9999;9999;9999;9999;9999;9999;9999;9999;9999;9999;9999;9999;9999;9999;9999;9999;9999;9999;9999;9999;9999;9999;9999;9999;9999;9999;9999;9999;9999;9999;9999;9999;9999;9999;9999
2;2072;207215;5;9999;9999;1;9999;9999;0;666;666;9999;9999;0;9999;0;0;9999;666;9999;9999;0;0;0;9999;9999;9999;9999;9999;666;1;9999;9999;9999;0;9999;9999;0;9999;0;666;9999;0;9999;9999;666;0;0;9999;666;9999;1;9999;0;9999;9999;9999;666;0;0;9999;9999;0;9999;9999;666;9999;9999;9999;9999;9999;9999;9999;9999;9999;9999;9999;9999;9999;9999;9999;9999;9999;9999;9999;9999;9999;9999;9999;9999;9999;9999;9999;9999;9999;9999;9999;9999;9999;9999;9999;9999;9999;9999;9999;9999;9999;9999;9999;9999;9999;9999;9999;9999;9999;9999;9999;9999;9999;9999;9999;9999;9999;9999;9999
2;2072;207216;5;5;9999;1;9999;9999;0;666;0;9999;9999;0;9999;0;0;9999;666;9999;9999;0;1;0;9999;0;9999;9999;9999;0;0;9999;9999;9999;0;9999;9999;0;9999;0;666;9999;0;9999;9999;0;1;0;9999;666;9999;1;9999;0;9999;9999;9999;666;0;0;9999;9999;0;9999;9999;0;0;9999;0;0;9999;9999;9999;0;0;9999;9999;9999;0;9999;0;0;9999;9999;9999;0;0;0;1;9999;9999;0;0;0;9999;0;1;9999;0;9999;9999;0;9999;1;0;9999;9999;9999;0;9999;0;9999;0;9999;0;1;0;9999;9999;9999;1;0;9999;0;9999
2;2072;207218;4;4;666;9999;9999;0;9999;0;0;1;9999;9999;9999;9999;9999;0;1;666;9999;9999;9999;9999;9999;9999;0;1;9999;0;9999;9999;666;0;9999;0;666;9999;9999;9999;0;1;9999;9999;0;0;9999;9999;666;0;9999;9999;0;9999;0;9999;0;0;9999;9999;1;666;9999;9999;9999;0;9999;0;1;9999;1;9999;9999;9999;0;0;1;0;9999;9999;9999;0;1;0;1;9999;9999;9999;0;9999;0;1;9999;9999;1;9999;9999;1;1;0;9999;9999;0;1;9999;9999;1;0;9999;9999;1;0;9999;0;9999;0;9999;9999;1;0;9999;9999;0;0;9999
2;2072;207220;3;9999;0;666;0;9999;9999;9999;9999;9999;0;0;9999;9999;9999;9999;9999;0;0;0;0;9999;9999;9999;0;9999;0;9999;0;0;0;9999;9999;9999;0;1;0;9999;9999;9999;0;0;0;9999;9999;9999;0;9999;0;0;9999;9999;1;0;9999;9999;0;9999;9999;0;0;9999;0;9999;9999;9999;9999;9999;9999;9999;9999;9999;9999;9999;9999;9999;9999;9999;9999;9999;9999;9999;9999;9999;9999;9999;9999;9999;9999;9999;9999;9999;9999;9999;9999;9999;9999;9999;9999;9999;9999;9999;9999;9999;9999;9999;9999;9999;9999;9999;9999;9999;9999;9999;9999;9999;9999;9999;9999;9999;9999;9999;9999
2;2072;207221;3;9999;0;0;1;9999;9999;9999;9999;9999;0;0;9999;9999;9999;9999;9999;0;0;0;1;9999;9999;9999;1;9999;0;9999;1;1;0;9999;9999;9999;0;0;1;9999;9999;9999;0;0;0;9999;9999;9999;0;9999;1;1;9999;9999;0;0;9999;9999;0;9999;9999;0;0;9999;1;9999;9999;9999;9999;9999;9999;9999;9999;9999;9999;9999;9999;9999;9999;9999;9999;9999;9999;9999;9999;9999;9999;9999;9999;9999;9999;9999;9999;9999;9999;9999;9999;9999;9999;9999;9999;9999;9999;9999;9999;9999;9999;9999;9999;9999;9999;9999;9999;9999;9999;9999;9999;9999;9999;9999;9999;9999;9999;9999;9999
2;2072;207222;2;2;9999;0;9999;0;0;9999;9999;0;9999;0;9999;0;0;0;9999;9999;9999;1;1;1;9999;9999;9999;0;9999;9999;1;9999;9999;0;1;0;9999;0;9999;1;9999;0;0;9999;9999;9999;0;0;9999;9999;9999;0;0;1;9999;9999;0;9999;0;0;0;9999;0;9999;9999;9999;0;9999;1;9999;9999;1;0;9999;0;9999;9999;9999;9999;0;0;0;9999;9999;9999;0;1;9999;0;1;9999;0;0;9999;9999;9999;0;9999;1;9999;0;9999;9999;1;1;1;9999;9999;0;0;1;9999;9999;9999;0;0;9999;1;9999;9999;9999;0;9999;0;0
2;2072;207223;2;2;9999;0;9999;0;0;9999;9999;1;9999;0;9999;1;0;0;9999;9999;9999;1;1;0;9999;9999;9999;1;9999;9999;1;9999;9999;0;1;0;9999;1;9999;1;9999;0;0;9999;9999;9999;0;1;9999;9999;9999;0;1;0;9999;9999;1;9999;1;0;0;9999;0;9999;9999;9999;0;9999;0;9999;9999;0;0;9999;0;9999;9999;9999;9999;1;1;1;9999;9999;9999;0;0;9999;0;1;9999;1;1;9999;9999;9999;0;9999;0;9999;0;9999;9999;1;1;0;9999;9999;0;0;0;9999;9999;9999;0;0;9999;0;9999;9999;9999;1;9999;0;0
2;2072;207224;1;1;0;9999;1;9999;0;9999;9999;9999;0;9999;9999;0;0;9999;9999;0;1;9999;9999;0;9999;0;0;9999;0;9999;9999;0;0;9999;0;9999;0;9999;0;0;9999;9999;9999;0;0;9999;0;0;0;9999;0;9999;9999;0;0;0;9999;9999;9999;0;9999;1;9999;9999;1;9999;9999;1;9999;1;9999;0;0;0;9999;0;9999;9999;0;1;9999;9999;0;1;9999;0;9999;0;9999;1;1;9999;9999;0;9999;1;9999;1;9999;9999;0;0;0;9999;9999;0;9999;9999;9999;0;9999;1;0;9999;9999;9999;0;0;0;9999;0;9999;0;9999;0
2;2072;207225;1;1;0;9999;1;9999;0;9999;9999;9999;0;9999;9999;0;0;9999;9999;0;0;9999;9999;0;9999;0;1;9999;0;9999;9999;0;0;9999;1;9999;0;9999;0;0;9999;9999;9999;0;1;9999;0;0;0;9999;1;9999;9999;0;0;0;9999;9999;9999;0;9999;1;9999;9999;1;9999;9999;0;9999;0;9999;1;0;1;9999;0;9999;9999;0;1;9999;9999;0;1;9999;0;9999;0;9999;1;1;9999;9999;1;9999;1;9999;0;9999;9999;0;1;0;9999;9999;0;9999;9999;9999;1;9999;0;0;9999;9999;9999;1;0;0;9999;1;9999;0;9999;0
2;2072;207226;6;9999;9999;9999;0;0;9999;0;0;0;0;9999;9999;9999;9999;0;0;9999;0;9999;9999;9999;9999;0;9999;0;0;1;9999;0;9999;0;9999;0;9999;9999;0;9999;0;0;9999;0;9999;0;9999;9999;9999;1;0;9999;1;9999;9999;0;0;1;9999;9999;1;9999;9999;9999;0;0;9999;9999;9999;9999;9999;9999;9999;9999;9999;9999;9999;9999;9999;9999;9999;9999;9999;9999;9999;9999;9999;9999;9999;9999;9999;9999;9999;9999;9999;9999;9999;9999;9999;9999;9999;9999;9999;9999;9999;9999;9999;9999;9999;9999;9999;9999;9999;9999;9999;9999;9999;9999;9999;9999;9999;9999;9999;9999;9999
2;2072;207229;4;9999;0;9999;9999;0;9999;0;0;1;9999;9999;9999;9999;9999;0;0;0;9999;9999;9999;9999;9999;9999;1;0;9999;1;9999;9999;0;0;9999;0;0;9999;9999;9999;0;0;9999;9999;1;1;9999;9999;0;1;9999;9999;1;9999;0;9999;1;1;9999;9999;0;1;9999;9999;9999;0;9999;9999;9999;9999;9999;9999;9999;9999;9999;9999;9999;9999;9999;9999;9999;9999;9999;9999;9999;9999;9999;9999;9999;9999;9999;9999;9999;9999;9999;9999;9999;9999;9999;9999;9999;9999;9999;9999;9999;9999;9999;9999;9999;9999;9999;9999;9999;9999;9999;9999;9999;9999;9999;9999;9999;9999;9999;9999;9999
2;2072;207230;4;4;1;9999;9999;0;9999;0;0;0;9999;9999;9999;9999;9999;0;1;0;9999;9999;9999;9999;9999;0;1;0;9999;1;9999;9999;1;0;9999;0;1;9999;9999;9999;0;0;9999;9999;1;0;9999;9999;0;1;9999;9999;1;9999;0;9999;1;1;9999;9999;1;1;9999;9999;9999;1;9999;1;1;9999;1;9999;9999;9999;1;0;1;0;9999;9999;9999;1;1;1;1;9999;9999;9999;1;9999;1;1;9999;9999;1;9999;9999;1;1;1;9999;9999;1;1;9999;9999;1;0;9999;9999;1;1;9999;1;9999;1;9999;9999;1;1;9999;9999;1;1;9999
2;2072;207240;9999;3;9999;9999;9999;9999;9999;9999;9999;9999;9999;9999;9999;9999;9999;9999;9999;9999;9999;9999;9999;9999;9999;9999;9999;9999;9999;9999;9999;9999;9999;9999;9999;9999;9999;9999;9999;9999;9999;9999;9999;9999;9999;9999;9999;9999;9999;9999;9999;9999;9999;9999;9999;9999;9999;9999;9999;9999;9999;9999;9999;9999;9999;9999;9999;9999;9999;0;1;1;1;0;9999;9999;0;0;0;0;9999;9999;9999;9999;0;0;9999;0;9999;1;9999;9999;9999;1;0;0;9999;9999;9999;0;0;0;9999;9999;9999;0;0;0;9999;0;9999;9999;0;0;9999;9999;0;1;9999;0;1;9999;9999;9999;0
2;2073;207305;6;6;9999;9999;666;666;9999;0;1;1;666;9999;9999;9999;9999;666;0;9999;666;9999;9999;9999;9999;0;9999;1;666;1;9999;666;9999;0;9999;0;9999;9999;666;9999;1;0;9999;666;9999;0;9999;9999;9999;0;666;9999;1;9999;9999;666;1;0;9999;9999;1;9999;9999;9999;666;1;1;1;9999;9999;0;9999;9999;9999;9999;1;1;1;9999;9999;0;9999;0;0;1;9999;1;9999;9999;9999;1;9999;1;9999;0;9999;0;1;9999;1;9999;9999;1;9999;1;9999;0;0;1;9999;9999;0;9999;1;0;9999;9999;9999;1;1;9999;0;0;9999;9999
2;2073;207306;5;9999;9999;0;9999;9999;666;666;666;9999;9999;0;9999;0;666;9999;666;9999;9999;0;0;0;9999;9999;9999;9999;9999;666;1;9999;9999;9999;666;9999;9999;1;9999;666;666;9999;0;9999;9999;666;0;0;9999;666;9999;0;9999;0;9999;9999;9999;666;0;1;9999;9999;0;9999;9999;666;9999;9999;9999;9999;9999;9999;9999;9999;9999;9999;9999;9999;9999;9999;9999;9999;9999;9999;9999;9999;9999;9999;9999;9999;9999;9999;9999;9999;9999;9999;9999;9999;9999;9999;9999;9999;9999;9999;9999;9999;9999;9999;9999;9999;9999;9999;9999;9999;9999;9999;9999;9999;9999;9999;9999;9999;9999;9999;9999
2;2073;207308;3;9999;0;1;1;9999;9999;9999;9999;9999;0;1;9999;9999;9999;9999;9999;0;1;0;0;9999;9999;9999;1;9999;0;9999;1;1;0;9999;9999;9999;0;1;0;9999;9999;9999;0;1;1;9999;9999;9999;0;9999;0;0;9999;9999;0;1;9999;9999;0;9999;9999;1;0;9999;0;9999;9999;9999;9999;9999;9999;9999;9999;9999;9999;9999;9999;9999;9999;9999;9999;9999;9999;9999;9999;9999;9999;9999;9999;9999;9999;9999;9999;9999;9999;9999;9999;9999;9999;9999;9999;9999;9999;9999;9999;9999;9999;9999;9999;9999;9999;9999;9999;9999;9999;9999;9999;9999;9999;9999;9999;9999;9999;9999;9999
2;2073;207313;4;4;0;9999;9999;0;9999;0;0;1;9999;9999;9999;9999;9999;0;0;0;9999;9999;9999;9999;9999;0;0;0;9999;0;9999;9999;0;0;9999;0;0;9999;9999;9999;0;0;9999;9999;0;0;9999;9999;0;1;9999;9999;0;9999;0;9999;1;0;9999;9999;1;0;9999;9999;9999;0;9999;666;0;9999;0;9999;9999;9999;0;0;0;0;9999;9999;9999;0;666;666;0;9999;9999;9999;0;9999;666;0;9999;9999;0;9999;9999;0;0;0;9999;9999;666;0;9999;9999;0;0;9999;9999;0;0;9999;0;9999;0;9999;9999;666;0;9999;9999;0;0;9999
2;2073;207314;3;3;0;1;1;9999;9999;9999;9999;9999;0;0;9999;9999;9999;9999;9999;0;1;1;0;9999;9999;9999;1;9999;0;9999;1;0;0;9999;9999;9999;0;0;1;9999;9999;9999;0;1;1;9999;9999;9999;0;9999;1;0;9999;9999;1;1;9999;9999;0;9999;9999;0;0;9999;1;9999;9999;9999;9999;1;1;1;0;1;9999;9999;1;1;1;1;9999;9999;9999;9999;0;9999;9999;0;9999;1;9999;9999;9999;1;0;1;9999;9999;9999;1;1;0;9999;9999;9999;1;0;1;9999;1;9999;9999;1;0;9999;9999;1;0;9999;1;1;9999;9999;9999;1
2;2073;207315;2;2;9999;0;9999;666;0;9999;9999;666;9999;0;9999;0;1;666;9999;9999;9999;1;0;1;9999;9999;9999;1;9999;9999;1;9999;9999;666;1;0;9999;1;9999;1;9999;666;0;9999;9999;9999;0;1;9999;9999;9999;0;1;1;9999;9999;666;9999;0;1;666;9999;0;9999;9999;9999;1;9999;0;9999;9999;0;0;9999;1;9999;9999;9999;9999;1;0;1;9999;9999;9999;1;1;9999;1;1;9999;1;1;9999;9999;9999;0;9999;1;9999;0;9999;9999;1;1;1;9999;9999;1;1;1;9999;9999;9999;0;1;9999;0;9999;9999;9999;1;9999;1;1
2;2073;207319;4;4;0;9999;9999;0;9999;0;0;1;9999;9999;9999;9999;9999;0;0;0;9999;9999;9999;9999;9999;0;1;0;9999;0;9999;9999;0;0;9999;0;0;9999;9999;9999;0;1;9999;9999;0;0;9999;9999;0;0;9999;9999;0;9999;1;9999;0;0;9999;9999;0;0;9999;9999;9999;0;9999;1;1;9999;0;9999;9999;9999;0;0;1;1;9999;9999;9999;0;0;0;0;9999;9999;9999;0;9999;1;1;9999;9999;1;9999;9999;1;1;0;9999;9999;0;1;9999;9999;0;0;9999;9999;0;1;9999;0;9999;1;9999;9999;0;0;9999;9999;0;1;9999
2;2073;207321;2;2;9999;0;9999;0;0;9999;9999;1;9999;0;9999;1;0;0;9999;9999;9999;0;1;0;9999;9999;9999;0;9999;9999;1;9999;9999;0;0;1;9999;0;9999;0;9999;0;0;9999;9999;9999;0;1;9999;9999;9999;0;0;1;9999;9999;0;9999;1;1;0;9999;1;9999;9999;9999;1;9999;0;9999;9999;1;0;9999;1;9999;9999;9999;9999;0;0;0;9999;9999;9999;0;1;9999;1;1;9999;1;1;9999;9999;9999;1;9999;0;9999;1;9999;9999;0;1;0;9999;9999;1;0;0;9999;9999;9999;1;0;9999;0;9999;9999;9999;1;9999;1;0
2;2073;207324;5;9999;9999;1;9999;9999;0;0;0;9999;9999;0;9999;1;1;9999;0;9999;9999;1;1;0;9999;0;9999;9999;9999;0;1;9999;9999;9999;1;9999;9999;1;9999;0;0;9999;0;9999;9999;0;0;0;9999;0;9999;0;9999;0;9999;9999;9999;0;0;1;9999;9999;0;9999;9999;0;9999;9999;9999;9999;9999;9999;9999;9999;9999;9999;9999;9999;9999;9999;9999;9999;9999;9999;9999;9999;9999;9999;9999;9999;9999;9999;9999;9999;9999;9999;9999;9999;9999;9999;9999;9999;9999;9999;9999;9999;9999;9999;9999;9999;9999;9999;9999;9999;9999;9999;9999;9999;9999;9999;9999;9999;9999;9999;9999
2;2073;207327;2;9999;9999;1;9999;0;0;9999;9999;1;9999;0;9999;1;1;1;9999;9999;9999;1;1;1;9999;9999;9999;0;9999;9999;0;9999;9999;0;1;0;9999;1;9999;1;9999;0;0;9999;9999;9999;1;1;9999;9999;9999;0;1;1;9999;9999;1;9999;1;1;0;9999;0;9999;9999;9999;9999;9999;9999;9999;9999;9999;9999;9999;9999;9999;9999;9999;9999;9999;9999;9999;9999;9999;9999;9999;9999;9999;9999;9999;9999;9999;9999;9999;9999;9999;9999;9999;9999;9999;9999;9999;9999;9999;9999;9999;9999;9999;9999;9999;9999;9999;9999;9999;9999;9999;9999;9999;9999;9999;9999;9999;9999;9999;9999
2;2074;207401;6;6;9999;9999;1;0;9999;0;0;0;0;9999;9999;9999;9999;0;0;9999;0;9999;9999;9999;9999;0;9999;0;0;1;9999;0;9999;0;9999;1;9999;9999;0;9999;0;0;9999;0;9999;1;9999;9999;9999;1;0;9999;1;9999;9999;0;0;1;9999;9999;0;9999;9999;9999;1;1;0;1;9999;9999;0;9999;9999;9999;9999;0;0;1;9999;9999;0;9999;1;1;1;9999;1;9999;9999;9999;0;9999;0;9999;0;9999;0;1;9999;1;9999;9999;0;9999;0;9999;0;1;0;9999;9999;1;9999;1;0;9999;9999;9999;1;1;9999;0;0;9999;9999
2;2074;207402;4;4;0;9999;9999;0;9999;0;1;1;9999;9999;9999;9999;9999;1;1;0;9999;9999;9999;9999;9999;0;1;1;9999;0;9999;9999;0;1;9999;1;1;9999;9999;9999;0;0;9999;9999;1;0;9999;9999;0;1;9999;9999;1;9999;0;9999;0;1;9999;9999;1;1;9999;9999;9999;0;9999;1;1;9999;0;9999;9999;9999;1;0;1;0;9999;9999;9999;1;1;1;0;9999;9999;9999;0;9999;1;0;9999;9999;1;9999;9999;1;0;1;9999;9999;0;1;9999;9999;1;0;9999;9999;0;1;9999;0;9999;0;9999;9999;0;0;9999;9999;0;0;9999
2;2074;207406;6;6;9999;9999;0;0;9999;0;0;1;1;9999;9999;9999;9999;0;0;9999;0;9999;9999;9999;9999;0;9999;0;0;1;9999;0;9999;0;9999;0;9999;9999;0;9999;0;0;9999;0;9999;0;9999;9999;9999;0;0;9999;1;9999;9999;0;1;0;9999;9999;0;9999;9999;9999;0;0;0;0;9999;9999;0;9999;9999;9999;9999;0;0;1;9999;9999;0;9999;0;0;1;9999;1;9999;9999;9999;1;9999;1;9999;1;9999;1;1;9999;1;9999;9999;0;9999;1;9999;0;1;0;9999;9999;1;9999;1;0;9999;9999;9999;1;0;9999;1;0;9999;9999
2;2074;207407;5;5;9999;1;9999;9999;0;0;0;9999;9999;0;9999;0;0;9999;1;9999;9999;1;0;0;9999;0;9999;9999;9999;0;1;9999;9999;9999;0;9999;9999;0;9999;0;0;9999;0;9999;9999;0;0;0;9999;1;9999;1;9999;0;9999;9999;9999;0;0;0;9999;9999;0;9999;9999;0;9999;9999;9999;9999;9999;9999;9999;9999;9999;9999;9999;9999;9999;9999;9999;9999;9999;9999;9999;9999;9999;9999;9999;9999;9999;9999;9999;9999;9999;9999;9999;9999;9999;9999;9999;9999;9999;9999;9999;9999;9999;9999;9999;9999;9999;9999;9999;9999;9999;9999;9999;9999;9999;9999;9999;9999;9999;9999;9999
2;2074;207408;4;4;0;9999;9999;0;9999;0;1;0;9999;9999;9999;9999;9999;0;0;0;9999;9999;9999;9999;9999;9999;1;0;9999;1;9999;9999;0;0;9999;0;0;9999;9999;9999;0;0;9999;9999;1;0;9999;9999;0;0;9999;9999;1;9999;0;9999;1;0;9999;9999;0;1;9999;9999;9999;0;9999;0;1;9999;0;9999;9999;9999;0;0;0;1;9999;9999;9999;1;1;1;0;9999;9999;9999;1;9999;1;0;9999;9999;0;9999;9999;0;0;0;9999;9999;0;0;9999;9999;0;0;9999;9999;1;0;9999;0;9999;0;9999;9999;0;1;9999;9999;0;0;9999
2;2074;207410;2;2;9999;1;9999;0;0;9999;9999;1;9999;0;9999;0;1;1;9999;9999;9999;1;1;0;9999;9999;9999;0;9999;9999;0;9999;9999;1;0;0;9999;1;9999;0;9999;0;0;9999;9999;9999;1;1;9999;9999;9999;0;0;0;9999;9999;1;9999;0;1;0;9999;1;9999;9999;9999;0;9999;1;9999;9999;1;1;9999;0;9999;9999;9999;9999;0;0;1;9999;9999;9999;0;1;9999;0;1;9999;1;1;9999;9999;9999;1;9999;0;9999;0;9999;9999;1;0;0;9999;9999;0;1;1;9999;9999;9999;1;0;9999;1;9999;9999;9999;1;9999;1;0
2;2074;207411;1;1;1;9999;1;9999;0;9999;9999;9999;0;9999;9999;1;0;9999;9999;0;1;9999;9999;0;9999;9999;0;9999;0;9999;9999;1;0;9999;0;9999;0;9999;0;0;9999;9999;9999;0;1;9999;1;0;0;9999;0;9999;9999;0;0;0;9999;9999;9999;0;9999;1;9999;9999;1;9999;9999;9999;9999;9999;9999;9999;9999;9999;9999;9999;9999;9999;9999;9999;9999;9999;9999;9999;9999;9999;9999;9999;9999;9999;9999;9999;9999;9999;9999;9999;9999;9999;9999;9999;9999;9999;9999;9999;9999;9999;9999;9999;9999;9999;9999;9999;9999;9999;9999;9999;9999;9999;9999;9999;9999;9999;9999;9999;9999
2;2074;207414;4;4;0;9999;9999;0;9999;0;0;1;9999;9999;9999;9999;9999;0;0;0;9999;9999;9999;9999;9999;0;0;0;9999;1;9999;9999;0;0;9999;0;0;9999;9999;9999;0;0;9999;9999;0;0;9999;9999;0;0;9999;9999;1;9999;0;9999;0;0;9999;9999;1;1;9999;9999;9999;0;9999;9999;9999;9999;9999;9999;9999;9999;9999;9999;9999;9999;9999;9999;9999;9999;9999;9999;9999;9999;9999;9999;9999;9999;9999;9999;9999;9999;9999;9999;9999;9999;9999;9999;9999;9999;9999;9999;9999;9999;9999;9999;9999;9999;9999;9999;9999;9999;9999;9999;9999;9999;9999;9999;9999;9999;9999;9999;9999
2;2074;207415;3;3;0;1;0;9999;9999;9999;9999;9999;0;0;9999;9999;9999;9999;9999;0;0;0;0;9999;9999;0;0;9999;0;9999;0;0;0;9999;9999;9999;0;0;0;9999;9999;9999;0;0;1;9999;9999;9999;0;9999;0;0;9999;9999;0;0;9999;9999;0;9999;9999;0;0;9999;0;9999;9999;9999;9999;0;0;0;0;0;9999;9999;0;0;0;1;9999;9999;9999;9999;0;9999;9999;0;9999;0;9999;9999;9999;0;0;0;9999;9999;9999;666;0;0;9999;9999;9999;0;0;0;9999;0;9999;9999;0;0;9999;9999;0;0;9999;0;1;9999;9999;9999;0
2;2074;207416;2;2;9999;0;9999;0;0;9999;9999;0;9999;1;9999;1;0;0;9999;9999;9999;1;1;0;9999;9999;9999;0;9999;9999;1;9999;9999;0;0;0;9999;0;9999;0;9999;0;0;9999;9999;9999;0;0;9999;9999;9999;1;0;0;9999;9999;0;9999;0;1;0;9999;0;9999;9999;9999;0;9999;1;9999;9999;0;0;9999;0;9999;9999;9999;9999;0;0;0;9999;9999;9999;0;0;9999;0;0;9999;1;0;9999;9999;9999;0;9999;1;9999;0;9999;9999;0;0;0;9999;9999;0;1;1;9999;9999;9999;0;0;9999;1;9999;9999;9999;1;9999;1;0
2;2074;207418;6;6;9999;9999;1;0;9999;0;0;0;0;9999;9999;9999;9999;1;0;9999;0;9999;9999;9999;9999;0;9999;0;0;1;9999;1;9999;0;9999;1;9999;9999;0;9999;0;0;9999;0;9999;1;9999;9999;9999;1;1;9999;1;9999;9999;1;0;1;9999;9999;1;9999;9999;9999;1;0;0;0;9999;9999;0;9999;9999;9999;9999;0;0;1;9999;9999;0;9999;0;1;1;9999;1;9999;9999;9999;1;9999;0;9999;0;9999;0;1;9999;1;9999;9999;0;9999;0;9999;0;1;0;9999;9999;0;9999;1;1;9999;9999;9999;1;1;9999;1;0;9999;9999
2;2074;207420;4;9999;0;9999;9999;0;9999;0;1;1;9999;9999;9999;9999;9999;0;0;0;9999;9999;9999;9999;9999;0;1;0;9999;0;9999;9999;0;0;9999;0;0;9999;9999;9999;0;1;9999;9999;1;0;9999;9999;0;1;9999;9999;0;9999;1;9999;0;0;9999;9999;0;1;9999;9999;9999;0;9999;9999;9999;9999;9999;9999;9999;9999;9999;9999;9999;9999;9999;9999;9999;9999;9999;9999;9999;9999;9999;9999;9999;9999;9999;9999;9999;9999;9999;9999;9999;9999;9999;9999;9999;9999;9999;9999;9999;9999;9999;9999;9999;9999;9999;9999;9999;9999;9999;9999;9999;9999;9999;9999;9999;9999;9999;9999;9999
2;2074;207421;3;3;0;1;1;9999;9999;9999;9999;9999;0;0;9999;9999;9999;9999;9999;0;1;0;1;9999;9999;9999;1;9999;0;9999;1;0;1;9999;9999;9999;0;1;0;9999;9999;9999;0;1;1;9999;9999;9999;0;9999;1;1;9999;9999;1;1;9999;9999;0;9999;9999;1;0;9999;0;9999;9999;9999;9999;0;0;1;1;1;9999;9999;1;1;0;1;9999;9999;9999;9999;0;0;9999;1;9999;1;9999;9999;9999;1;1;1;9999;9999;9999;1;1;0;9999;9999;9999;1;1;1;9999;1;9999;9999;1;0;9999;9999;1;1;9999;1;1;9999;9999;9999;0
2;2074;207422;2;2;9999;0;9999;0;0;9999;9999;1;9999;0;9999;0;0;0;9999;9999;9999;1;1;0;9999;9999;9999;0;9999;9999;1;9999;9999;0;1;0;9999;0;9999;0;9999;0;0;9999;9999;9999;0;1;9999;9999;9999;0;1;0;9999;9999;1;9999;1;1;1;9999;0;9999;9999;9999;0;9999;1;9999;9999;0;0;9999;1;9999;9999;9999;9999;1;0;1;9999;9999;9999;0;1;9999;0;1;9999;1;1;9999;9999;9999;0;9999;0;9999;0;9999;9999;1;1;0;9999;9999;1;1;1;9999;9999;9999;0;0;9999;0;9999;9999;9999;1;9999;1;0
2;2074;207425;5;5;9999;0;9999;9999;0;666;0;9999;9999;0;9999;0;0;9999;0;9999;9999;0;0;0;9999;0;9999;9999;9999;0;0;9999;9999;9999;0;9999;9999;1;9999;0;666;9999;1;9999;9999;0;0;0;9999;666;9999;1;9999;0;9999;9999;9999;0;0;1;9999;9999;0;9999;9999;0;0;9999;0;0;9999;9999;9999;1;0;9999;9999;9999;0;9999;0;1;9999;9999;9999;0;0;0;0;9999;9999;0;0;0;9999;0;1;9999;0;9999;9999;0;9999;0;1;9999;9999;9999;0;9999;0;9999;1;9999;0;0;0;9999;9999;9999;0;0;9999;1;9999
2;2074;207426;4;4;1;9999;9999;0;9999;0;0;1;9999;9999;9999;9999;9999;0;0;0;9999;9999;9999;9999;9999;0;0;0;9999;0;9999;9999;1;0;9999;0;0;9999;9999;9999;0;0;9999;9999;0;0;9999;9999;0;0;9999;9999;1;9999;0;9999;0;0;9999;9999;0;1;9999;9999;9999;0;9999;0;0;9999;1;9999;9999;9999;0;0;0;0;9999;9999;9999;1;1;0;0;0;9999;9999;1;9999;1;0;9999;9999;0;9999;9999;1;0;0;9999;9999;0;0;9999;9999;0;0;9999;9999;1;0;9999;0;9999;1;9999;9999;0;1;9999;9999;0;1;9999
2;2074;207429;1;1;0;9999;0;9999;0;9999;9999;9999;0;9999;9999;0;0;9999;9999;0;1;9999;9999;0;9999;9999;1;9999;0;9999;9999;0;1;9999;0;9999;0;9999;0;1;9999;9999;9999;0;1;9999;0;0;0;9999;1;9999;9999;0;0;1;9999;9999;9999;1;9999;1;9999;9999;1;9999;9999;0;9999;0;9999;0;1;0;9999;0;9999;9999;0;0;9999;9999;1;1;9999;0;9999;0;9999;1;0;9999;9999;0;9999;0;9999;1;9999;9999;1;0;0;9999;9999;0;9999;9999;9999;1;9999;1;1;9999;9999;9999;0;0;1;9999;0;9999;0;9999;0
2;2074;207430;9999;4;9999;9999;9999;9999;9999;9999;9999;9999;9999;9999;9999;9999;9999;9999;9999;9999;9999;9999;9999;9999;9999;9999;9999;9999;9999;9999;9999;9999;9999;9999;9999;9999;9999;9999;9999;9999;9999;9999;9999;9999;9999;9999;9999;9999;9999;9999;9999;9999;9999;9999;9999;9999;9999;9999;9999;9999;9999;9999;9999;9999;9999;9999;9999;0;1;9999;0;9999;9999;9999;0;0;0;0;9999;9999;9999;0;0;1;1;0;9999;9999;0;9999;1;0;9999;9999;0;9999;9999;0;0;0;9999;9999;0;0;9999;9999;0;0;9999;9999;0;0;9999;0;9999;0;9999;9999;0;0;9999;9999;0;0;9999
2;2074;207440;9999;1;9999;9999;9999;9999;9999;9999;9999;9999;9999;9999;9999;9999;9999;9999;9999;9999;9999;9999;9999;9999;9999;9999;9999;9999;9999;9999;9999;9999;9999;9999;9999;9999;9999;9999;9999;9999;9999;9999;9999;9999;9999;9999;9999;9999;9999;9999;9999;9999;9999;9999;9999;9999;9999;9999;9999;9999;9999;9999;9999;9999;9999;9999;9999;666;9999;666;9999;666;666;666;9999;666;9999;9999;666;666;9999;9999;666;666;9999;9999;9999;666;9999;666;666;9999;9999;666;9999;1;9999;666;9999;9999;666;666;666;9999;9999;666;9999;9999;9999;666;9999;666;1;9999;9999;9999;666;666;666;9999;666;9999;666;9999;666
2;2081;208105;1;1;1;9999;1;9999;0;9999;9999;9999;0;9999;9999;1;1;9999;9999;0;1;9999;9999;1;9999;9999;1;9999;0;9999;9999;1;1;9999;1;9999;0;9999;1;1;9999;9999;9999;1;1;9999;1;1;0;9999;1;9999;9999;0;1;1;9999;9999;9999;1;9999;1;9999;9999;1;9999;9999;0;9999;0;9999;1;0;1;9999;0;9999;9999;0;1;9999;9999;1;0;9999;0;9999;0;9999;1;0;9999;9999;1;9999;1;9999;1;9999;9999;1;0;0;9999;9999;0;9999;9999;9999;1;9999;1;0;9999;9999;9999;1;0;0;9999;1;9999;0;9999;0
2;2081;208106;9999;2;9999;9999;9999;9999;9999;9999;9999;9999;9999;9999;9999;9999;9999;9999;9999;9999;9999;9999;9999;9999;9999;9999;9999;9999;9999;9999;9999;9999;9999;9999;9999;9999;9999;9999;9999;9999;9999;9999;9999;9999;9999;9999;9999;9999;9999;9999;9999;9999;9999;9999;9999;9999;9999;9999;9999;9999;9999;9999;9999;9999;9999;9999;1;9999;0;9999;9999;0;0;9999;0;9999;9999;9999;9999;0;0;0;9999;9999;9999;0;0;9999;1;1;9999;0;0;9999;9999;9999;0;9999;0;9999;0;9999;9999;0;1;0;9999;9999;0;0;0;9999;9999;9999;0;0;9999;0;9999;9999;9999;1;9999;0;0
2;2081;208107;9999;2;9999;9999;9999;9999;9999;9999;9999;9999;9999;9999;9999;9999;9999;9999;9999;9999;9999;9999;9999;9999;9999;9999;9999;9999;9999;9999;9999;9999;9999;9999;9999;9999;9999;9999;9999;9999;9999;9999;9999;9999;9999;9999;9999;9999;9999;9999;9999;9999;9999;9999;9999;9999;9999;9999;9999;9999;9999;9999;9999;9999;9999;9999;0;9999;0;9999;9999;0;0;9999;0;9999;9999;9999;9999;0;0;0;9999;9999;9999;0;1;9999;0;0;9999;0;0;9999;9999;9999;0;9999;0;9999;0;9999;9999;0;1;0;9999;9999;0;0;1;9999;9999;9999;0;0;9999;0;9999;9999;9999;0;9999;1;0
2;2081;208108;2;2;9999;0;9999;666;0;9999;9999;666;9999;0;9999;1;0;666;9999;9999;9999;0;0;0;9999;9999;9999;666;9999;9999;0;9999;9999;666;0;0;9999;0;9999;0;9999;666;0;9999;9999;9999;0;0;9999;9999;9999;1;1;0;9999;9999;666;9999;0;1;666;9999;0;9999;9999;9999;1;9999;0;9999;9999;0;0;9999;0;9999;9999;9999;9999;0;0;0;9999;9999;9999;0;1;9999;0;1;9999;1;0;9999;9999;9999;0;9999;0;9999;0;9999;9999;0;1;0;9999;9999;1;1;0;9999;9999;9999;0;1;9999;0;9999;9999;9999;1;9999;0;0
2;2081;208109;2;2;9999;0;9999;666;0;9999;9999;666;9999;0;9999;1;0;666;9999;9999;9999;0;0;0;9999;9999;9999;0;9999;9999;1;9999;9999;666;0;0;9999;0;9999;0;9999;666;0;9999;9999;9999;0;0;9999;9999;9999;0;0;0;9999;9999;0;9999;0;1;666;9999;0;9999;9999;9999;9999;9999;9999;9999;9999;9999;9999;9999;9999;9999;9999;9999;9999;9999;9999;9999;9999;9999;9999;9999;9999;9999;9999;9999;9999;9999;9999;9999;9999;9999;9999;9999;9999;9999;9999;9999;9999;9999;9999;9999;9999;9999;9999;9999;9999;9999;9999;9999;9999;9999;9999;9999;9999;9999;9999;9999;9999;9999;9999
2;2081;208110;2;2;9999;0;9999;0;0;9999;9999;0;9999;0;9999;0;1;0;9999;9999;9999;0;0;1;9999;9999;9999;0;9999;9999;0;9999;9999;0;0;0;9999;0;9999;0;9999;0;0;9999;9999;9999;0;0;9999;9999;9999;0;1;1;9999;9999;0;9999;0;1;1;9999;0;9999;9999;9999;0;9999;0;9999;9999;0;1;9999;0;9999;9999;9999;9999;1;1;0;9999;9999;9999;0;0;9999;0;0;9999;0;0;9999;9999;9999;0;9999;0;9999;0;9999;9999;0;0;0;9999;9999;0;1;1;9999;9999;9999;1;0;9999;0;9999;9999;9999;1;9999;0;0
2;2081;208111;3;3;0;0;0;9999;9999;9999;9999;9999;0;0;9999;9999;9999;9999;9999;0;0;1;1;9999;9999;9999;0;9999;0;9999;0;0;0;9999;9999;9999;0;0;0;9999;9999;9999;0;0;0;9999;9999;9999;0;9999;1;1;9999;9999;0;0;9999;9999;0;9999;9999;0;0;9999;0;9999;9999;9999;9999;0;1;1;0;0;9999;9999;1;0;0;1;9999;9999;9999;9999;0;0;9999;0;9999;0;9999;9999;9999;0;1;0;9999;9999;9999;0;0;0;9999;9999;9999;0;0;1;9999;0;9999;9999;0;1;9999;9999;0;0;9999;1;0;9999;9999;9999;0
2;2081;208112;3;3;1;0;1;9999;9999;9999;9999;9999;0;0;9999;9999;9999;9999;9999;0;0;0;1;9999;9999;9999;1;9999;0;9999;1;0;0;9999;9999;9999;1;0;0;9999;9999;9999;0;0;0;9999;9999;9999;0;9999;0;0;9999;9999;0;0;9999;9999;0;9999;9999;1;0;9999;0;9999;9999;9999;9999;0;1;1;0;0;9999;9999;1;1;0;1;9999;9999;9999;9999;0;0;9999;0;9999;1;9999;9999;9999;0;1;1;9999;9999;9999;0;0;0;9999;9999;9999;0;0;1;9999;0;9999;9999;1;0;9999;9999;1;0;9999;1;1;9999;9999;9999;0
2;2081;208113;3;3;0;0;0;9999;9999;9999;9999;9999;1;0;9999;9999;9999;9999;9999;0;0;1;1;9999;9999;9999;1;9999;0;9999;1;1;1;9999;9999;9999;0;1;1;9999;9999;9999;0;1;1;9999;9999;9999;0;9999;1;1;9999;9999;0;0;9999;9999;0;9999;9999;1;0;9999;1;9999;9999;9999;9999;0;0;1;0;0;9999;9999;1;0;0;1;9999;9999;9999;9999;0;0;9999;0;9999;0;9999;9999;9999;1;1;1;9999;9999;9999;1;1;1;9999;9999;9999;0;0;0;9999;0;9999;9999;1;1;9999;9999;1;0;9999;0;1;9999;9999;9999;0
2;2081;208114;3;3;0;1;0;9999;9999;9999;9999;9999;0;0;9999;9999;9999;9999;9999;0;0;1;0;9999;9999;9999;1;9999;0;9999;0;0;0;9999;9999;9999;0;1;0;9999;9999;9999;0;0;1;9999;9999;9999;0;9999;0;0;9999;9999;0;0;9999;9999;0;9999;9999;1;0;9999;1;9999;9999;9999;9999;0;0;0;0;1;9999;9999;0;0;0;0;9999;9999;9999;9999;0;0;9999;0;9999;0;9999;9999;9999;0;0;0;9999;9999;9999;0;1;0;9999;9999;9999;0;0;0;9999;1;9999;9999;1;1;9999;9999;0;0;9999;0;1;9999;9999;9999;0
2;2081;208115;3;3;0;0;0;9999;9999;9999;9999;9999;1;0;9999;9999;9999;9999;9999;0;1;1;0;9999;9999;9999;1;9999;0;9999;0;0;1;9999;9999;9999;0;0;0;9999;9999;9999;0;0;1;9999;9999;9999;0;9999;1;1;9999;9999;1;0;9999;9999;0;9999;9999;0;0;9999;1;9999;9999;9999;9999;0;0;0;1;1;9999;9999;1;0;1;1;9999;9999;9999;9999;0;0;9999;0;9999;1;9999;9999;9999;0;0;1;9999;9999;9999;0;1;0;9999;9999;9999;0;1;1;9999;1;9999;9999;1;0;9999;9999;0;0;9999;0;1;9999;9999;9999;0
2;2081;208116;4;4;666;9999;9999;1;9999;1;0;0;9999;9999;9999;9999;9999;0;1;666;9999;9999;9999;9999;9999;9999;1;0;9999;1;9999;9999;666;1;9999;0;0;9999;9999;9999;1;0;9999;9999;1;0;9999;9999;666;1;9999;9999;1;9999;1;9999;1;1;9999;9999;1;666;9999;9999;9999;0;9999;1;1;9999;1;9999;9999;9999;1;0;1;1;9999;9999;9999;1;1;1;1;9999;9999;9999;1;9999;1;1;9999;9999;1;9999;9999;1;1;1;9999;9999;1;1;9999;9999;0;1;9999;9999;1;0;9999;1;9999;0;9999;9999;1;1;9999;9999;1;0;9999
2;2081;208117;4;4;666;9999;9999;0;9999;1;0;1;9999;9999;9999;9999;9999;0;1;666;9999;9999;9999;9999;9999;9999;1;0;9999;1;9999;9999;666;1;9999;1;0;9999;9999;9999;0;0;9999;9999;1;0;9999;9999;666;0;9999;9999;1;9999;1;9999;1;1;9999;9999;0;666;9999;9999;9999;0;9999;0;0;9999;0;9999;9999;9999;0;0;1;0;9999;9999;9999;0;1;0;0;9999;9999;9999;0;9999;0;0;9999;9999;0;9999;9999;1;0;0;9999;9999;0;1;9999;9999;0;0;9999;9999;0;0;9999;0;9999;1;9999;9999;0;0;9999;9999;0;1;9999
2;2081;208118;4;4;666;9999;9999;0;9999;1;0;0;9999;9999;9999;9999;9999;0;1;666;9999;9999;9999;9999;9999;0;0;0;9999;1;9999;9999;666;0;9999;0;0;9999;9999;9999;0;0;9999;9999;1;0;9999;9999;666;0;9999;9999;1;9999;1;9999;0;0;9999;9999;0;666;9999;9999;9999;0;9999;1;1;9999;0;9999;9999;9999;0;0;1;0;9999;9999;9999;0;0;0;0;0;9999;9999;0;9999;0;0;9999;9999;0;9999;9999;1;0;0;9999;9999;0;0;9999;9999;0;0;9999;9999;0;0;9999;0;9999;1;9999;9999;0;0;9999;9999;0;1;9999
2;2081;208119;4;4;0;9999;9999;0;9999;0;0;1;9999;9999;9999;9999;9999;0;1;0;9999;9999;9999;9999;9999;0;1;0;9999;1;9999;9999;1;0;9999;0;1;9999;9999;9999;0;0;9999;9999;0;0;9999;9999;0;1;9999;9999;1;9999;1;9999;1;1;9999;9999;0;0;9999;9999;9999;0;9999;9999;9999;9999;9999;9999;9999;9999;9999;9999;9999;9999;9999;9999;9999;9999;9999;9999;9999;9999;9999;9999;9999;9999;9999;9999;9999;9999;9999;9999;9999;9999;9999;9999;9999;9999;9999;9999;9999;9999;9999;9999;9999;9999;9999;9999;9999;9999;9999;9999;9999;9999;9999;9999;9999;9999;9999;9999;9999
2;2081;208120;4;4;666;9999;9999;0;9999;0;0;1;9999;9999;9999;9999;9999;0;0;666;9999;9999;9999;9999;9999;0;0;0;9999;1;9999;9999;666;0;9999;0;666;9999;9999;9999;0;0;9999;9999;0;0;9999;9999;666;1;9999;9999;1;9999;0;9999;1;0;9999;9999;0;666;9999;9999;9999;0;9999;666;0;9999;0;9999;9999;9999;1;0;1;0;9999;9999;9999;1;0;0;1;9999;9999;9999;1;9999;1;0;9999;9999;0;9999;9999;1;1;0;9999;9999;0;0;9999;9999;1;0;9999;9999;0;0;9999;1;9999;0;9999;9999;1;1;9999;9999;0;1;9999
2;2081;208121;5;5;9999;0;9999;9999;0;666;666;9999;9999;0;9999;0;0;9999;666;9999;9999;0;0;0;9999;0;9999;9999;9999;1;1;9999;9999;9999;1;9999;9999;1;9999;1;666;9999;0;9999;9999;666;0;0;9999;666;9999;1;9999;0;9999;9999;9999;666;1;1;9999;9999;0;9999;9999;666;1;9999;1;0;9999;9999;9999;0;1;9999;9999;9999;0;9999;0;1;9999;9999;9999;0;1;0;1;9999;9999;0;0;0;9999;1;1;9999;0;9999;9999;0;9999;0;1;9999;9999;9999;1;9999;0;9999;1;9999;0;0;0;9999;9999;9999;0;1;9999;1;9999
2;2081;208123;5;5;9999;0;9999;9999;0;0;0;9999;9999;0;9999;1;0;9999;0;9999;9999;1;1;0;9999;0;9999;9999;9999;1;1;9999;9999;9999;0;9999;9999;1;9999;0;0;9999;0;9999;9999;0;0;0;9999;0;9999;0;9999;1;9999;9999;9999;0;0;0;9999;9999;0;9999;9999;0;0;9999;0;0;9999;9999;9999;1;0;9999;9999;9999;0;9999;0;0;9999;9999;9999;9999;1;0;1;9999;9999;1;0;0;9999;1;1;9999;0;9999;9999;1;9999;0;0;9999;9999;9999;0;9999;1;9999;1;9999;0;0;0;9999;9999;9999;1;1;9999;0;9999
2;2081;208124;5;5;9999;0;9999;9999;0;0;0;9999;9999;0;9999;0;0;9999;0;9999;9999;1;1;0;9999;0;9999;9999;9999;1;1;9999;9999;9999;0;9999;9999;1;9999;1;0;9999;0;9999;9999;0;0;0;9999;1;9999;1;9999;1;9999;9999;9999;0;0;0;9999;9999;0;9999;9999;0;666;9999;0;666;9999;9999;9999;666;1;9999;9999;9999;666;9999;666;1;9999;9999;9999;9999;1;666;1;9999;9999;0;666;666;9999;666;666;9999;0;9999;9999;666;9999;1;1;9999;9999;9999;666;9999;1;9999;666;9999;0;0;666;9999;9999;9999;666;666;9999;0;9999
2;2081;208142;9999;6;9999;9999;9999;9999;9999;9999;9999;9999;9999;9999;9999;9999;9999;9999;9999;9999;9999;9999;9999;9999;9999;9999;9999;9999;9999;9999;9999;9999;9999;9999;9999;9999;9999;9999;9999;9999;9999;9999;9999;9999;9999;9999;9999;9999;9999;9999;9999;9999;9999;9999;9999;9999;9999;9999;9999;9999;9999;9999;9999;9999;9999;9999;1;0;9999;9999;0;9999;9999;9999;9999;0;1;0;9999;9999;0;9999;1;0;0;9999;1;9999;9999;9999;0;9999;0;9999;0;9999;0;0;9999;0;9999;9999;0;9999;0;9999;0;0;0;9999;9999;0;9999;1;0;9999;9999;9999;0;1;9999;0;0;9999;9999
2;2081;208143;9999;6;9999;9999;9999;9999;9999;9999;9999;9999;9999;9999;9999;9999;9999;9999;9999;9999;9999;9999;9999;9999;9999;9999;9999;9999;9999;9999;9999;9999;9999;9999;9999;9999;9999;9999;9999;9999;9999;9999;9999;9999;9999;9999;9999;9999;9999;9999;9999;9999;9999;9999;9999;9999;9999;9999;9999;9999;9999;9999;9999;9999;9999;9999;0;0;9999;9999;0;9999;9999;9999;9999;0;0;0;9999;9999;0;9999;0;0;0;9999;0;9999;9999;9999;0;9999;0;9999;0;9999;0;0;9999;0;9999;9999;0;9999;0;9999;0;1;0;9999;9999;0;9999;0;1;9999;9999;9999;0;0;9999;0;0;9999;9999
2;2091;209101;1;1;0;9999;1;9999;0;9999;9999;9999;0;9999;9999;0;0;9999;9999;0;1;9999;9999;0;9999;0;1;9999;0;9999;9999;0;0;9999;1;9999;0;9999;1;1;9999;9999;9999;0;1;9999;0;1;0;9999;1;9999;9999;1;0;0;9999;9999;9999;1;9999;1;9999;9999;1;9999;9999;0;9999;1;9999;1;0;0;9999;1;9999;9999;0;0;9999;9999;1;1;9999;0;9999;0;9999;1;1;9999;9999;1;9999;1;9999;0;9999;9999;1;0;0;9999;9999;0;9999;9999;9999;1;9999;0;1;9999;9999;9999;1;0;1;9999;0;9999;1;9999;0
2;2091;209103;1;1;0;9999;0;9999;666;9999;9999;9999;0;9999;9999;666;666;9999;9999;0;0;9999;9999;666;9999;0;1;9999;0;9999;9999;0;0;9999;666;9999;0;9999;0;666;9999;9999;9999;0;0;9999;666;666;0;9999;1;9999;9999;666;0;666;9999;9999;9999;666;9999;0;9999;9999;1;9999;9999;0;9999;0;9999;0;0;0;9999;0;9999;9999;0;1;9999;9999;0;0;9999;0;9999;0;9999;0;0;9999;9999;1;9999;1;9999;0;9999;9999;666;0;0;9999;9999;0;9999;9999;9999;0;9999;0;1;9999;9999;9999;0;0;0;9999;1;9999;0;9999;0
2;2091;209104;1;1;0;9999;0;9999;0;9999;9999;9999;0;9999;9999;0;0;9999;9999;0;0;9999;9999;0;9999;9999;0;9999;0;9999;9999;1;0;9999;1;9999;0;9999;0;0;9999;9999;9999;1;0;9999;0;0;0;9999;0;9999;9999;0;0;1;9999;9999;9999;1;9999;0;9999;9999;1;9999;9999;0;9999;0;9999;1;1;1;9999;0;9999;9999;1;1;9999;9999;1;0;9999;0;9999;0;9999;1;1;9999;9999;1;9999;0;9999;0;9999;9999;1;0;0;9999;9999;0;9999;9999;9999;0;9999;0;1;9999;9999;9999;0;1;0;9999;1;9999;0;9999;0
2;2091;209105;3;3;0;1;1;9999;9999;9999;9999;9999;0;0;9999;9999;9999;9999;9999;0;1;1;1;9999;9999;9999;0;9999;0;9999;1;0;1;9999;9999;9999;0;0;0;9999;9999;9999;0;1;1;9999;9999;9999;0;9999;0;0;9999;9999;0;1;9999;9999;0;9999;9999;0;0;9999;1;9999;9999;9999;9999;1;0;1;1;1;9999;9999;1;0;0;0;9999;9999;9999;9999;1;9999;9999;1;9999;1;9999;9999;9999;0;0;0;9999;9999;9999;1;1;1;9999;9999;9999;0;0;1;9999;1;9999;9999;1;0;9999;9999;0;1;9999;1;1;9999;9999;9999;1
2;2091;209107;2;2;9999;1;9999;0;0;9999;9999;0;9999;1;9999;1;1;1;9999;9999;9999;1;1;1;9999;9999;9999;0;9999;9999;1;9999;9999;0;0;0;9999;1;9999;1;9999;0;0;9999;9999;9999;0;1;9999;9999;9999;0;0;1;9999;9999;0;9999;0;1;0;9999;0;9999;9999;9999;1;9999;1;9999;9999;1;1;9999;1;9999;9999;9999;9999;0;1;0;9999;9999;9999;0;1;9999;1;1;9999;0;1;9999;9999;9999;0;9999;0;9999;0;9999;9999;1;1;0;9999;9999;1;1;0;9999;9999;9999;1;0;9999;1;9999;9999;9999;1;9999;0;0
2;2091;209108;6;6;9999;9999;0;0;9999;0;0;1;0;9999;9999;9999;9999;0;0;9999;1;9999;9999;9999;9999;0;9999;1;666;1;9999;666;9999;0;9999;0;9999;9999;0;9999;0;0;9999;1;9999;1;9999;9999;9999;1;1;9999;1;9999;9999;666;1;1;9999;9999;0;9999;9999;9999;0;1;1;1;9999;9999;0;9999;9999;9999;9999;0;1;1;9999;9999;1;9999;1;0;1;9999;1;9999;9999;9999;1;9999;1;9999;0;9999;0;1;9999;1;9999;9999;1;9999;1;9999;1;1;1;9999;9999;0;9999;0;1;9999;9999;9999;1;1;9999;1;1;9999;9999
2;2091;209109;6;6;9999;9999;1;0;9999;0;0;1;0;9999;9999;9999;9999;0;1;9999;1;9999;9999;9999;9999;0;9999;1;666;1;9999;666;9999;0;9999;0;9999;9999;0;9999;0;0;9999;1;9999;0;9999;9999;9999;1;666;9999;1;9999;9999;666;1;0;9999;9999;0;9999;9999;9999;0;1;0;0;9999;9999;0;9999;9999;9999;9999;1;1;1;9999;9999;1;9999;1;0;0;9999;1;9999;9999;9999;1;9999;1;9999;0;9999;1;0;9999;1;9999;9999;1;9999;0;9999;1;0;1;9999;9999;1;9999;1;1;9999;9999;9999;1;1;9999;1;1;9999;9999
2;2091;209110;3;3;0;1;1;9999;9999;9999;9999;9999;0;0;9999;9999;9999;9999;9999;0;0;1;1;9999;9999;9999;1;9999;0;9999;1;0;0;9999;9999;9999;0;0;0;9999;9999;9999;0;0;0;9999;9999;9999;0;9999;1;0;9999;9999;0;1;9999;9999;0;9999;9999;0;0;9999;1;9999;9999;9999;9999;0;1;1;0;1;9999;9999;0;0;0;0;9999;9999;9999;9999;0;0;9999;1;9999;1;9999;9999;9999;1;0;1;9999;9999;9999;0;1;0;9999;9999;9999;1;0;0;9999;0;9999;9999;1;0;9999;9999;0;1;9999;1;0;9999;9999;9999;1
2;2091;209111;5;5;9999;0;9999;9999;0;666;0;9999;9999;0;9999;1;0;9999;666;9999;9999;1;1;1;9999;9999;9999;9999;9999;1;0;9999;9999;9999;0;9999;9999;1;9999;1;666;9999;0;9999;9999;0;0;0;9999;666;9999;1;9999;0;9999;9999;9999;0;1;0;9999;9999;0;9999;9999;1;1;9999;0;0;9999;9999;9999;1;1;9999;9999;9999;0;9999;1;1;9999;9999;9999;9999;1;0;1;9999;9999;1;1;1;9999;0;1;9999;0;9999;9999;0;9999;0;1;9999;9999;9999;0;9999;1;9999;1;9999;0;0;1;9999;9999;9999;0;1;9999;1;9999
2;2091;209113;1;1;0;9999;1;9999;0;9999;9999;9999;0;9999;9999;0;1;9999;9999;0;1;9999;9999;0;9999;9999;1;9999;0;9999;9999;0;1;9999;1;9999;0;9999;1;666;9999;9999;9999;1;1;9999;0;0;0;9999;0;9999;9999;0;0;0;9999;9999;9999;0;9999;1;9999;9999;1;9999;9999;1;9999;1;9999;1;0;1;9999;1;9999;9999;0;0;9999;9999;0;0;9999;0;9999;1;9999;1;1;9999;9999;1;9999;1;9999;1;9999;9999;1;1;1;9999;9999;0;9999;9999;9999;1;9999;1;0;9999;9999;9999;1;1;0;9999;1;9999;1;9999;0
2;2091;209115;5;5;9999;0;9999;9999;0;0;0;9999;9999;0;9999;0;0;9999;0;9999;9999;1;0;0;9999;0;9999;9999;9999;0;0;9999;9999;9999;0;9999;9999;0;9999;0;0;9999;0;9999;9999;0;0;1;9999;1;9999;0;9999;1;9999;9999;9999;0;0;0;9999;9999;0;9999;9999;0;0;9999;0;0;9999;9999;9999;0;0;9999;9999;9999;0;9999;0;1;9999;9999;9999;0;0;1;0;9999;9999;0;0;0;9999;1;0;9999;1;9999;9999;0;9999;0;0;9999;9999;9999;1;9999;1;9999;1;9999;0;0;0;9999;9999;9999;0;1;9999;1;9999
2;2091;209116;5;5;9999;0;9999;9999;0;0;0;9999;9999;0;9999;1;1;9999;1;9999;9999;1;0;0;9999;0;9999;9999;9999;0;1;9999;9999;9999;1;9999;9999;1;9999;1;0;9999;0;9999;9999;0;0;0;9999;1;9999;0;9999;0;9999;9999;9999;1;0;1;9999;9999;0;9999;9999;0;0;9999;1;1;9999;9999;9999;0;1;9999;9999;9999;0;9999;0;0;9999;9999;9999;9999;1;1;1;9999;9999;0;1;1;9999;1;1;9999;1;9999;9999;0;9999;1;1;9999;9999;9999;0;9999;1;9999;1;9999;0;0;1;9999;9999;9999;0;1;9999;0;9999
2;2091;209117;2;2;9999;0;9999;0;0;9999;9999;1;9999;0;9999;1;1;0;9999;9999;9999;1;1;0;9999;9999;9999;0;9999;9999;1;9999;9999;0;1;0;9999;0;9999;1;9999;0;0;9999;9999;9999;0;0;9999;9999;9999;0;0;1;9999;9999;0;9999;0;1;1;9999;0;9999;9999;9999;0;9999;1;9999;9999;0;1;9999;0;9999;9999;9999;9999;1;1;0;9999;9999;9999;0;1;9999;0;1;9999;0;0;9999;9999;9999;1;9999;0;9999;1;9999;9999;1;1;0;9999;9999;1;1;0;9999;9999;9999;1;0;9999;1;9999;9999;9999;1;9999;0;0
2;2091;209118;2;2;9999;1;9999;666;0;9999;9999;1;9999;1;9999;1;1;666;9999;9999;9999;0;1;0;9999;9999;9999;1;9999;9999;1;9999;9999;0;1;0;9999;1;9999;1;9999;666;0;9999;9999;9999;1;0;9999;9999;9999;0;0;0;9999;9999;0;9999;0;1;1;9999;0;9999;9999;9999;1;9999;0;9999;9999;0;0;9999;1;9999;9999;9999;9999;1;1;1;9999;9999;9999;0;1;9999;1;1;9999;0;1;9999;9999;9999;0;9999;0;9999;0;9999;9999;1;1;0;9999;9999;0;1;0;9999;9999;9999;1;0;9999;0;9999;9999;9999;1;9999;1;0
2;2091;209119;3;3;1;0;0;9999;9999;9999;9999;9999;1;0;9999;9999;9999;9999;9999;0;0;1;0;9999;9999;9999;1;9999;0;9999;1;0;1;9999;9999;9999;1;1;0;9999;9999;9999;0;1;1;9999;9999;9999;0;9999;1;0;9999;9999;0;1;9999;9999;0;9999;9999;0;0;9999;0;9999;9999;9999;9999;1;1;0;1;0;9999;9999;1;0;1;0;9999;9999;9999;9999;1;0;9999;1;9999;1;9999;9999;9999;0;0;1;9999;9999;9999;1;1;0;9999;9999;9999;0;0;1;9999;1;9999;9999;1;1;9999;9999;0;1;9999;1;1;9999;9999;9999;0
2;2091;209120;3;3;0;666;0;9999;9999;9999;9999;9999;0;1;9999;9999;9999;9999;9999;0;0;0;666;9999;9999;9999;0;9999;0;9999;666;0;1;9999;9999;9999;0;0;0;9999;9999;9999;0;1;1;9999;9999;9999;0;9999;0;0;9999;9999;0;0;9999;9999;666;9999;9999;1;1;9999;1;9999;9999;9999;9999;1;1;1;0;0;9999;9999;0;1;0;0;9999;9999;9999;9999;1;0;9999;1;9999;1;9999;9999;9999;0;0;1;9999;9999;9999;0;1;0;9999;9999;9999;0;1;1;9999;1;9999;9999;1;0;9999;9999;1;0;9999;0;0;9999;9999;9999;0
2;2091;209121;3;3;0;1;1;9999;9999;9999;9999;9999;1;0;9999;9999;9999;9999;9999;0;1;0;1;9999;9999;9999;1;9999;0;9999;0;1;0;9999;9999;9999;0;1;1;9999;9999;9999;0;1;1;9999;9999;9999;0;9999;0;1;9999;9999;0;1;9999;9999;0;9999;9999;0;0;9999;0;9999;9999;9999;9999;1;1;1;0;1;9999;9999;1;1;0;0;9999;9999;9999;9999;0;0;9999;0;9999;1;9999;9999;9999;1;0;1;9999;9999;9999;1;1;1;9999;9999;9999;0;0;0;9999;0;9999;9999;0;0;9999;9999;1;1;9999;1;1;9999;9999;9999;0
2;2101;210102;1;1;0;9999;0;9999;0;9999;9999;9999;0;9999;9999;0;0;9999;9999;0;9999;9999;9999;0;9999;9999;0;9999;0;9999;9999;0;0;9999;0;9999;0;9999;0;0;9999;9999;9999;0;0;9999;0;1;0;9999;0;9999;9999;0;0;0;9999;9999;9999;1;9999;0;9999;9999;9999;9999;9999;0;9999;0;9999;0;1;1;9999;1;9999;9999;1;0;9999;9999;0;0;9999;0;9999;0;9999;1;0;9999;9999;1;9999;1;9999;1;9999;9999;0;1;0;9999;9999;0;9999;9999;9999;0;9999;1;0;9999;9999;9999;0;0;1;9999;1;9999;0;9999;0
2;2101;210105;2;2;9999;0;9999;0;0;9999;9999;0;9999;0;9999;0;0;0;9999;9999;9999;0;0;0;9999;9999;9999;0;9999;9999;1;9999;9999;0;0;0;9999;1;9999;0;9999;0;0;9999;9999;9999;0;0;9999;9999;9999;0;1;0;9999;9999;0;9999;0;1;0;9999;0;9999;9999;9999;1;9999;1;9999;9999;0;0;9999;0;9999;9999;9999;9999;1;0;0;9999;9999;9999;0;0;9999;1;0;9999;0;0;9999;9999;9999;0;9999;0;9999;0;9999;9999;1;0;0;9999;9999;0;0;0;9999;9999;9999;0;0;9999;0;9999;9999;9999;1;9999;0;0
2;2101;210108;5;5;9999;0;9999;9999;0;0;0;9999;9999;0;9999;0;0;9999;0;9999;9999;0;0;0;9999;0;9999;9999;9999;1;1;9999;9999;9999;0;9999;9999;0;9999;0;0;9999;1;9999;9999;0;0;0;9999;0;9999;0;9999;1;9999;9999;9999;0;0;0;9999;9999;0;9999;9999;0;0;9999;1;0;9999;9999;9999;0;0;9999;9999;9999;1;9999;1;0;9999;9999;9999;9999;0;0;0;9999;9999;0;0;0;9999;0;0;9999;0;9999;9999;1;9999;0;0;9999;9999;9999;0;9999;0;9999;0;9999;0;0;0;9999;9999;9999;1;0;9999;0;9999
2;2101;210109;5;5;9999;0;9999;9999;0;666;0;9999;9999;0;9999;0;0;9999;0;9999;9999;0;0;0;9999;0;9999;9999;9999;0;1;9999;9999;9999;1;9999;9999;0;9999;0;666;9999;0;9999;9999;0;0;1;9999;666;9999;1;9999;0;9999;9999;9999;0;0;1;9999;9999;0;9999;9999;0;0;9999;1;1;9999;9999;9999;0;0;9999;9999;9999;0;9999;0;1;9999;9999;9999;9999;0;0;0;9999;9999;0;1;0;9999;1;0;9999;0;9999;9999;1;9999;0;0;9999;9999;9999;0;9999;1;9999;1;9999;1;0;0;9999;9999;9999;1;1;9999;1;9999
2;2101;210110;4;4;666;9999;9999;0;9999;0;0;0;9999;9999;9999;9999;9999;0;0;0;9999;9999;9999;9999;9999;0;0;0;9999;0;9999;9999;666;0;9999;0;0;9999;9999;9999;0;0;9999;9999;0;0;9999;9999;0;0;9999;9999;0;9999;0;9999;0;0;9999;9999;0;0;9999;9999;9999;0;9999;0;0;9999;0;9999;9999;9999;1;0;0;0;9999;9999;9999;0;1;0;0;9999;9999;9999;0;9999;0;0;9999;9999;0;9999;9999;1;0;0;9999;9999;0;0;9999;9999;0;0;9999;9999;0;1;9999;0;9999;0;9999;9999;0;0;9999;9999;0;0;9999
2;2101;210111;2;2;9999;1;9999;0;0;9999;9999;0;9999;0;9999;0;0;0;9999;9999;9999;0;0;0;9999;9999;9999;0;9999;9999;0;9999;9999;0;1;0;9999;0;9999;0;9999;1;0;9999;9999;9999;0;0;9999;9999;9999;1;0;0;9999;9999;0;9999;0;0;1;9999;0;9999;9999;9999;0;9999;1;9999;9999;0;1;9999;0;9999;9999;9999;9999;0;0;0;9999;9999;9999;0;0;9999;0;1;9999;0;0;9999;9999;9999;0;9999;0;9999;0;9999;9999;0;0;0;9999;9999;0;0;0;9999;9999;9999;0;1;9999;0;9999;9999;9999;0;9999;0;0
2;2101;210113;3;9999;0;1;1;9999;9999;9999;9999;9999;1;0;0;9999;9999;9999;9999;0;1;1;1;9999;0;9999;1;9999;0;9999;1;1;0;9999;9999;9999;0;1;0;9999;9999;9999;0;1;1;9999;9999;9999;0;9999;1;0;9999;9999;0;0;9999;9999;0;9999;9999;0;0;0;1;9999;9999;9999;9999;9999;9999;9999;9999;9999;9999;9999;9999;9999;9999;9999;9999;9999;9999;9999;9999;9999;9999;9999;9999;9999;9999;9999;9999;9999;9999;9999;9999;9999;9999;9999;9999;9999;9999;9999;9999;9999;9999;9999;9999;9999;9999;9999;9999;9999;9999;9999;9999;9999;9999;9999;9999;9999;9999;9999;9999
2;2101;210114;4;4;1;9999;9999;0;9999;0;0;1;9999;9999;9999;9999;9999;0;0;0;9999;9999;9999;9999;9999;0;0;0;9999;1;9999;9999;0;0;9999;0;0;9999;9999;9999;0;0;9999;9999;0;0;9999;9999;0;1;9999;9999;1;9999;0;9999;1;0;9999;9999;1;1;9999;9999;9999;0;9999;0;0;9999;0;9999;9999;9999;0;0;0;0;9999;9999;9999;1;1;1;0;9999;9999;9999;1;9999;0;1;9999;9999;0;9999;9999;0;1;1;9999;9999;1;1;9999;9999;1;1;9999;9999;1;1;9999;0;9999;0;9999;9999;0;1;9999;9999;0;0;9999
2;2101;210117;3;3;1;0;1;9999;9999;9999;9999;9999;0;0;9999;9999;9999;9999;9999;0;1;1;1;9999;9999;9999;1;9999;0;9999;0;0;0;9999;9999;9999;0;1;0;9999;9999;9999;0;1;1;9999;9999;9999;0;9999;1;0;9999;9999;0;0;9999;9999;0;9999;9999;1;0;9999;1;9999;9999;9999;9999;1;1;1;0;1;9999;9999;1;0;0;1;9999;9999;9999;9999;0;9999;9999;1;9999;1;9999;9999;9999;1;0;1;9999;9999;9999;1;0;1;9999;9999;9999;0;1;0;9999;1;9999;9999;1;0;9999;9999;1;1;9999;1;1;9999;9999;9999;1
2;2101;210118;4;4;1;9999;9999;0;9999;0;0;0;9999;9999;9999;9999;9999;1;0;0;9999;9999;9999;9999;9999;0;0;0;9999;0;9999;9999;0;0;9999;0;0;9999;9999;9999;0;0;9999;9999;0;0;9999;9999;0;1;9999;9999;0;9999;0;9999;0;0;9999;9999;0;0;9999;9999;9999;0;9999;1;1;9999;0;9999;9999;9999;0;0;1;0;9999;9999;9999;0;0;0;0;9999;9999;9999;0;9999;0;0;9999;9999;0;9999;9999;1;0;0;9999;9999;0;0;9999;9999;0;0;9999;9999;1;1;9999;1;9999;1;9999;9999;0;0;9999;9999;0;0;9999
2;2101;210119;4;4;0;9999;9999;0;9999;0;0;1;9999;9999;9999;9999;9999;0;1;0;9999;9999;9999;9999;9999;0;0;0;9999;0;9999;9999;0;0;9999;0;0;9999;9999;9999;0;0;9999;9999;0;0;9999;9999;0;1;9999;9999;1;9999;0;9999;1;1;9999;9999;0;1;9999;9999;9999;0;9999;0;1;9999;1;9999;9999;9999;0;0;1;0;9999;9999;9999;0;1;1;1;9999;9999;9999;1;9999;0;0;9999;9999;0;9999;9999;1;1;0;9999;9999;0;0;9999;9999;1;0;9999;9999;0;0;9999;0;9999;1;9999;9999;1;0;9999;9999;0;0;9999
2;2101;210120;6;6;9999;9999;1;0;9999;0;0;0;0;9999;9999;9999;9999;0;0;9999;0;9999;9999;9999;9999;1;9999;0;0;1;9999;0;9999;0;9999;0;9999;9999;0;9999;0;0;9999;0;9999;0;9999;9999;9999;1;0;9999;1;9999;9999;0;0;1;9999;9999;0;9999;9999;9999;0;1;666;1;9999;9999;1;9999;9999;9999;9999;0;0;0;9999;9999;0;9999;0;0;0;9999;0;9999;9999;9999;0;9999;666;9999;0;9999;0;1;9999;0;9999;9999;0;9999;0;9999;1;0;1;9999;9999;0;9999;0;0;9999;9999;9999;0;0;9999;0;0;9999;9999
2;2101;210121;6;6;9999;9999;0;0;9999;0;0;0;0;9999;9999;9999;9999;0;0;9999;0;9999;9999;9999;9999;0;9999;0;0;0;9999;0;9999;0;9999;0;9999;9999;0;9999;0;0;9999;1;9999;0;9999;9999;9999;1;1;9999;1;9999;9999;1;1;0;9999;9999;0;9999;9999;9999;1;0;0;0;9999;9999;0;9999;9999;9999;9999;0;1;0;9999;9999;0;9999;1;0;0;9999;0;9999;9999;9999;0;9999;0;9999;0;9999;0;0;9999;0;9999;9999;0;9999;0;9999;0;0;1;9999;9999;0;9999;0;1;9999;9999;9999;0;0;9999;0;1;9999;9999
2;2101;210122;1;1;0;9999;1;9999;0;9999;9999;9999;0;9999;9999;0;0;9999;9999;0;1;9999;9999;0;9999;9999;1;9999;0;9999;9999;1;0;9999;0;9999;0;9999;0;1;9999;9999;9999;1;1;9999;0;0;0;9999;1;9999;9999;0;0;1;9999;9999;9999;1;9999;1;9999;9999;1;9999;9999;1;9999;0;9999;1;1;1;9999;0;9999;9999;1;0;9999;9999;1;0;9999;9999;9999;0;9999;1;1;9999;9999;0;9999;0;9999;1;9999;9999;1;0;0;9999;9999;0;9999;9999;9999;0;9999;0;1;9999;9999;9999;1;0;0;9999;1;9999;0;9999;0
2;2101;210124;1;1;1;9999;0;9999;666;9999;9999;9999;0;9999;9999;0;666;9999;9999;0;0;9999;9999;666;9999;9999;0;9999;0;9999;9999;1;0;9999;666;9999;0;9999;0;666;9999;9999;9999;0;1;9999;0;666;0;9999;0;9999;9999;666;0;0;9999;9999;9999;0;9999;1;9999;9999;0;9999;9999;0;9999;1;9999;0;0;0;9999;0;9999;9999;0;0;9999;9999;0;1;9999;9999;9999;0;9999;1;0;9999;9999;0;9999;0;9999;0;9999;9999;1;0;0;9999;9999;0;9999;9999;9999;0;9999;0;0;9999;9999;9999;0;1;0;9999;0;9999;1;9999;0
2;2101;210125;2;2;9999;0;9999;0;0;9999;9999;0;9999;0;9999;0;0;0;9999;9999;9999;1;0;0;9999;9999;9999;0;9999;9999;0;9999;9999;0;1;0;9999;0;9999;1;9999;1;0;9999;9999;9999;0;1;9999;9999;9999;0;1;0;9999;9999;0;9999;0;0;0;9999;0;9999;9999;9999;0;9999;0;9999;9999;0;0;9999;0;9999;9999;9999;9999;0;0;1;9999;9999;9999;0;0;9999;0;1;9999;0;0;9999;9999;9999;0;9999;0;9999;0;9999;9999;0;1;1;9999;9999;1;1;1;9999;9999;9999;0;1;9999;1;9999;9999;9999;0;9999;0;0
2;2101;210126;5;5;9999;1;9999;9999;0;0;1;9999;9999;1;9999;0;0;9999;0;9999;9999;1;1;1;9999;9999;9999;9999;9999;0;1;9999;9999;9999;1;9999;9999;0;9999;1;0;9999;0;9999;9999;0;0;0;9999;0;9999;0;9999;0;9999;9999;9999;1;0;0;9999;9999;0;9999;9999;0;1;9999;1;1;9999;9999;9999;1;0;9999;9999;9999;0;9999;0;1;9999;9999;9999;9999;1;1;1;9999;9999;0;0;0;9999;0;0;9999;1;9999;9999;0;9999;0;1;9999;9999;9999;1;9999;1;9999;1;9999;0;0;1;9999;9999;9999;0;1;9999;0;9999
2;2101;210129;5;5;9999;0;9999;9999;0;666;0;9999;9999;0;9999;0;0;9999;0;9999;9999;0;0;0;9999;0;9999;9999;9999;0;0;9999;9999;9999;0;9999;9999;1;9999;0;666;9999;0;9999;9999;0;0;0;9999;666;9999;1;9999;0;9999;9999;9999;0;0;0;9999;9999;0;9999;9999;0;1;9999;1;1;9999;9999;9999;0;0;9999;9999;9999;0;9999;0;1;9999;9999;9999;0;1;0;0;9999;9999;0;0;1;9999;0;0;9999;0;9999;9999;0;9999;0;0;9999;9999;9999;0;9999;0;9999;0;9999;0;0;0;9999;9999;9999;0;0;9999;0;9999
2;2101;210130;4;4;1;9999;9999;0;9999;0;1;1;9999;9999;9999;9999;9999;0;0;0;9999;9999;9999;9999;9999;0;0;0;9999;1;9999;9999;0;0;9999;0;1;9999;9999;9999;0;0;9999;9999;1;0;9999;9999;0;0;9999;9999;0;9999;0;9999;0;1;9999;9999;1;0;9999;9999;9999;1;9999;1;0;9999;0;9999;9999;9999;1;0;1;0;9999;9999;9999;1;1;1;0;0;9999;9999;0;9999;0;0;9999;9999;1;9999;9999;0;0;1;9999;9999;0;0;9999;9999;1;0;9999;9999;1;0;9999;0;9999;1;9999;9999;0;1;9999;9999;0;1;9999
2;2101;210140;9999;3;9999;9999;9999;9999;9999;9999;9999;9999;9999;9999;9999;9999;9999;9999;9999;9999;9999;9999;9999;9999;9999;9999;9999;9999;9999;9999;9999;9999;9999;9999;9999;9999;9999;9999;9999;9999;9999;9999;9999;9999;9999;9999;9999;9999;9999;9999;9999;9999;9999;9999;9999;9999;9999;9999;9999;9999;9999;9999;9999;9999;9999;9999;9999;9999;9999;0;1;0;0;0;9999;9999;0;666;0;1;9999;9999;9999;9999;1;0;9999;0;9999;0;9999;9999;9999;0;0;0;9999;9999;9999;666;0;1;9999;9999;9999;0;0;0;9999;1;9999;9999;0;1;9999;9999;0;0;9999;1;1;9999;9999;9999;0
